enrollment_id,student_id,school_id,enrolled_at,status,fee_amount
ENR000001,STU018577,SCH069,2021-09-21 00:00:00,Enrolled,165987
ENR000002,STU015167,SCH080,2022-07-13 00:00:00,Withdrawn,108465
ENR000003,STU006035,SCH092,2023-09-16 00:00:00,Enrolled,59815
ENR000004,STU009277,SCH014,2025-07-16 00:00:00,Enrolled,46370
ENR000005,STU014541,SCH053,2025-03-23 00:00:00,Enrolled,135911
ENR000006,STU003163,SCH073,2025-11-01 00:00:00,Withdrawn,156340
ENR000007,STU023457,SCH055,2023-09-15 00:00:00,Enrolled,122930
ENR000008,STU006644,SCH092,2021-05-11 00:00:00,Enrolled,174930
ENR000009,STU011223,SCH019,2026-01-12 00:00:00,Enrolled,77632
ENR000010,STU018660,SCH081,2026-01-06 00:00:00,Enrolled,154459
ENR000011,STU022042,SCH029,2021-03-30 00:00:00,Enrolled,210165
ENR000012,STU019295,SCH080,2021-02-27 00:00:00,Enrolled,95020
ENR000013,STU003742,SCH011,2021-12-05 00:00:00,Enrolled,161277
ENR000014,STU000460,SCH001,2025-08-05 00:00:00,Enrolled,100558
ENR000015,STU023021,SCH001,2023-08-09 00:00:00,Enrolled,236966
ENR000016,STU015169,SCH001,2026-02-02 00:00:00,Enrolled,237865
ENR000017,STU000999,SCH086,2025-03-23 00:00:00,Enrolled,150858
ENR000018,STU010286,SCH052,2022-07-17 00:00:00,Enrolled,227223
ENR000019,STU003152,SCH077,2023-02-23 00:00:00,Enrolled,178769
ENR000020,STU000236,SCH049,2026-05-21 00:00:00,Enrolled,242487
ENR000021,STU012807,SCH021,2022-01-23 00:00:00,Enrolled,243739
ENR000022,STU014665,SCH030,2024-08-18 00:00:00,Enrolled,217303
ENR000023,STU006221,SCH002,2024-06-06 00:00:00,Enrolled,209188
ENR000024,STU001945,SCH072,2026-01-29 00:00:00,Enrolled,46485
ENR000025,STU016113,SCH029,2022-07-05 00:00:00,Enrolled,186708
ENR000026,STU010580,SCH026,2025-05-16 00:00:00,Enrolled,97052
ENR000027,STU005137,SCH086,2023-09-30 00:00:00,Enrolled,111942
ENR000028,STU022645,SCH008,2023-01-07 00:00:00,Enrolled,61235
ENR000029,STU013196,SCH088,2024-06-30 00:00:00,Enrolled,94746
ENR000030,STU005392,SCH073,2021-07-06 00:00:00,Enrolled,166246
ENR000031,STU024070,SCH091,2022-09-03 00:00:00,Enrolled,178688
ENR000032,STU014894,SCH018,2024-07-14 00:00:00,Enrolled,249695
ENR000033,STU015424,SCH078,2025-04-21 00:00:00,Enrolled,123211
ENR000034,STU021961,SCH084,2023-11-08 00:00:00,Enrolled,47776
ENR000035,STU003047,SCH019,2024-07-14 00:00:00,Enrolled,106976
ENR000036,STU024933,SCH018,2025-03-11 00:00:00,Enrolled,167098
ENR000037,STU003929,SCH031,2022-05-20 00:00:00,Enrolled,100742
ENR000038,STU019108,SCH039,2025-06-23 00:00:00,Enrolled,150565
ENR000039,STU007823,SCH004,2026-05-23 00:00:00,Enrolled,192944
ENR000040,STU018883,SCH062,2021-11-10 00:00:00,Withdrawn,66918
ENR000041,STU017482,SCH044,2022-11-02 00:00:00,Enrolled,88543
ENR000042,STU018830,SCH100,2021-04-01 00:00:00,Enrolled,167779
ENR000043,STU003614,SCH021,2026-06-23 00:00:00,Enrolled,139236
ENR000044,STU013551,SCH045,2024-11-12 00:00:00,Enrolled,112469
ENR000045,STU002115,SCH029,2025-09-12 00:00:00,Enrolled,143916
ENR000046,STU017478,SCH006,2021-09-25 00:00:00,Enrolled,217855
ENR000047,STU013752,SCH082,2023-03-14 00:00:00,Enrolled,224649
ENR000048,STU012658,SCH030,2024-03-15 00:00:00,Enrolled,134741
ENR000049,STU004677,SCH046,2023-01-02 00:00:00,Enrolled,198245
ENR000050,STU000172,SCH050,2024-08-02 00:00:00,Enrolled,231233
ENR000051,STU003467,SCH039,2025-02-15 00:00:00,Enrolled,112656
ENR000052,STU010672,SCH051,2024-11-25 00:00:00,Enrolled,93575
ENR000053,STU000437,SCH067,2025-07-11 00:00:00,Enrolled,115199
ENR000054,STU016495,SCH033,2025-08-03 00:00:00,Enrolled,140037
ENR000055,STU016401,SCH091,2025-08-08 00:00:00,Enrolled,65927
ENR000056,STU010135,SCH028,2021-11-07 00:00:00,Enrolled,243528
ENR000057,STU021147,SCH067,2026-01-11 00:00:00,Enrolled,95450
ENR000058,STU015797,SCH100,2022-07-05 00:00:00,Enrolled,227977
ENR000059,STU009989,SCH072,2022-10-12 00:00:00,Enrolled,242292
ENR000060,STU024833,SCH049,2023-04-29 00:00:00,Enrolled,55338
ENR000061,STU020190,SCH067,2025-06-30 00:00:00,Enrolled,90559
ENR000062,STU014991,SCH056,2024-09-20 00:00:00,Enrolled,161897
ENR000063,STU002570,SCH009,2023-03-18 00:00:00,Enrolled,102031
ENR000064,STU005717,SCH073,2024-01-27 00:00:00,Enrolled,239280
ENR000065,STU001711,SCH065,2025-02-08 00:00:00,Enrolled,208896
ENR000066,STU018547,SCH054,2022-10-02 00:00:00,Enrolled,115559
ENR000067,STU000365,SCH098,2022-05-11 00:00:00,Enrolled,209279
ENR000068,STU000752,SCH096,2022-08-18 00:00:00,Enrolled,221933
ENR000069,STU023228,SCH019,2022-09-09 00:00:00,Enrolled,217415
ENR000070,STU014322,SCH029,2025-04-18 00:00:00,Enrolled,138366
ENR000071,STU001032,SCH025,2024-04-01 00:00:00,Enrolled,90469
ENR000072,STU018250,SCH026,2021-07-22 00:00:00,Enrolled,73346
ENR000073,STU011403,SCH046,2025-12-15 00:00:00,Enrolled,170840
ENR000074,STU011647,SCH007,2021-07-12 00:00:00,Withdrawn,192163
ENR000075,STU023149,SCH038,2024-11-09 00:00:00,Enrolled,215618
ENR000076,STU004912,SCH088,2023-01-11 00:00:00,Enrolled,175410
ENR000077,STU001696,SCH053,2026-04-18 00:00:00,Enrolled,105358
ENR000078,STU008103,SCH069,2021-12-16 00:00:00,Enrolled,248649
ENR000079,STU007975,SCH053,2021-06-21 00:00:00,Enrolled,219063
ENR000080,STU009056,SCH052,2023-02-26 00:00:00,Enrolled,97006
ENR000081,STU006259,SCH073,2024-11-15 00:00:00,Enrolled,239915
ENR000082,STU018278,SCH070,2022-06-16 00:00:00,Enrolled,123901
ENR000083,STU022913,SCH006,2024-04-11 00:00:00,Enrolled,67937
ENR000084,STU023603,SCH082,2021-03-25 00:00:00,Enrolled,139137
ENR000085,STU018667,SCH042,2022-12-18 00:00:00,Enrolled,160505
ENR000086,STU012355,SCH059,2021-12-13 00:00:00,Enrolled,161363
ENR000087,STU024359,SCH047,2024-09-16 00:00:00,Enrolled,77839
ENR000088,STU016492,SCH019,2026-09-04 00:00:00,Enrolled,60964
ENR000089,STU000247,SCH086,2025-10-31 00:00:00,Enrolled,74301
ENR000090,STU021102,SCH064,2025-07-12 00:00:00,Enrolled,70032
ENR000091,STU006866,SCH028,2025-10-26 00:00:00,Enrolled,180331
ENR000092,STU011718,SCH005,2024-09-28 00:00:00,Enrolled,174864
ENR000093,STU017183,SCH011,2026-02-17 00:00:00,Enrolled,93558
ENR000094,STU003946,SCH071,2023-08-14 00:00:00,Enrolled,191629
ENR000095,STU005993,SCH013,2021-05-28 00:00:00,Enrolled,149594
ENR000096,STU005273,SCH065,2021-11-12 00:00:00,Enrolled,217909
ENR000097,STU002887,SCH016,2023-01-23 00:00:00,Enrolled,106709
ENR000098,STU000451,SCH054,2023-03-21 00:00:00,Enrolled,135517
ENR000099,STU015171,SCH032,2024-06-06 00:00:00,Enrolled,108398
ENR000100,STU016136,SCH083,2021-06-10 00:00:00,Enrolled,152431
ENR000101,STU000479,SCH028,2022-05-28 00:00:00,Enrolled,226450
ENR000102,STU003646,SCH028,2024-04-28 00:00:00,Enrolled,154716
ENR000103,STU021791,SCH039,2026-05-07 00:00:00,Enrolled,86311
ENR000104,STU013418,SCH074,2025-02-27 00:00:00,Enrolled,45262
ENR000105,STU010905,SCH024,2026-05-08 00:00:00,Enrolled,133388
ENR000106,STU009670,SCH020,2026-07-28 00:00:00,Enrolled,49218
ENR000107,STU009499,SCH005,2026-02-07 00:00:00,Enrolled,229253
ENR000108,STU019261,SCH042,2024-11-16 00:00:00,Enrolled,96736
ENR000109,STU008269,SCH010,2025-04-20 00:00:00,Enrolled,136995
ENR000110,STU015133,SCH097,2023-02-18 00:00:00,Enrolled,60576
ENR000111,STU000089,SCH074,2025-12-20 00:00:00,Enrolled,73412
ENR000112,STU016308,SCH094,2024-11-22 00:00:00,Withdrawn,209721
ENR000113,STU020887,SCH049,2021-04-29 00:00:00,Enrolled,66754
ENR000114,STU020357,SCH081,2023-01-30 00:00:00,Enrolled,54715
ENR000115,STU013498,SCH068,2024-04-12 00:00:00,Enrolled,93919
ENR000116,STU004885,SCH041,2023-03-13 00:00:00,Enrolled,59447
ENR000117,STU010479,SCH004,2021-07-07 00:00:00,Enrolled,86035
ENR000118,STU002445,SCH004,2025-01-24 00:00:00,Enrolled,163294
ENR000119,STU019630,SCH015,2022-08-15 00:00:00,Enrolled,120564
ENR000120,STU011105,SCH063,2025-07-12 00:00:00,Enrolled,234958
ENR000121,STU009967,SCH049,2021-03-09 00:00:00,Enrolled,55525
ENR000122,STU022278,SCH094,2023-04-19 00:00:00,Enrolled,119521
ENR000123,STU002290,SCH055,2023-08-22 00:00:00,Enrolled,206579
ENR000124,STU008132,SCH030,2025-01-18 00:00:00,Withdrawn,59584
ENR000125,STU024619,SCH027,2026-10-01 00:00:00,Enrolled,90927
ENR000126,STU006069,SCH075,2026-07-21 00:00:00,Enrolled,58813
ENR000127,STU019893,SCH039,2023-04-03 00:00:00,Enrolled,192348
ENR000128,STU021353,SCH083,2024-09-23 00:00:00,Enrolled,197573
ENR000129,STU011551,SCH058,2022-12-08 00:00:00,Enrolled,111724
ENR000130,STU020867,SCH073,2022-05-02 00:00:00,Enrolled,67480
ENR000131,STU000600,SCH041,2022-02-17 00:00:00,Enrolled,242157
ENR000132,STU006336,SCH041,2021-04-26 00:00:00,Enrolled,206368
ENR000133,STU024309,SCH088,2022-01-24 00:00:00,Enrolled,169365
ENR000134,STU023318,SCH026,2022-06-08 00:00:00,Enrolled,52059
ENR000135,STU011551,SCH095,2025-08-08 00:00:00,Enrolled,109446
ENR000136,STU008000,SCH036,2026-02-03 00:00:00,Enrolled,211938
ENR000137,STU013443,SCH004,2023-07-03 00:00:00,Enrolled,64282
ENR000138,STU004282,SCH047,2022-07-15 00:00:00,Enrolled,50009
ENR000139,STU008063,SCH031,2025-08-22 00:00:00,Enrolled,45562
ENR000140,STU017720,SCH089,2021-05-15 00:00:00,Enrolled,230686
ENR000141,STU002674,SCH036,2025-10-09 00:00:00,Enrolled,221552
ENR000142,STU006247,SCH010,2024-04-07 00:00:00,Enrolled,128644
ENR000143,STU009633,SCH098,2022-02-10 00:00:00,Enrolled,66013
ENR000144,STU001077,SCH053,2023-07-05 00:00:00,Enrolled,161458
ENR000145,STU018744,SCH001,2021-12-26 00:00:00,Enrolled,222825
ENR000146,STU017276,SCH014,2021-12-22 00:00:00,Enrolled,161536
ENR000147,STU021097,SCH084,2025-06-06 00:00:00,Enrolled,161807
ENR000148,STU024634,SCH095,2022-05-07 00:00:00,Enrolled,205154
ENR000149,STU002473,SCH069,2023-10-22 00:00:00,Enrolled,234602
ENR000150,STU001096,SCH091,2025-04-25 00:00:00,Enrolled,55646
ENR000151,STU006809,SCH062,2022-08-13 00:00:00,Enrolled,242957
ENR000152,STU023159,SCH020,2025-05-12 00:00:00,Enrolled,216375
ENR000153,STU014606,SCH070,2022-04-22 00:00:00,Enrolled,137928
ENR000154,STU017692,SCH053,2023-12-20 00:00:00,Enrolled,83833
ENR000155,STU005897,SCH098,2023-03-16 00:00:00,Enrolled,96025
ENR000156,STU011652,SCH081,2021-12-06 00:00:00,Enrolled,78813
ENR000157,STU004836,SCH003,2021-12-19 00:00:00,Enrolled,135384
ENR000158,STU024968,SCH020,2026-02-23 00:00:00,Enrolled,228983
ENR000159,STU022126,SCH002,2022-12-09 00:00:00,Enrolled,124607
ENR000160,STU014314,SCH098,2022-03-24 00:00:00,Enrolled,48811
ENR000161,STU023605,SCH042,2025-06-12 00:00:00,Enrolled,67768
ENR000162,STU006935,SCH036,2023-10-29 00:00:00,Enrolled,114737
ENR000163,STU008294,SCH029,2025-03-14 00:00:00,Enrolled,57150
ENR000164,STU022969,SCH100,2023-04-18 00:00:00,Enrolled,231790
ENR000165,STU000457,SCH050,2024-07-02 00:00:00,Withdrawn,101801
ENR000166,STU020657,SCH064,2022-07-10 00:00:00,Enrolled,107623
ENR000167,STU015025,SCH088,2024-05-25 00:00:00,Enrolled,149108
ENR000168,STU021444,SCH096,2026-03-17 00:00:00,Enrolled,56159
ENR000169,STU006983,SCH064,2023-02-14 00:00:00,Enrolled,227778
ENR000170,STU014736,SCH024,2023-05-08 00:00:00,Enrolled,45174
ENR000171,STU022026,SCH024,2024-10-30 00:00:00,Enrolled,60317
ENR000172,STU006657,SCH086,2026-05-01 00:00:00,Enrolled,245429
ENR000173,STU019479,SCH078,2022-05-29 00:00:00,Enrolled,160782
ENR000174,STU011480,SCH001,2024-10-23 00:00:00,Enrolled,107310
ENR000175,STU012696,SCH012,2023-09-09 00:00:00,Enrolled,47561
ENR000176,STU008490,SCH008,2021-07-15 00:00:00,Enrolled,137313
ENR000177,STU007504,SCH095,2022-07-03 00:00:00,Enrolled,131295
ENR000178,STU009258,SCH025,2021-12-01 00:00:00,Enrolled,139805
ENR000179,STU006586,SCH056,2024-09-11 00:00:00,Enrolled,103389
ENR000180,STU016466,SCH048,2021-05-11 00:00:00,Enrolled,94167
ENR000181,STU001315,SCH034,2024-08-21 00:00:00,Enrolled,220443
ENR000182,STU019138,SCH099,2024-08-06 00:00:00,Enrolled,147536
ENR000183,STU021830,SCH044,2026-05-25 00:00:00,Withdrawn,78285
ENR000184,STU021759,SCH069,2025-04-15 00:00:00,Enrolled,156898
ENR000185,STU021978,SCH083,2021-08-17 00:00:00,Withdrawn,219991
ENR000186,STU017642,SCH094,2025-11-03 00:00:00,Enrolled,98465
ENR000187,STU016039,SCH052,2026-02-13 00:00:00,Withdrawn,222652
ENR000188,STU017400,SCH099,2023-09-28 00:00:00,Enrolled,206667
ENR000189,STU012472,SCH052,2022-12-13 00:00:00,Enrolled,96348
ENR000190,STU013320,SCH047,2021-10-10 00:00:00,Enrolled,169649
ENR000191,STU009562,SCH023,2025-06-21 00:00:00,Enrolled,125618
ENR000192,STU002743,SCH042,2025-11-08 00:00:00,Enrolled,134782
ENR000193,STU017371,SCH059,2022-04-01 00:00:00,Enrolled,79970
ENR000194,STU014796,SCH095,2025-08-12 00:00:00,Enrolled,70699
ENR000195,STU022309,SCH060,2025-09-27 00:00:00,Enrolled,53849
ENR000196,STU002008,SCH052,2021-09-25 00:00:00,Enrolled,93184
ENR000197,STU022211,SCH022,2025-08-14 00:00:00,Enrolled,142311
ENR000198,STU023726,SCH074,2023-11-30 00:00:00,Withdrawn,67303
ENR000199,STU021432,SCH024,2022-11-12 00:00:00,Enrolled,56304
ENR000200,STU014064,SCH052,2023-09-19 00:00:00,Enrolled,92521
ENR000201,STU020817,SCH075,2021-03-29 00:00:00,Enrolled,106890
ENR000202,STU009778,SCH047,2021-03-18 00:00:00,Enrolled,107683
ENR000203,STU010052,SCH087,2026-01-21 00:00:00,Enrolled,62516
ENR000204,STU023507,SCH046,2026-01-02 00:00:00,Enrolled,184170
ENR000205,STU005753,SCH038,2024-01-19 00:00:00,Enrolled,126611
ENR000206,STU005204,SCH018,2024-12-19 00:00:00,Enrolled,127121
ENR000207,STU010200,SCH042,2026-04-14 00:00:00,Enrolled,76158
ENR000208,STU012308,SCH061,2026-05-11 00:00:00,Enrolled,51284
ENR000209,STU002524,SCH021,2026-06-17 00:00:00,Enrolled,133236
ENR000210,STU023067,SCH015,2024-02-04 00:00:00,Enrolled,139317
ENR000211,STU008721,SCH083,2026-07-26 00:00:00,Enrolled,113274
ENR000212,STU009479,SCH036,2024-12-27 00:00:00,Enrolled,157316
ENR000213,STU015474,SCH087,2021-04-16 00:00:00,Enrolled,106962
ENR000214,STU018316,SCH067,2026-07-02 00:00:00,Enrolled,139403
ENR000215,STU015894,SCH074,2025-10-12 00:00:00,Enrolled,196705
ENR000216,STU001249,SCH049,2022-09-20 00:00:00,Enrolled,202632
ENR000217,STU004260,SCH003,2021-04-03 00:00:00,Enrolled,105508
ENR000218,STU015586,SCH012,2022-09-22 00:00:00,Enrolled,104988
ENR000219,STU019451,SCH018,2024-10-25 00:00:00,Enrolled,246418
ENR000220,STU000675,SCH013,2021-05-17 00:00:00,Enrolled,48981
ENR000221,STU004688,SCH041,2024-07-29 00:00:00,Enrolled,125280
ENR000222,STU004552,SCH090,2024-08-16 00:00:00,Enrolled,89266
ENR000223,STU005485,SCH032,2023-08-07 00:00:00,Enrolled,221295
ENR000224,STU011616,SCH079,2021-07-24 00:00:00,Enrolled,214871
ENR000225,STU016858,SCH062,2024-07-23 00:00:00,Enrolled,116856
ENR000226,STU008411,SCH032,2021-06-21 00:00:00,Enrolled,173747
ENR000227,STU015542,SCH081,2021-09-04 00:00:00,Withdrawn,107949
ENR000228,STU024573,SCH041,2025-05-29 00:00:00,Withdrawn,111717
ENR000229,STU007457,SCH050,2024-06-07 00:00:00,Enrolled,72752
ENR000230,STU024376,SCH013,2026-06-25 00:00:00,Enrolled,245772
ENR000231,STU019587,SCH034,2025-03-17 00:00:00,Enrolled,75708
ENR000232,STU015744,SCH044,2024-04-08 00:00:00,Enrolled,54576
ENR000233,STU021732,SCH072,2024-06-27 00:00:00,Enrolled,231254
ENR000234,STU002371,SCH074,2022-06-21 00:00:00,Withdrawn,214840
ENR000235,STU008659,SCH058,2022-02-21 00:00:00,Enrolled,59281
ENR000236,STU023036,SCH089,2021-09-13 00:00:00,Enrolled,105469
ENR000237,STU006004,SCH020,2023-02-23 00:00:00,Enrolled,227730
ENR000238,STU002472,SCH061,2024-05-22 00:00:00,Enrolled,141176
ENR000239,STU024265,SCH063,2022-06-15 00:00:00,Enrolled,181828
ENR000240,STU024430,SCH080,2025-02-27 00:00:00,Enrolled,117654
ENR000241,STU008812,SCH025,2021-03-31 00:00:00,Enrolled,175373
ENR000242,STU016805,SCH030,2022-03-29 00:00:00,Enrolled,209765
ENR000243,STU024692,SCH076,2021-12-30 00:00:00,Enrolled,165897
ENR000244,STU020085,SCH016,2024-10-11 00:00:00,Enrolled,111039
ENR000245,STU001105,SCH038,2022-01-15 00:00:00,Enrolled,95476
ENR000246,STU024183,SCH055,2022-02-20 00:00:00,Enrolled,78944
ENR000247,STU024366,SCH038,2024-01-02 00:00:00,Enrolled,219232
ENR000248,STU012382,SCH074,2023-04-19 00:00:00,Enrolled,75995
ENR000249,STU018585,SCH038,2023-03-22 00:00:00,Enrolled,66975
ENR000250,STU006316,SCH094,2021-04-28 00:00:00,Enrolled,81828
ENR000251,STU023760,SCH097,2023-01-04 00:00:00,Enrolled,130118
ENR000252,STU005879,SCH072,2021-11-27 00:00:00,Enrolled,95629
ENR000253,STU020369,SCH046,2022-08-04 00:00:00,Enrolled,50425
ENR000254,STU001982,SCH037,2021-08-30 00:00:00,Enrolled,73966
ENR000255,STU006253,SCH086,2024-05-05 00:00:00,Enrolled,47537
ENR000256,STU023355,SCH070,2024-06-30 00:00:00,Enrolled,243590
ENR000257,STU012287,SCH100,2024-01-24 00:00:00,Enrolled,135972
ENR000258,STU010151,SCH055,2021-10-17 00:00:00,Enrolled,232826
ENR000259,STU019615,SCH025,2024-04-09 00:00:00,Enrolled,93695
ENR000260,STU018560,SCH081,2025-02-17 00:00:00,Enrolled,135956
ENR000261,STU002564,SCH036,2023-02-17 00:00:00,Enrolled,194752
ENR000262,STU012752,SCH082,2025-09-26 00:00:00,Enrolled,204054
ENR000263,STU000629,SCH054,2023-04-18 00:00:00,Enrolled,138609
ENR000264,STU003980,SCH049,2025-07-08 00:00:00,Enrolled,50823
ENR000265,STU016179,SCH060,2026-05-28 00:00:00,Enrolled,62914
ENR000266,STU006793,SCH057,2024-03-28 00:00:00,Enrolled,197224
ENR000267,STU001024,SCH092,2021-12-11 00:00:00,Enrolled,97408
ENR000268,STU008521,SCH068,2026-08-27 00:00:00,Enrolled,219165
ENR000269,STU008365,SCH046,2026-03-03 00:00:00,Enrolled,239175
ENR000270,STU006437,SCH085,2023-02-14 00:00:00,Enrolled,218874
ENR000271,STU016583,SCH090,2024-02-26 00:00:00,Enrolled,163192
ENR000272,STU023730,SCH057,2024-10-03 00:00:00,Enrolled,129008
ENR000273,STU015850,SCH033,2026-05-03 00:00:00,Enrolled,195933
ENR000274,STU012504,SCH048,2023-11-06 00:00:00,Enrolled,224326
ENR000275,STU018592,SCH025,2023-11-25 00:00:00,Enrolled,146760
ENR000276,STU006772,SCH093,2026-02-04 00:00:00,Enrolled,46787
ENR000277,STU022784,SCH091,2024-10-18 00:00:00,Enrolled,51267
ENR000278,STU010845,SCH022,2024-06-24 00:00:00,Enrolled,153033
ENR000279,STU009946,SCH099,2024-07-19 00:00:00,Enrolled,86719
ENR000280,STU023364,SCH041,2025-04-12 00:00:00,Enrolled,63452
ENR000281,STU015964,SCH073,2024-02-12 00:00:00,Enrolled,216881
ENR000282,STU004893,SCH047,2022-09-08 00:00:00,Enrolled,130376
ENR000283,STU003172,SCH004,2024-05-25 00:00:00,Enrolled,246538
ENR000284,STU006549,SCH092,2023-12-08 00:00:00,Enrolled,242762
ENR000285,STU005498,SCH070,2026-01-29 00:00:00,Enrolled,79262
ENR000286,STU018984,SCH067,2025-09-28 00:00:00,Enrolled,239243
ENR000287,STU013961,SCH035,2021-05-30 00:00:00,Enrolled,64648
ENR000288,STU020218,SCH018,2022-03-18 00:00:00,Enrolled,68340
ENR000289,STU019349,SCH031,2024-09-20 00:00:00,Enrolled,207069
ENR000290,STU020568,SCH046,2023-04-15 00:00:00,Enrolled,242396
ENR000291,STU007276,SCH069,2023-01-02 00:00:00,Enrolled,132361
ENR000292,STU000269,SCH016,2021-10-22 00:00:00,Enrolled,150974
ENR000293,STU004279,SCH054,2024-10-08 00:00:00,Enrolled,226650
ENR000294,STU010814,SCH004,2021-10-25 00:00:00,Withdrawn,245073
ENR000295,STU006519,SCH064,2025-08-22 00:00:00,Enrolled,59331
ENR000296,STU014547,SCH016,2024-11-01 00:00:00,Enrolled,160533
ENR000297,STU020088,SCH042,2021-04-28 00:00:00,Enrolled,184132
ENR000298,STU014056,SCH094,2026-03-06 00:00:00,Enrolled,217569
ENR000299,STU003154,SCH019,2023-05-22 00:00:00,Enrolled,57815
ENR000300,STU019064,SCH034,2023-01-08 00:00:00,Enrolled,76920
ENR000301,STU009605,SCH078,2025-04-08 00:00:00,Withdrawn,86573
ENR000302,STU016191,SCH064,2025-09-27 00:00:00,Enrolled,145923
ENR000303,STU014396,SCH094,2023-09-10 00:00:00,Enrolled,169186
ENR000304,STU022795,SCH060,2026-09-30 00:00:00,Enrolled,173625
ENR000305,STU003135,SCH037,2022-04-05 00:00:00,Enrolled,195750
ENR000306,STU018693,SCH068,2023-06-03 00:00:00,Withdrawn,105323
ENR000307,STU010763,SCH045,2024-09-27 00:00:00,Enrolled,171449
ENR000308,STU022121,SCH052,2024-05-24 00:00:00,Enrolled,167135
ENR000309,STU010533,SCH063,2021-11-22 00:00:00,Enrolled,149275
ENR000310,STU002358,SCH073,2024-07-20 00:00:00,Enrolled,105028
ENR000311,STU012513,SCH094,2021-05-21 00:00:00,Enrolled,189604
ENR000312,STU011488,SCH069,2023-11-09 00:00:00,Enrolled,142064
ENR000313,STU002443,SCH020,2025-05-08 00:00:00,Enrolled,229595
ENR000314,STU003448,SCH041,2021-12-25 00:00:00,Enrolled,180572
ENR000315,STU012758,SCH036,2023-08-14 00:00:00,Enrolled,197906
ENR000316,STU011538,SCH049,2025-08-10 00:00:00,Enrolled,82880
ENR000317,STU016054,SCH098,2026-03-22 00:00:00,Enrolled,108559
ENR000318,STU018660,SCH088,2023-06-30 00:00:00,Enrolled,244344
ENR000319,STU006256,SCH067,2023-04-19 00:00:00,Enrolled,107689
ENR000320,STU007982,SCH058,2024-03-25 00:00:00,Enrolled,100039
ENR000321,STU012777,SCH013,2023-10-19 00:00:00,Withdrawn,113455
ENR000322,STU009411,SCH010,2024-04-22 00:00:00,Enrolled,241154
ENR000323,STU019031,SCH084,2025-12-11 00:00:00,Enrolled,91373
ENR000324,STU010571,SCH049,2024-11-27 00:00:00,Enrolled,243197
ENR000325,STU019163,SCH038,2023-01-04 00:00:00,Enrolled,142882
ENR000326,STU007077,SCH053,2022-08-18 00:00:00,Enrolled,48509
ENR000327,STU018846,SCH087,2025-11-02 00:00:00,Enrolled,165631
ENR000328,STU006306,SCH042,2022-08-15 00:00:00,Enrolled,117755
ENR000329,STU022144,SCH051,2025-04-23 00:00:00,Enrolled,224097
ENR000330,STU000165,SCH057,2022-10-18 00:00:00,Enrolled,144089
ENR000331,STU019165,SCH072,2022-09-19 00:00:00,Enrolled,166731
ENR000332,STU014483,SCH005,2025-01-13 00:00:00,Enrolled,183166
ENR000333,STU005652,SCH023,2025-04-18 00:00:00,Enrolled,68470
ENR000334,STU018892,SCH057,2021-03-23 00:00:00,Enrolled,83835
ENR000335,STU002523,SCH028,2026-04-09 00:00:00,Enrolled,55843
ENR000336,STU021694,SCH004,2026-02-18 00:00:00,Enrolled,152009
ENR000337,STU006999,SCH050,2022-01-10 00:00:00,Enrolled,79002
ENR000338,STU010150,SCH055,2025-10-16 00:00:00,Enrolled,52870
ENR000339,STU017822,SCH057,2022-07-16 00:00:00,Enrolled,202913
ENR000340,STU021542,SCH033,2023-06-26 00:00:00,Enrolled,73461
ENR000341,STU007535,SCH053,2021-07-12 00:00:00,Enrolled,206804
ENR000342,STU004415,SCH043,2025-12-01 00:00:00,Enrolled,164546
ENR000343,STU006317,SCH025,2023-06-03 00:00:00,Enrolled,209198
ENR000344,STU023366,SCH047,2026-02-17 00:00:00,Enrolled,106991
ENR000345,STU016474,SCH008,2023-07-12 00:00:00,Enrolled,230278
ENR000346,STU013504,SCH005,2021-12-04 00:00:00,Enrolled,106532
ENR000347,STU009553,SCH033,2022-10-06 00:00:00,Enrolled,171296
ENR000348,STU002434,SCH007,2026-05-05 00:00:00,Enrolled,65330
ENR000349,STU005234,SCH041,2025-05-22 00:00:00,Enrolled,75957
ENR000350,STU017283,SCH004,2023-09-16 00:00:00,Enrolled,93733
ENR000351,STU004516,SCH098,2026-01-08 00:00:00,Enrolled,222902
ENR000352,STU005304,SCH083,2021-11-29 00:00:00,Enrolled,235297
ENR000353,STU014534,SCH024,2026-04-01 00:00:00,Enrolled,159557
ENR000354,STU005429,SCH086,2021-06-29 00:00:00,Enrolled,86360
ENR000355,STU024217,SCH047,2023-04-18 00:00:00,Enrolled,147523
ENR000356,STU009359,SCH046,2021-03-09 00:00:00,Enrolled,54351
ENR000357,STU008250,SCH066,2024-01-12 00:00:00,Enrolled,146197
ENR000358,STU010553,SCH016,2022-05-04 00:00:00,Enrolled,49034
ENR000359,STU013009,SCH002,2022-04-02 00:00:00,Enrolled,204881
ENR000360,STU024632,SCH062,2021-12-12 00:00:00,Enrolled,190056
ENR000361,STU015674,SCH026,2024-11-03 00:00:00,Enrolled,193956
ENR000362,STU000463,SCH019,2026-05-15 00:00:00,Enrolled,156400
ENR000363,STU004213,SCH067,2026-06-06 00:00:00,Enrolled,72460
ENR000364,STU018289,SCH034,2026-08-04 00:00:00,Enrolled,157459
ENR000365,STU019611,SCH039,2023-12-02 00:00:00,Enrolled,188111
ENR000366,STU007443,SCH092,2024-07-10 00:00:00,Enrolled,159371
ENR000367,STU003392,SCH088,2026-03-01 00:00:00,Enrolled,159157
ENR000368,STU015079,SCH015,2026-05-26 00:00:00,Enrolled,167431
ENR000369,STU003669,SCH097,2022-12-19 00:00:00,Enrolled,63005
ENR000370,STU009564,SCH091,2023-05-02 00:00:00,Withdrawn,188873
ENR000371,STU018429,SCH066,2025-08-07 00:00:00,Enrolled,76009
ENR000372,STU023148,SCH070,2025-10-15 00:00:00,Enrolled,156251
ENR000373,STU003174,SCH021,2025-05-02 00:00:00,Enrolled,106776
ENR000374,STU019083,SCH038,2026-03-13 00:00:00,Withdrawn,195931
ENR000375,STU008386,SCH040,2026-03-09 00:00:00,Enrolled,127247
ENR000376,STU000140,SCH027,2024-02-18 00:00:00,Enrolled,76975
ENR000377,STU023872,SCH006,2022-12-19 00:00:00,Enrolled,240400
ENR000378,STU017545,SCH035,2025-02-19 00:00:00,Enrolled,182480
ENR000379,STU010483,SCH040,2025-08-30 00:00:00,Enrolled,228270
ENR000380,STU007000,SCH061,2024-05-06 00:00:00,Enrolled,196819
ENR000381,STU015940,SCH084,2026-01-05 00:00:00,Enrolled,136890
ENR000382,STU023386,SCH079,2026-10-20 00:00:00,Enrolled,245317
ENR000383,STU019966,SCH023,2025-06-05 00:00:00,Enrolled,243582
ENR000384,STU006523,SCH087,2026-09-12 00:00:00,Enrolled,124404
ENR000385,STU013871,SCH075,2023-06-30 00:00:00,Enrolled,135389
ENR000386,STU014647,SCH059,2024-12-27 00:00:00,Enrolled,102252
ENR000387,STU016793,SCH086,2022-10-28 00:00:00,Enrolled,212545
ENR000388,STU006887,SCH081,2025-12-03 00:00:00,Enrolled,58913
ENR000389,STU023559,SCH023,2022-10-12 00:00:00,Enrolled,112222
ENR000390,STU004439,SCH087,2023-08-20 00:00:00,Enrolled,83463
ENR000391,STU021074,SCH054,2023-01-07 00:00:00,Withdrawn,87140
ENR000392,STU012413,SCH055,2023-06-10 00:00:00,Enrolled,145292
ENR000393,STU019500,SCH024,2022-09-28 00:00:00,Enrolled,83755
ENR000394,STU006882,SCH024,2024-02-07 00:00:00,Enrolled,160828
ENR000395,STU014575,SCH019,2023-07-10 00:00:00,Enrolled,112267
ENR000396,STU010448,SCH012,2024-04-18 00:00:00,Enrolled,93644
ENR000397,STU017271,SCH051,2021-04-25 00:00:00,Enrolled,69041
ENR000398,STU020164,SCH037,2023-05-11 00:00:00,Enrolled,190961
ENR000399,STU012176,SCH058,2026-06-28 00:00:00,Enrolled,84239
ENR000400,STU022305,SCH055,2023-09-22 00:00:00,Enrolled,240762
ENR000401,STU010254,SCH082,2023-01-30 00:00:00,Enrolled,50580
ENR000402,STU018123,SCH029,2026-02-18 00:00:00,Enrolled,244682
ENR000403,STU015168,SCH054,2025-11-07 00:00:00,Enrolled,60741
ENR000404,STU005831,SCH093,2024-06-17 00:00:00,Enrolled,142788
ENR000405,STU014455,SCH034,2024-11-03 00:00:00,Withdrawn,148331
ENR000406,STU009683,SCH042,2025-09-12 00:00:00,Enrolled,160584
ENR000407,STU004625,SCH088,2025-08-14 00:00:00,Enrolled,74539
ENR000408,STU024923,SCH022,2021-10-04 00:00:00,Enrolled,176565
ENR000409,STU003851,SCH029,2023-02-10 00:00:00,Enrolled,196857
ENR000410,STU022324,SCH087,2026-04-05 00:00:00,Withdrawn,124936
ENR000411,STU001284,SCH056,2024-03-15 00:00:00,Enrolled,106829
ENR000412,STU022450,SCH057,2026-02-13 00:00:00,Enrolled,98010
ENR000413,STU019967,SCH042,2022-06-03 00:00:00,Enrolled,185865
ENR000414,STU021129,SCH060,2024-10-09 00:00:00,Enrolled,225449
ENR000415,STU015902,SCH044,2023-05-10 00:00:00,Enrolled,175898
ENR000416,STU016443,SCH083,2024-09-11 00:00:00,Enrolled,90235
ENR000417,STU019279,SCH065,2026-05-06 00:00:00,Enrolled,186177
ENR000418,STU014686,SCH062,2026-02-13 00:00:00,Enrolled,89071
ENR000419,STU014661,SCH051,2024-10-04 00:00:00,Enrolled,79269
ENR000420,STU009065,SCH098,2022-09-19 00:00:00,Enrolled,123827
ENR000421,STU011138,SCH067,2025-12-29 00:00:00,Enrolled,46791
ENR000422,STU006763,SCH093,2026-05-13 00:00:00,Enrolled,200349
ENR000423,STU013997,SCH053,2026-09-28 00:00:00,Enrolled,83417
ENR000424,STU023291,SCH100,2025-05-12 00:00:00,Enrolled,46106
ENR000425,STU010060,SCH042,2024-10-13 00:00:00,Enrolled,204426
ENR000426,STU003638,SCH040,2022-01-21 00:00:00,Enrolled,161935
ENR000427,STU004742,SCH062,2021-09-11 00:00:00,Withdrawn,89623
ENR000428,STU003219,SCH006,2026-09-08 00:00:00,Enrolled,137417
ENR000429,STU013466,SCH006,2022-08-14 00:00:00,Enrolled,240999
ENR000430,STU022796,SCH068,2026-08-03 00:00:00,Enrolled,151837
ENR000431,STU005953,SCH022,2025-08-01 00:00:00,Enrolled,133560
ENR000432,STU009858,SCH038,2023-02-11 00:00:00,Enrolled,178548
ENR000433,STU010452,SCH084,2021-09-11 00:00:00,Enrolled,105303
ENR000434,STU023679,SCH083,2021-03-10 00:00:00,Withdrawn,201382
ENR000435,STU006264,SCH002,2021-07-31 00:00:00,Enrolled,109356
ENR000436,STU015424,SCH041,2024-12-29 00:00:00,Withdrawn,145643
ENR000437,STU021182,SCH049,2022-03-15 00:00:00,Enrolled,181779
ENR000438,STU018381,SCH072,2024-04-14 00:00:00,Enrolled,202620
ENR000439,STU018364,SCH012,2025-05-09 00:00:00,Enrolled,53127
ENR000440,STU011922,SCH080,2025-09-18 00:00:00,Enrolled,120534
ENR000441,STU005388,SCH055,2026-04-09 00:00:00,Enrolled,153853
ENR000442,STU008159,SCH063,2023-01-11 00:00:00,Withdrawn,70873
ENR000443,STU012497,SCH033,2021-06-25 00:00:00,Withdrawn,141740
ENR000444,STU004799,SCH100,2026-06-01 00:00:00,Enrolled,121715
ENR000445,STU023814,SCH087,2025-12-08 00:00:00,Enrolled,114291
ENR000446,STU017796,SCH051,2025-12-31 00:00:00,Enrolled,203679
ENR000447,STU000771,SCH036,2021-10-22 00:00:00,Enrolled,74076
ENR000448,STU002135,SCH037,2026-04-21 00:00:00,Enrolled,159007
ENR000449,STU002556,SCH036,2025-09-15 00:00:00,Enrolled,144168
ENR000450,STU023255,SCH020,2022-11-22 00:00:00,Enrolled,186153
ENR000451,STU000768,SCH052,2024-12-06 00:00:00,Enrolled,123089
ENR000452,STU017116,SCH054,2023-10-28 00:00:00,Enrolled,211326
ENR000453,STU009779,SCH013,2021-11-07 00:00:00,Enrolled,88948
ENR000454,STU006810,SCH091,2023-03-25 00:00:00,Enrolled,202907
ENR000455,STU004060,SCH063,2021-06-01 00:00:00,Enrolled,195317
ENR000456,STU021590,SCH055,2023-07-27 00:00:00,Enrolled,95835
ENR000457,STU006868,SCH007,2025-10-07 00:00:00,Enrolled,153347
ENR000458,STU015062,SCH044,2025-09-07 00:00:00,Enrolled,91270
ENR000459,STU011023,SCH005,2024-08-30 00:00:00,Enrolled,101770
ENR000460,STU001970,SCH049,2021-11-01 00:00:00,Enrolled,58720
ENR000461,STU020033,SCH061,2021-08-04 00:00:00,Enrolled,69105
ENR000462,STU018943,SCH021,2024-08-02 00:00:00,Enrolled,222177
ENR000463,STU020256,SCH099,2024-05-31 00:00:00,Enrolled,83806
ENR000464,STU024306,SCH012,2021-04-18 00:00:00,Enrolled,190845
ENR000465,STU016438,SCH059,2023-08-16 00:00:00,Enrolled,88881
ENR000466,STU010451,SCH084,2025-10-04 00:00:00,Enrolled,90312
ENR000467,STU016141,SCH028,2022-08-08 00:00:00,Enrolled,111320
ENR000468,STU021293,SCH043,2021-05-25 00:00:00,Enrolled,232145
ENR000469,STU003909,SCH021,2022-10-31 00:00:00,Enrolled,59700
ENR000470,STU007194,SCH045,2023-07-19 00:00:00,Enrolled,186710
ENR000471,STU012694,SCH028,2021-10-06 00:00:00,Withdrawn,247664
ENR000472,STU018507,SCH047,2022-01-30 00:00:00,Enrolled,173167
ENR000473,STU024226,SCH072,2022-04-06 00:00:00,Enrolled,128960
ENR000474,STU021157,SCH048,2023-06-28 00:00:00,Withdrawn,186788
ENR000475,STU015643,SCH090,2024-01-23 00:00:00,Enrolled,246783
ENR000476,STU004028,SCH017,2023-12-26 00:00:00,Enrolled,187810
ENR000477,STU003615,SCH042,2026-05-22 00:00:00,Enrolled,81890
ENR000478,STU017958,SCH067,2024-07-25 00:00:00,Enrolled,46557
ENR000479,STU009763,SCH012,2022-06-05 00:00:00,Enrolled,249240
ENR000480,STU014362,SCH029,2022-09-01 00:00:00,Enrolled,98334
ENR000481,STU014598,SCH015,2023-08-06 00:00:00,Enrolled,121060
ENR000482,STU012358,SCH033,2022-02-03 00:00:00,Enrolled,135720
ENR000483,STU020772,SCH054,2022-05-18 00:00:00,Enrolled,230350
ENR000484,STU019114,SCH021,2021-04-04 00:00:00,Enrolled,235644
ENR000485,STU020578,SCH095,2022-03-02 00:00:00,Enrolled,109746
ENR000486,STU008752,SCH067,2024-11-22 00:00:00,Enrolled,142679
ENR000487,STU001455,SCH059,2023-03-22 00:00:00,Enrolled,92441
ENR000488,STU012421,SCH019,2025-05-30 00:00:00,Enrolled,103839
ENR000489,STU021880,SCH002,2024-06-12 00:00:00,Enrolled,63160
ENR000490,STU021633,SCH034,2026-03-12 00:00:00,Enrolled,49112
ENR000491,STU009403,SCH084,2021-12-07 00:00:00,Enrolled,220538
ENR000492,STU006641,SCH025,2024-01-13 00:00:00,Enrolled,232916
ENR000493,STU003913,SCH019,2022-06-23 00:00:00,Enrolled,132566
ENR000494,STU015932,SCH086,2022-03-12 00:00:00,Enrolled,103954
ENR000495,STU000276,SCH023,2023-05-10 00:00:00,Enrolled,98727
ENR000496,STU020076,SCH081,2022-07-05 00:00:00,Enrolled,62963
ENR000497,STU000894,SCH041,2021-04-27 00:00:00,Enrolled,234367
ENR000498,STU000917,SCH017,2026-06-29 00:00:00,Enrolled,200344
ENR000499,STU005272,SCH055,2022-12-22 00:00:00,Enrolled,51253
ENR000500,STU004648,SCH067,2025-05-21 00:00:00,Enrolled,191383
ENR000501,STU015546,SCH061,2022-04-15 00:00:00,Enrolled,240411
ENR000502,STU002409,SCH085,2023-06-12 00:00:00,Enrolled,54249
ENR000503,STU005996,SCH096,2022-10-26 00:00:00,Enrolled,207839
ENR000504,STU014826,SCH028,2026-04-29 00:00:00,Enrolled,74380
ENR000505,STU012541,SCH027,2024-12-22 00:00:00,Enrolled,218908
ENR000506,STU017516,SCH094,2023-02-28 00:00:00,Enrolled,82694
ENR000507,STU004469,SCH053,2021-06-17 00:00:00,Enrolled,102033
ENR000508,STU015684,SCH036,2021-03-30 00:00:00,Enrolled,149203
ENR000509,STU021425,SCH099,2022-03-08 00:00:00,Enrolled,68459
ENR000510,STU019707,SCH053,2022-11-13 00:00:00,Enrolled,122258
ENR000511,STU009994,SCH005,2021-08-31 00:00:00,Enrolled,110778
ENR000512,STU006103,SCH022,2022-09-04 00:00:00,Enrolled,227852
ENR000513,STU020262,SCH047,2022-05-14 00:00:00,Enrolled,184969
ENR000514,STU012332,SCH021,2024-03-19 00:00:00,Withdrawn,119324
ENR000515,STU002299,SCH084,2025-02-10 00:00:00,Enrolled,184780
ENR000516,STU006423,SCH030,2026-03-28 00:00:00,Enrolled,162036
ENR000517,STU006932,SCH033,2026-06-01 00:00:00,Enrolled,208216
ENR000518,STU019934,SCH017,2026-06-14 00:00:00,Enrolled,211054
ENR000519,STU002507,SCH008,2025-03-25 00:00:00,Enrolled,67638
ENR000520,STU019605,SCH011,2022-07-22 00:00:00,Enrolled,249602
ENR000521,STU010201,SCH029,2025-08-23 00:00:00,Withdrawn,103820
ENR000522,STU000680,SCH075,2022-03-04 00:00:00,Enrolled,130029
ENR000523,STU022180,SCH012,2022-12-04 00:00:00,Enrolled,82823
ENR000524,STU001598,SCH067,2021-11-11 00:00:00,Enrolled,244985
ENR000525,STU001391,SCH006,2021-08-05 00:00:00,Enrolled,241703
ENR000526,STU000566,SCH085,2023-06-26 00:00:00,Enrolled,138775
ENR000527,STU013826,SCH091,2024-01-08 00:00:00,Enrolled,180412
ENR000528,STU007311,SCH046,2023-12-21 00:00:00,Enrolled,232904
ENR000529,STU014242,SCH011,2026-02-22 00:00:00,Enrolled,64514
ENR000530,STU022249,SCH052,2025-09-12 00:00:00,Enrolled,128419
ENR000531,STU020203,SCH019,2022-01-11 00:00:00,Enrolled,72364
ENR000532,STU018200,SCH035,2023-11-14 00:00:00,Enrolled,230460
ENR000533,STU005259,SCH019,2023-05-03 00:00:00,Withdrawn,138796
ENR000534,STU021150,SCH057,2021-03-26 00:00:00,Enrolled,217166
ENR000535,STU013373,SCH016,2023-10-22 00:00:00,Enrolled,249166
ENR000536,STU021639,SCH051,2023-12-04 00:00:00,Enrolled,222682
ENR000537,STU012437,SCH098,2022-05-20 00:00:00,Enrolled,54900
ENR000538,STU014864,SCH061,2024-08-28 00:00:00,Enrolled,187014
ENR000539,STU019239,SCH047,2023-01-11 00:00:00,Enrolled,236649
ENR000540,STU024276,SCH082,2026-08-20 00:00:00,Enrolled,159487
ENR000541,STU010722,SCH019,2022-11-10 00:00:00,Enrolled,77500
ENR000542,STU011411,SCH020,2024-05-02 00:00:00,Enrolled,233725
ENR000543,STU021287,SCH020,2023-05-04 00:00:00,Enrolled,174075
ENR000544,STU020124,SCH042,2026-05-09 00:00:00,Enrolled,112755
ENR000545,STU013854,SCH058,2024-04-26 00:00:00,Enrolled,56820
ENR000546,STU017304,SCH041,2021-07-31 00:00:00,Enrolled,243652
ENR000547,STU018333,SCH071,2025-12-08 00:00:00,Enrolled,132850
ENR000548,STU007212,SCH063,2021-08-09 00:00:00,Withdrawn,198996
ENR000549,STU011155,SCH081,2026-06-29 00:00:00,Enrolled,169983
ENR000550,STU011013,SCH059,2026-05-02 00:00:00,Enrolled,67889
ENR000551,STU008597,SCH037,2024-08-19 00:00:00,Enrolled,157271
ENR000552,STU006780,SCH050,2026-06-10 00:00:00,Withdrawn,98308
ENR000553,STU003850,SCH067,2022-03-23 00:00:00,Enrolled,53382
ENR000554,STU003020,SCH047,2023-02-09 00:00:00,Enrolled,193723
ENR000555,STU012095,SCH085,2026-05-22 00:00:00,Enrolled,81019
ENR000556,STU014204,SCH003,2021-06-01 00:00:00,Enrolled,103167
ENR000557,STU002373,SCH089,2023-12-02 00:00:00,Enrolled,51420
ENR000558,STU012684,SCH047,2025-11-10 00:00:00,Enrolled,175115
ENR000559,STU006090,SCH089,2023-10-10 00:00:00,Enrolled,73248
ENR000560,STU020349,SCH023,2023-05-15 00:00:00,Enrolled,210899
ENR000561,STU020190,SCH053,2022-06-04 00:00:00,Enrolled,181774
ENR000562,STU024882,SCH042,2022-03-10 00:00:00,Enrolled,242069
ENR000563,STU012806,SCH082,2023-09-28 00:00:00,Enrolled,139851
ENR000564,STU000444,SCH019,2024-09-01 00:00:00,Enrolled,113172
ENR000565,STU023026,SCH001,2025-01-14 00:00:00,Enrolled,75358
ENR000566,STU014192,SCH056,2023-11-20 00:00:00,Enrolled,155791
ENR000567,STU011473,SCH077,2021-10-31 00:00:00,Enrolled,236053
ENR000568,STU009816,SCH038,2023-10-04 00:00:00,Enrolled,48039
ENR000569,STU022550,SCH035,2022-10-21 00:00:00,Enrolled,129481
ENR000570,STU018958,SCH009,2025-02-22 00:00:00,Enrolled,180294
ENR000571,STU003678,SCH066,2022-09-12 00:00:00,Enrolled,170422
ENR000572,STU022322,SCH067,2025-02-10 00:00:00,Enrolled,131472
ENR000573,STU023168,SCH057,2022-12-07 00:00:00,Enrolled,119127
ENR000574,STU011476,SCH024,2022-08-11 00:00:00,Enrolled,244618
ENR000575,STU007435,SCH066,2025-07-06 00:00:00,Enrolled,76338
ENR000576,STU009091,SCH095,2023-09-18 00:00:00,Enrolled,215329
ENR000577,STU021680,SCH087,2024-12-06 00:00:00,Enrolled,190188
ENR000578,STU015327,SCH031,2024-04-10 00:00:00,Enrolled,192135
ENR000579,STU019514,SCH021,2023-02-27 00:00:00,Enrolled,178204
ENR000580,STU001082,SCH092,2024-08-05 00:00:00,Enrolled,145984
ENR000581,STU007293,SCH068,2024-11-04 00:00:00,Enrolled,236297
ENR000582,STU016685,SCH096,2026-09-25 00:00:00,Enrolled,88886
ENR000583,STU023825,SCH034,2022-11-25 00:00:00,Enrolled,89089
ENR000584,STU002245,SCH032,2026-04-28 00:00:00,Enrolled,242685
ENR000585,STU007224,SCH043,2023-02-12 00:00:00,Enrolled,179806
ENR000586,STU001703,SCH054,2022-08-18 00:00:00,Enrolled,46440
ENR000587,STU023940,SCH021,2021-06-24 00:00:00,Enrolled,237084
ENR000588,STU003534,SCH068,2022-10-20 00:00:00,Enrolled,101321
ENR000589,STU014134,SCH098,2026-04-12 00:00:00,Enrolled,164307
ENR000590,STU023215,SCH033,2024-07-07 00:00:00,Enrolled,123747
ENR000591,STU014468,SCH087,2025-08-09 00:00:00,Enrolled,207089
ENR000592,STU019858,SCH046,2024-08-05 00:00:00,Enrolled,241285
ENR000593,STU006595,SCH039,2022-04-04 00:00:00,Enrolled,148353
ENR000594,STU020390,SCH053,2022-07-30 00:00:00,Enrolled,195673
ENR000595,STU002336,SCH096,2025-12-20 00:00:00,Enrolled,244377
ENR000596,STU008791,SCH037,2026-04-20 00:00:00,Enrolled,61002
ENR000597,STU009013,SCH093,2021-12-25 00:00:00,Enrolled,134756
ENR000598,STU019658,SCH012,2021-12-22 00:00:00,Enrolled,230647
ENR000599,STU015218,SCH036,2024-12-03 00:00:00,Enrolled,173587
ENR000600,STU018562,SCH008,2025-08-30 00:00:00,Enrolled,127663
ENR000601,STU003818,SCH059,2021-08-30 00:00:00,Enrolled,205249
ENR000602,STU010435,SCH062,2021-05-09 00:00:00,Enrolled,192628
ENR000603,STU007592,SCH016,2024-10-03 00:00:00,Withdrawn,118695
ENR000604,STU013952,SCH091,2021-08-08 00:00:00,Enrolled,195608
ENR000605,STU022860,SCH016,2024-08-09 00:00:00,Enrolled,145881
ENR000606,STU003672,SCH083,2024-11-20 00:00:00,Enrolled,73789
ENR000607,STU016552,SCH010,2024-08-20 00:00:00,Enrolled,206482
ENR000608,STU016842,SCH006,2023-08-17 00:00:00,Enrolled,144160
ENR000609,STU005017,SCH080,2025-12-14 00:00:00,Enrolled,146013
ENR000610,STU021390,SCH032,2026-02-06 00:00:00,Enrolled,192833
ENR000611,STU000814,SCH028,2025-10-15 00:00:00,Enrolled,232582
ENR000612,STU000750,SCH002,2023-08-04 00:00:00,Withdrawn,62861
ENR000613,STU001968,SCH096,2023-03-23 00:00:00,Enrolled,165752
ENR000614,STU005605,SCH090,2023-02-15 00:00:00,Enrolled,187269
ENR000615,STU004928,SCH044,2026-01-30 00:00:00,Enrolled,81227
ENR000616,STU003962,SCH084,2025-06-27 00:00:00,Enrolled,101092
ENR000617,STU024055,SCH055,2024-01-27 00:00:00,Enrolled,123861
ENR000618,STU021951,SCH083,2024-05-25 00:00:00,Withdrawn,182526
ENR000619,STU011101,SCH010,2022-01-23 00:00:00,Enrolled,143119
ENR000620,STU003764,SCH020,2023-02-28 00:00:00,Enrolled,239522
ENR000621,STU015896,SCH097,2021-04-25 00:00:00,Enrolled,203303
ENR000622,STU004970,SCH073,2024-12-23 00:00:00,Enrolled,199281
ENR000623,STU024198,SCH079,2021-10-02 00:00:00,Enrolled,208737
ENR000624,STU013520,SCH067,2021-10-21 00:00:00,Enrolled,50214
ENR000625,STU017402,SCH072,2025-08-02 00:00:00,Enrolled,119604
ENR000626,STU020041,SCH024,2022-04-11 00:00:00,Enrolled,62954
ENR000627,STU019480,SCH021,2022-06-26 00:00:00,Enrolled,77011
ENR000628,STU023897,SCH057,2024-06-25 00:00:00,Enrolled,109448
ENR000629,STU005707,SCH037,2022-04-12 00:00:00,Enrolled,70489
ENR000630,STU013642,SCH046,2024-11-18 00:00:00,Enrolled,107208
ENR000631,STU005660,SCH020,2021-05-09 00:00:00,Withdrawn,70491
ENR000632,STU013839,SCH020,2025-09-09 00:00:00,Enrolled,70618
ENR000633,STU016501,SCH059,2024-10-19 00:00:00,Withdrawn,108006
ENR000634,STU022318,SCH065,2024-08-30 00:00:00,Enrolled,102153
ENR000635,STU018813,SCH001,2022-08-17 00:00:00,Enrolled,228784
ENR000636,STU021329,SCH032,2022-05-20 00:00:00,Enrolled,174535
ENR000637,STU009755,SCH097,2023-03-18 00:00:00,Enrolled,144429
ENR000638,STU017332,SCH061,2022-11-20 00:00:00,Enrolled,135015
ENR000639,STU002527,SCH097,2026-08-21 00:00:00,Enrolled,64379
ENR000640,STU017178,SCH056,2022-12-10 00:00:00,Enrolled,125856
ENR000641,STU008210,SCH005,2023-10-03 00:00:00,Enrolled,208011
ENR000642,STU005854,SCH078,2021-08-03 00:00:00,Enrolled,99182
ENR000643,STU019458,SCH021,2025-11-05 00:00:00,Enrolled,239345
ENR000644,STU014787,SCH089,2024-10-21 00:00:00,Enrolled,229759
ENR000645,STU002341,SCH072,2024-06-25 00:00:00,Enrolled,168125
ENR000646,STU008025,SCH052,2022-09-03 00:00:00,Enrolled,150714
ENR000647,STU006947,SCH012,2025-11-11 00:00:00,Enrolled,57104
ENR000648,STU002677,SCH007,2024-12-31 00:00:00,Enrolled,93324
ENR000649,STU014602,SCH027,2025-05-18 00:00:00,Enrolled,103332
ENR000650,STU016414,SCH085,2024-12-28 00:00:00,Enrolled,160660
ENR000651,STU015140,SCH049,2022-06-26 00:00:00,Withdrawn,132680
ENR000652,STU002151,SCH024,2026-01-05 00:00:00,Enrolled,193464
ENR000653,STU024579,SCH058,2023-08-07 00:00:00,Enrolled,228628
ENR000654,STU012793,SCH008,2021-06-14 00:00:00,Withdrawn,177724
ENR000655,STU024309,SCH020,2022-01-21 00:00:00,Enrolled,193296
ENR000656,STU022927,SCH081,2026-10-29 00:00:00,Enrolled,103639
ENR000657,STU008802,SCH066,2023-05-29 00:00:00,Enrolled,176573
ENR000658,STU022377,SCH036,2024-03-15 00:00:00,Enrolled,82372
ENR000659,STU010891,SCH033,2024-02-29 00:00:00,Enrolled,242156
ENR000660,STU003710,SCH098,2024-06-27 00:00:00,Enrolled,152434
ENR000661,STU003497,SCH007,2022-03-24 00:00:00,Enrolled,195543
ENR000662,STU000322,SCH074,2021-01-20 00:00:00,Enrolled,136098
ENR000663,STU014275,SCH045,2026-02-08 00:00:00,Enrolled,210144
ENR000664,STU015589,SCH087,2022-05-23 00:00:00,Enrolled,149963
ENR000665,STU000027,SCH042,2023-08-15 00:00:00,Enrolled,77497
ENR000666,STU022595,SCH005,2025-08-29 00:00:00,Enrolled,197804
ENR000667,STU012365,SCH071,2022-05-15 00:00:00,Enrolled,203991
ENR000668,STU016774,SCH001,2023-12-02 00:00:00,Enrolled,132355
ENR000669,STU001756,SCH057,2026-08-18 00:00:00,Enrolled,55726
ENR000670,STU024611,SCH077,2024-01-09 00:00:00,Enrolled,162411
ENR000671,STU021816,SCH058,2023-06-27 00:00:00,Withdrawn,165310
ENR000672,STU014462,SCH098,2022-07-05 00:00:00,Withdrawn,148891
ENR000673,STU004520,SCH053,2024-02-01 00:00:00,Withdrawn,64426
ENR000674,STU008438,SCH033,2022-08-12 00:00:00,Enrolled,223635
ENR000675,STU011995,SCH098,2021-07-23 00:00:00,Enrolled,187541
ENR000676,STU013753,SCH020,2024-09-20 00:00:00,Enrolled,160952
ENR000677,STU010511,SCH087,2023-11-24 00:00:00,Enrolled,152384
ENR000678,STU011671,SCH066,2023-10-24 00:00:00,Enrolled,244335
ENR000679,STU007865,SCH021,2025-02-13 00:00:00,Enrolled,87275
ENR000680,STU013114,SCH041,2025-04-06 00:00:00,Enrolled,196172
ENR000681,STU023086,SCH030,2023-06-05 00:00:00,Enrolled,92961
ENR000682,STU005286,SCH081,2023-02-08 00:00:00,Enrolled,190751
ENR000683,STU001390,SCH020,2025-06-29 00:00:00,Enrolled,174544
ENR000684,STU022993,SCH091,2023-08-18 00:00:00,Enrolled,126726
ENR000685,STU015893,SCH048,2022-10-21 00:00:00,Enrolled,49559
ENR000686,STU000055,SCH034,2022-09-29 00:00:00,Enrolled,212809
ENR000687,STU008612,SCH082,2026-09-03 00:00:00,Enrolled,105497
ENR000688,STU022776,SCH055,2022-01-21 00:00:00,Enrolled,52202
ENR000689,STU019860,SCH075,2021-03-28 00:00:00,Enrolled,237649
ENR000690,STU024721,SCH095,2024-11-14 00:00:00,Enrolled,90466
ENR000691,STU003047,SCH093,2024-02-11 00:00:00,Enrolled,58985
ENR000692,STU013961,SCH015,2025-10-13 00:00:00,Enrolled,147197
ENR000693,STU006038,SCH058,2026-01-17 00:00:00,Enrolled,160601
ENR000694,STU017875,SCH077,2026-08-05 00:00:00,Enrolled,152489
ENR000695,STU017441,SCH019,2024-02-01 00:00:00,Enrolled,72553
ENR000696,STU005405,SCH048,2024-06-25 00:00:00,Enrolled,238302
ENR000697,STU006951,SCH039,2026-04-05 00:00:00,Enrolled,215138
ENR000698,STU000761,SCH026,2025-04-25 00:00:00,Enrolled,169647
ENR000699,STU001465,SCH004,2022-12-15 00:00:00,Enrolled,195395
ENR000700,STU019185,SCH067,2021-11-22 00:00:00,Enrolled,193072
ENR000701,STU004983,SCH063,2024-02-06 00:00:00,Enrolled,208705
ENR000702,STU020403,SCH045,2022-07-21 00:00:00,Enrolled,210348
ENR000703,STU021695,SCH080,2025-11-29 00:00:00,Enrolled,241185
ENR000704,STU020470,SCH024,2023-09-26 00:00:00,Enrolled,71772
ENR000705,STU010587,SCH100,2021-11-27 00:00:00,Enrolled,48725
ENR000706,STU021577,SCH041,2022-02-22 00:00:00,Enrolled,129977
ENR000707,STU005624,SCH075,2023-04-13 00:00:00,Enrolled,206193
ENR000708,STU004428,SCH001,2022-08-12 00:00:00,Enrolled,210070
ENR000709,STU012614,SCH047,2026-07-28 00:00:00,Enrolled,228040
ENR000710,STU000767,SCH015,2024-09-06 00:00:00,Enrolled,74909
ENR000711,STU000594,SCH045,2025-02-04 00:00:00,Enrolled,235403
ENR000712,STU020052,SCH063,2024-08-08 00:00:00,Enrolled,125883
ENR000713,STU022000,SCH068,2022-12-17 00:00:00,Enrolled,182847
ENR000714,STU003761,SCH083,2024-04-02 00:00:00,Enrolled,157732
ENR000715,STU003203,SCH042,2025-12-20 00:00:00,Enrolled,150466
ENR000716,STU020298,SCH072,2025-12-08 00:00:00,Enrolled,123621
ENR000717,STU009674,SCH099,2023-07-23 00:00:00,Withdrawn,181273
ENR000718,STU000529,SCH016,2021-06-16 00:00:00,Enrolled,147077
ENR000719,STU014246,SCH075,2023-05-25 00:00:00,Enrolled,225024
ENR000720,STU024136,SCH075,2022-08-26 00:00:00,Enrolled,66737
ENR000721,STU003383,SCH062,2024-08-13 00:00:00,Enrolled,219181
ENR000722,STU014302,SCH087,2026-07-18 00:00:00,Enrolled,116029
ENR000723,STU022828,SCH064,2024-12-27 00:00:00,Enrolled,215813
ENR000724,STU020352,SCH068,2024-11-10 00:00:00,Enrolled,211464
ENR000725,STU012093,SCH048,2022-11-13 00:00:00,Enrolled,157792
ENR000726,STU014006,SCH080,2024-08-12 00:00:00,Enrolled,57320
ENR000727,STU023572,SCH090,2021-10-09 00:00:00,Enrolled,235811
ENR000728,STU020112,SCH073,2025-08-25 00:00:00,Enrolled,143353
ENR000729,STU001009,SCH025,2022-03-04 00:00:00,Enrolled,144810
ENR000730,STU001385,SCH077,2021-05-02 00:00:00,Enrolled,209855
ENR000731,STU021439,SCH080,2022-03-18 00:00:00,Enrolled,112413
ENR000732,STU008204,SCH094,2024-09-23 00:00:00,Enrolled,53391
ENR000733,STU000716,SCH026,2021-05-09 00:00:00,Enrolled,201073
ENR000734,STU019644,SCH044,2024-09-02 00:00:00,Withdrawn,206533
ENR000735,STU014357,SCH022,2024-05-03 00:00:00,Enrolled,176033
ENR000736,STU020457,SCH055,2022-04-05 00:00:00,Enrolled,148931
ENR000737,STU018488,SCH044,2022-10-18 00:00:00,Withdrawn,186089
ENR000738,STU016161,SCH054,2021-05-14 00:00:00,Enrolled,171295
ENR000739,STU010646,SCH090,2023-01-25 00:00:00,Enrolled,179485
ENR000740,STU008407,SCH083,2025-10-12 00:00:00,Enrolled,62437
ENR000741,STU005186,SCH054,2023-01-23 00:00:00,Withdrawn,185231
ENR000742,STU006481,SCH091,2025-07-01 00:00:00,Enrolled,98034
ENR000743,STU024185,SCH041,2025-02-28 00:00:00,Enrolled,116978
ENR000744,STU013690,SCH054,2024-12-08 00:00:00,Enrolled,85733
ENR000745,STU011245,SCH095,2021-04-22 00:00:00,Enrolled,70245
ENR000746,STU002014,SCH020,2022-12-23 00:00:00,Enrolled,63976
ENR000747,STU015227,SCH065,2022-07-06 00:00:00,Enrolled,155679
ENR000748,STU020068,SCH022,2021-07-30 00:00:00,Withdrawn,54699
ENR000749,STU010831,SCH043,2026-07-10 00:00:00,Withdrawn,57065
ENR000750,STU021251,SCH007,2026-06-25 00:00:00,Enrolled,55897
ENR000751,STU005938,SCH055,2026-01-18 00:00:00,Enrolled,85473
ENR000752,STU007910,SCH100,2022-04-07 00:00:00,Enrolled,49557
ENR000753,STU016087,SCH022,2025-02-11 00:00:00,Enrolled,73215
ENR000754,STU002913,SCH048,2025-04-15 00:00:00,Enrolled,242712
ENR000755,STU009722,SCH090,2022-04-21 00:00:00,Enrolled,202245
ENR000756,STU015345,SCH096,2025-07-02 00:00:00,Enrolled,143685
ENR000757,STU020160,SCH052,2021-09-02 00:00:00,Withdrawn,187562
ENR000758,STU006636,SCH039,2024-01-31 00:00:00,Enrolled,189662
ENR000759,STU000990,SCH008,2026-05-05 00:00:00,Enrolled,226744
ENR000760,STU012210,SCH016,2021-03-31 00:00:00,Enrolled,69040
ENR000761,STU021016,SCH003,2024-05-06 00:00:00,Enrolled,183395
ENR000762,STU014154,SCH041,2026-06-09 00:00:00,Enrolled,217367
ENR000763,STU011355,SCH045,2024-06-12 00:00:00,Enrolled,225657
ENR000764,STU010413,SCH044,2023-03-01 00:00:00,Enrolled,52351
ENR000765,STU024197,SCH039,2025-12-09 00:00:00,Enrolled,133883
ENR000766,STU014615,SCH063,2025-03-17 00:00:00,Enrolled,100302
ENR000767,STU020626,SCH076,2026-03-03 00:00:00,Enrolled,118562
ENR000768,STU015286,SCH064,2023-09-18 00:00:00,Enrolled,124640
ENR000769,STU011567,SCH004,2026-09-03 00:00:00,Enrolled,179119
ENR000770,STU020815,SCH066,2026-04-12 00:00:00,Enrolled,88603
ENR000771,STU000884,SCH012,2025-03-18 00:00:00,Enrolled,55657
ENR000772,STU001048,SCH022,2024-05-20 00:00:00,Enrolled,137279
ENR000773,STU009637,SCH058,2021-10-20 00:00:00,Enrolled,231815
ENR000774,STU016618,SCH045,2024-12-09 00:00:00,Withdrawn,113460
ENR000775,STU018841,SCH057,2021-03-03 00:00:00,Enrolled,233503
ENR000776,STU009687,SCH071,2023-05-03 00:00:00,Enrolled,182080
ENR000777,STU012802,SCH053,2026-07-07 00:00:00,Enrolled,203800
ENR000778,STU005674,SCH039,2025-03-17 00:00:00,Enrolled,106016
ENR000779,STU008002,SCH049,2021-08-23 00:00:00,Enrolled,150501
ENR000780,STU017118,SCH053,2026-04-26 00:00:00,Enrolled,102245
ENR000781,STU004364,SCH011,2023-05-23 00:00:00,Enrolled,218211
ENR000782,STU024514,SCH078,2025-09-03 00:00:00,Enrolled,205076
ENR000783,STU000899,SCH004,2022-01-29 00:00:00,Enrolled,60799
ENR000784,STU024401,SCH033,2024-09-25 00:00:00,Withdrawn,114263
ENR000785,STU023891,SCH083,2021-12-10 00:00:00,Enrolled,65222
ENR000786,STU023993,SCH096,2024-08-13 00:00:00,Enrolled,65216
ENR000787,STU006986,SCH081,2024-12-20 00:00:00,Enrolled,153098
ENR000788,STU024193,SCH099,2021-03-26 00:00:00,Enrolled,184376
ENR000789,STU020531,SCH054,2024-02-01 00:00:00,Enrolled,238773
ENR000790,STU021988,SCH043,2023-10-21 00:00:00,Enrolled,232027
ENR000791,STU019083,SCH096,2021-07-14 00:00:00,Withdrawn,206846
ENR000792,STU001439,SCH089,2022-01-11 00:00:00,Enrolled,89677
ENR000793,STU015988,SCH059,2022-11-16 00:00:00,Enrolled,216654
ENR000794,STU018135,SCH098,2021-12-17 00:00:00,Enrolled,45724
ENR000795,STU010355,SCH099,2024-11-23 00:00:00,Enrolled,87783
ENR000796,STU020053,SCH039,2021-04-23 00:00:00,Withdrawn,232700
ENR000797,STU011368,SCH084,2025-08-10 00:00:00,Enrolled,53216
ENR000798,STU010991,SCH058,2021-11-05 00:00:00,Enrolled,155067
ENR000799,STU016468,SCH034,2024-07-03 00:00:00,Enrolled,220895
ENR000800,STU019097,SCH084,2021-08-28 00:00:00,Withdrawn,109891
ENR000801,STU024207,SCH048,2026-01-10 00:00:00,Enrolled,114599
ENR000802,STU000089,SCH079,2023-10-31 00:00:00,Enrolled,95632
ENR000803,STU018290,SCH074,2021-10-28 00:00:00,Enrolled,114505
ENR000804,STU020332,SCH081,2023-06-19 00:00:00,Enrolled,235767
ENR000805,STU010279,SCH005,2026-10-02 00:00:00,Enrolled,93692
ENR000806,STU019428,SCH082,2023-05-17 00:00:00,Enrolled,175650
ENR000807,STU004159,SCH030,2024-04-09 00:00:00,Enrolled,151687
ENR000808,STU014852,SCH080,2025-08-15 00:00:00,Enrolled,243015
ENR000809,STU006661,SCH098,2022-03-30 00:00:00,Enrolled,85974
ENR000810,STU011360,SCH095,2023-08-21 00:00:00,Enrolled,146543
ENR000811,STU002207,SCH087,2025-02-25 00:00:00,Enrolled,167010
ENR000812,STU019738,SCH009,2025-11-26 00:00:00,Enrolled,134120
ENR000813,STU008293,SCH017,2026-08-06 00:00:00,Enrolled,100673
ENR000814,STU010526,SCH040,2021-07-05 00:00:00,Enrolled,115469
ENR000815,STU004192,SCH056,2022-03-11 00:00:00,Enrolled,106527
ENR000816,STU007180,SCH079,2023-06-03 00:00:00,Enrolled,216252
ENR000817,STU003000,SCH052,2022-11-03 00:00:00,Enrolled,171011
ENR000818,STU023465,SCH035,2023-11-12 00:00:00,Enrolled,163489
ENR000819,STU004023,SCH018,2024-06-25 00:00:00,Enrolled,218731
ENR000820,STU017236,SCH091,2023-11-19 00:00:00,Enrolled,146347
ENR000821,STU003062,SCH078,2026-08-20 00:00:00,Enrolled,240446
ENR000822,STU013088,SCH078,2021-10-16 00:00:00,Enrolled,184296
ENR000823,STU023630,SCH021,2022-04-16 00:00:00,Enrolled,147328
ENR000824,STU024322,SCH099,2022-07-05 00:00:00,Enrolled,207814
ENR000825,STU001767,SCH086,2021-04-13 00:00:00,Enrolled,168874
ENR000826,STU015367,SCH010,2025-02-07 00:00:00,Enrolled,121466
ENR000827,STU009049,SCH092,2024-05-21 00:00:00,Withdrawn,225474
ENR000828,STU000492,SCH099,2022-12-11 00:00:00,Enrolled,180255
ENR000829,STU006698,SCH093,2025-03-01 00:00:00,Enrolled,175497
ENR000830,STU018723,SCH034,2025-02-21 00:00:00,Withdrawn,88538
ENR000831,STU013477,SCH075,2025-03-11 00:00:00,Enrolled,78128
ENR000832,STU001100,SCH020,2024-07-29 00:00:00,Enrolled,247984
ENR000833,STU004233,SCH017,2022-09-11 00:00:00,Enrolled,180560
ENR000834,STU022133,SCH063,2022-04-07 00:00:00,Enrolled,143522
ENR000835,STU020891,SCH015,2025-10-30 00:00:00,Enrolled,78056
ENR000836,STU009313,SCH043,2022-06-27 00:00:00,Enrolled,91925
ENR000837,STU002856,SCH065,2023-08-02 00:00:00,Enrolled,54990
ENR000838,STU012833,SCH091,2025-03-12 00:00:00,Enrolled,126808
ENR000839,STU005885,SCH033,2022-09-29 00:00:00,Withdrawn,176843
ENR000840,STU008151,SCH028,2023-05-31 00:00:00,Enrolled,96689
ENR000841,STU003777,SCH042,2022-12-01 00:00:00,Enrolled,217600
ENR000842,STU024168,SCH091,2024-04-23 00:00:00,Enrolled,229817
ENR000843,STU001687,SCH088,2022-11-18 00:00:00,Enrolled,117411
ENR000844,STU024661,SCH009,2023-12-22 00:00:00,Enrolled,245384
ENR000845,STU023467,SCH071,2022-03-12 00:00:00,Enrolled,75033
ENR000846,STU019799,SCH002,2023-12-05 00:00:00,Enrolled,132575
ENR000847,STU017584,SCH045,2026-05-16 00:00:00,Enrolled,157089
ENR000848,STU012728,SCH080,2025-11-04 00:00:00,Enrolled,202600
ENR000849,STU020389,SCH071,2025-05-18 00:00:00,Withdrawn,121386
ENR000850,STU008183,SCH065,2025-04-16 00:00:00,Enrolled,175438
ENR000851,STU001788,SCH100,2021-10-13 00:00:00,Enrolled,146122
ENR000852,STU015428,SCH051,2025-07-02 00:00:00,Enrolled,117377
ENR000853,STU004000,SCH012,2021-08-27 00:00:00,Withdrawn,244313
ENR000854,STU002606,SCH003,2021-09-14 00:00:00,Enrolled,86234
ENR000855,STU013059,SCH058,2022-01-31 00:00:00,Enrolled,154387
ENR000856,STU006395,SCH049,2024-06-22 00:00:00,Enrolled,227183
ENR000857,STU016192,SCH100,2021-03-25 00:00:00,Withdrawn,118549
ENR000858,STU005278,SCH049,2025-07-28 00:00:00,Enrolled,154480
ENR000859,STU024847,SCH027,2024-03-09 00:00:00,Enrolled,149271
ENR000860,STU020559,SCH096,2024-03-20 00:00:00,Enrolled,126661
ENR000861,STU003905,SCH095,2021-11-25 00:00:00,Enrolled,128126
ENR000862,STU021402,SCH024,2021-07-10 00:00:00,Enrolled,231386
ENR000863,STU014601,SCH069,2021-03-06 00:00:00,Enrolled,101259
ENR000864,STU003297,SCH042,2025-06-29 00:00:00,Enrolled,121990
ENR000865,STU005549,SCH085,2025-04-09 00:00:00,Enrolled,164063
ENR000866,STU013536,SCH083,2023-05-13 00:00:00,Enrolled,240511
ENR000867,STU004952,SCH074,2024-10-08 00:00:00,Enrolled,246631
ENR000868,STU019747,SCH071,2021-07-30 00:00:00,Enrolled,248221
ENR000869,STU005975,SCH100,2021-08-06 00:00:00,Enrolled,177231
ENR000870,STU018636,SCH091,2023-06-10 00:00:00,Enrolled,192198
ENR000871,STU016468,SCH091,2026-02-28 00:00:00,Enrolled,117894
ENR000872,STU006931,SCH037,2026-04-14 00:00:00,Enrolled,139499
ENR000873,STU004191,SCH091,2024-11-19 00:00:00,Enrolled,179689
ENR000874,STU009609,SCH069,2021-07-17 00:00:00,Enrolled,78404
ENR000875,STU021297,SCH086,2024-05-11 00:00:00,Enrolled,231211
ENR000876,STU005060,SCH003,2025-12-09 00:00:00,Enrolled,76601
ENR000877,STU020223,SCH011,2025-06-19 00:00:00,Enrolled,215233
ENR000878,STU002022,SCH014,2024-10-18 00:00:00,Enrolled,170127
ENR000879,STU024339,SCH041,2026-02-20 00:00:00,Enrolled,203878
ENR000880,STU005625,SCH024,2025-03-29 00:00:00,Enrolled,141565
ENR000881,STU005114,SCH026,2026-04-06 00:00:00,Enrolled,134544
ENR000882,STU016188,SCH035,2025-06-29 00:00:00,Enrolled,90905
ENR000883,STU017035,SCH040,2026-08-01 00:00:00,Enrolled,162159
ENR000884,STU001628,SCH021,2023-09-23 00:00:00,Enrolled,55814
ENR000885,STU023950,SCH049,2022-08-04 00:00:00,Withdrawn,99325
ENR000886,STU013196,SCH024,2022-03-06 00:00:00,Enrolled,108967
ENR000887,STU008376,SCH004,2025-01-12 00:00:00,Enrolled,210645
ENR000888,STU024518,SCH031,2022-09-06 00:00:00,Withdrawn,163425
ENR000889,STU006423,SCH100,2024-03-31 00:00:00,Enrolled,157831
ENR000890,STU013376,SCH028,2024-05-13 00:00:00,Enrolled,53704
ENR000891,STU014351,SCH076,2025-01-12 00:00:00,Enrolled,231741
ENR000892,STU016364,SCH035,2022-03-08 00:00:00,Enrolled,142479
ENR000893,STU014478,SCH041,2025-12-14 00:00:00,Enrolled,245224
ENR000894,STU017211,SCH041,2023-11-06 00:00:00,Enrolled,181820
ENR000895,STU011571,SCH031,2024-02-21 00:00:00,Enrolled,246129
ENR000896,STU015519,SCH051,2026-04-05 00:00:00,Enrolled,164522
ENR000897,STU021189,SCH050,2024-12-01 00:00:00,Enrolled,135072
ENR000898,STU011726,SCH062,2021-04-15 00:00:00,Enrolled,108926
ENR000899,STU011843,SCH072,2025-08-12 00:00:00,Enrolled,194552
ENR000900,STU019515,SCH084,2023-05-28 00:00:00,Enrolled,163063
ENR000901,STU007147,SCH089,2021-05-09 00:00:00,Enrolled,132912
ENR000902,STU001109,SCH069,2022-08-18 00:00:00,Enrolled,51103
ENR000903,STU015528,SCH083,2026-07-31 00:00:00,Enrolled,210961
ENR000904,STU010061,SCH059,2021-12-21 00:00:00,Enrolled,100645
ENR000905,STU006650,SCH091,2022-07-03 00:00:00,Enrolled,196658
ENR000906,STU010953,SCH062,2022-12-30 00:00:00,Enrolled,129175
ENR000907,STU003839,SCH091,2023-07-05 00:00:00,Enrolled,118761
ENR000908,STU000782,SCH084,2023-05-17 00:00:00,Enrolled,186000
ENR000909,STU002060,SCH091,2023-07-21 00:00:00,Enrolled,245108
ENR000910,STU013999,SCH019,2023-06-04 00:00:00,Enrolled,233286
ENR000911,STU009048,SCH017,2023-09-21 00:00:00,Enrolled,70626
ENR000912,STU010034,SCH068,2023-08-14 00:00:00,Enrolled,248015
ENR000913,STU016270,SCH001,2021-12-08 00:00:00,Enrolled,125811
ENR000914,STU023281,SCH026,2023-06-22 00:00:00,Withdrawn,222261
ENR000915,STU011500,SCH080,2022-09-20 00:00:00,Enrolled,104318
ENR000916,STU016355,SCH037,2023-09-18 00:00:00,Enrolled,61209
ENR000917,STU015808,SCH074,2021-05-19 00:00:00,Enrolled,130383
ENR000918,STU010966,SCH016,2021-04-27 00:00:00,Enrolled,114378
ENR000919,STU006375,SCH038,2021-02-25 00:00:00,Enrolled,65881
ENR000920,STU012738,SCH020,2023-09-17 00:00:00,Enrolled,162827
ENR000921,STU006610,SCH021,2021-06-06 00:00:00,Enrolled,124081
ENR000922,STU022852,SCH024,2025-08-29 00:00:00,Enrolled,76764
ENR000923,STU024808,SCH006,2022-07-02 00:00:00,Enrolled,184278
ENR000924,STU016430,SCH062,2023-04-01 00:00:00,Enrolled,102976
ENR000925,STU002319,SCH091,2026-02-09 00:00:00,Enrolled,183792
ENR000926,STU009150,SCH098,2025-10-16 00:00:00,Enrolled,244780
ENR000927,STU017440,SCH074,2021-07-14 00:00:00,Enrolled,177290
ENR000928,STU003518,SCH022,2026-06-04 00:00:00,Enrolled,50041
ENR000929,STU017717,SCH080,2025-12-25 00:00:00,Enrolled,228424
ENR000930,STU014079,SCH054,2023-10-30 00:00:00,Enrolled,109139
ENR000931,STU006096,SCH091,2022-09-25 00:00:00,Enrolled,183165
ENR000932,STU015345,SCH042,2021-07-19 00:00:00,Enrolled,132244
ENR000933,STU021958,SCH059,2022-03-30 00:00:00,Enrolled,227778
ENR000934,STU022032,SCH007,2021-09-22 00:00:00,Enrolled,105380
ENR000935,STU016617,SCH083,2026-02-23 00:00:00,Enrolled,239147
ENR000936,STU001066,SCH047,2025-12-28 00:00:00,Enrolled,236106
ENR000937,STU002799,SCH027,2023-04-10 00:00:00,Enrolled,135023
ENR000938,STU019551,SCH085,2022-04-11 00:00:00,Enrolled,153564
ENR000939,STU000082,SCH064,2025-05-12 00:00:00,Enrolled,112237
ENR000940,STU014379,SCH001,2021-11-23 00:00:00,Enrolled,178006
ENR000941,STU014618,SCH037,2025-09-26 00:00:00,Enrolled,208135
ENR000942,STU001882,SCH014,2025-08-22 00:00:00,Enrolled,186018
ENR000943,STU003622,SCH050,2021-05-13 00:00:00,Enrolled,199650
ENR000944,STU003224,SCH054,2026-06-17 00:00:00,Enrolled,100629
ENR000945,STU007235,SCH018,2023-11-23 00:00:00,Enrolled,203310
ENR000946,STU024490,SCH037,2021-09-24 00:00:00,Enrolled,114468
ENR000947,STU022320,SCH086,2024-08-20 00:00:00,Enrolled,240398
ENR000948,STU020085,SCH025,2025-05-21 00:00:00,Enrolled,90378
ENR000949,STU017534,SCH060,2025-12-29 00:00:00,Enrolled,49958
ENR000950,STU022364,SCH064,2022-09-05 00:00:00,Enrolled,115259
ENR000951,STU008895,SCH032,2022-07-21 00:00:00,Enrolled,145513
ENR000952,STU011469,SCH094,2021-11-17 00:00:00,Enrolled,198158
ENR000953,STU006754,SCH051,2024-07-23 00:00:00,Enrolled,197166
ENR000954,STU022340,SCH057,2021-12-17 00:00:00,Enrolled,77766
ENR000955,STU004483,SCH027,2024-06-02 00:00:00,Enrolled,103702
ENR000956,STU017165,SCH038,2023-06-10 00:00:00,Enrolled,247887
ENR000957,STU010004,SCH049,2023-08-21 00:00:00,Enrolled,58198
ENR000958,STU013187,SCH045,2026-05-11 00:00:00,Enrolled,136778
ENR000959,STU007479,SCH066,2021-09-16 00:00:00,Enrolled,164730
ENR000960,STU021952,SCH100,2021-08-02 00:00:00,Withdrawn,59834
ENR000961,STU003895,SCH081,2025-04-22 00:00:00,Enrolled,61645
ENR000962,STU021715,SCH051,2024-03-27 00:00:00,Enrolled,214977
ENR000963,STU018947,SCH019,2026-04-11 00:00:00,Enrolled,104381
ENR000964,STU004790,SCH044,2025-10-11 00:00:00,Enrolled,230165
ENR000965,STU000125,SCH035,2021-04-10 00:00:00,Enrolled,55023
ENR000966,STU018536,SCH047,2025-02-02 00:00:00,Enrolled,205375
ENR000967,STU004027,SCH029,2026-05-28 00:00:00,Enrolled,225236
ENR000968,STU022893,SCH040,2025-06-04 00:00:00,Enrolled,77332
ENR000969,STU013408,SCH064,2021-10-17 00:00:00,Enrolled,55118
ENR000970,STU002898,SCH018,2024-06-21 00:00:00,Enrolled,105744
ENR000971,STU006869,SCH048,2024-08-04 00:00:00,Enrolled,208808
ENR000972,STU016030,SCH009,2025-09-21 00:00:00,Enrolled,69971
ENR000973,STU010569,SCH002,2024-11-25 00:00:00,Enrolled,223981
ENR000974,STU004437,SCH052,2021-09-11 00:00:00,Enrolled,92115
ENR000975,STU011386,SCH086,2021-05-03 00:00:00,Enrolled,189555
ENR000976,STU002382,SCH011,2021-05-09 00:00:00,Enrolled,211060
ENR000977,STU010200,SCH099,2025-11-09 00:00:00,Withdrawn,205813
ENR000978,STU019350,SCH009,2024-08-25 00:00:00,Enrolled,96966
ENR000979,STU000677,SCH081,2022-08-19 00:00:00,Enrolled,66024
ENR000980,STU024566,SCH093,2025-07-04 00:00:00,Enrolled,143702
ENR000981,STU021848,SCH035,2022-11-20 00:00:00,Enrolled,144611
ENR000982,STU010677,SCH068,2024-09-13 00:00:00,Enrolled,177290
ENR000983,STU012701,SCH086,2025-03-20 00:00:00,Enrolled,52657
ENR000984,STU002009,SCH049,2026-03-30 00:00:00,Enrolled,106192
ENR000985,STU005938,SCH042,2026-09-19 00:00:00,Enrolled,58084
ENR000986,STU023665,SCH030,2024-06-10 00:00:00,Enrolled,119351
ENR000987,STU023763,SCH060,2023-12-31 00:00:00,Enrolled,120340
ENR000988,STU018647,SCH061,2021-06-09 00:00:00,Enrolled,90429
ENR000989,STU010111,SCH054,2026-04-15 00:00:00,Enrolled,64515
ENR000990,STU001145,SCH027,2021-11-05 00:00:00,Enrolled,47869
ENR000991,STU001005,SCH014,2022-09-21 00:00:00,Enrolled,118002
ENR000992,STU011691,SCH067,2025-03-13 00:00:00,Enrolled,194032
ENR000993,STU023275,SCH036,2023-07-03 00:00:00,Enrolled,188714
ENR000994,STU007934,SCH074,2022-04-04 00:00:00,Enrolled,199981
ENR000995,STU019198,SCH043,2021-12-30 00:00:00,Enrolled,123863
ENR000996,STU013980,SCH007,2025-01-20 00:00:00,Enrolled,196004
ENR000997,STU024684,SCH084,2021-05-11 00:00:00,Enrolled,224524
ENR000998,STU015072,SCH034,2021-09-06 00:00:00,Enrolled,59919
ENR000999,STU024878,SCH093,2021-11-17 00:00:00,Enrolled,89163
ENR001000,STU017468,SCH035,2025-11-29 00:00:00,Enrolled,243562
ENR001001,STU009239,SCH038,2021-03-22 00:00:00,Enrolled,170777
ENR001002,STU004959,SCH047,2021-06-03 00:00:00,Enrolled,148578
ENR001003,STU021692,SCH007,2023-01-03 00:00:00,Enrolled,154861
ENR001004,STU009976,SCH044,2025-02-24 00:00:00,Enrolled,245885
ENR001005,STU010780,SCH080,2023-12-07 00:00:00,Withdrawn,100421
ENR001006,STU014256,SCH081,2023-04-17 00:00:00,Enrolled,240422
ENR001007,STU016237,SCH049,2022-07-03 00:00:00,Enrolled,140368
ENR001008,STU009039,SCH011,2023-03-01 00:00:00,Enrolled,79738
ENR001009,STU006976,SCH072,2026-08-24 00:00:00,Enrolled,190687
ENR001010,STU019694,SCH097,2023-09-09 00:00:00,Enrolled,73482
ENR001011,STU021937,SCH034,2026-09-12 00:00:00,Enrolled,130167
ENR001012,STU024618,SCH011,2025-06-04 00:00:00,Enrolled,51665
ENR001013,STU016978,SCH055,2025-12-31 00:00:00,Enrolled,128733
ENR001014,STU006234,SCH091,2022-03-26 00:00:00,Enrolled,163840
ENR001015,STU011881,SCH009,2021-06-17 00:00:00,Enrolled,246511
ENR001016,STU006321,SCH007,2023-01-09 00:00:00,Enrolled,187566
ENR001017,STU002215,SCH064,2022-08-30 00:00:00,Enrolled,108733
ENR001018,STU016068,SCH028,2022-12-28 00:00:00,Enrolled,202069
ENR001019,STU010174,SCH045,2021-06-13 00:00:00,Enrolled,247041
ENR001020,STU022291,SCH048,2025-05-12 00:00:00,Enrolled,186719
ENR001021,STU018262,SCH052,2024-08-28 00:00:00,Enrolled,102734
ENR001022,STU013643,SCH014,2021-03-07 00:00:00,Enrolled,116721
ENR001023,STU005290,SCH096,2022-08-14 00:00:00,Enrolled,220532
ENR001024,STU001874,SCH098,2025-11-21 00:00:00,Enrolled,88561
ENR001025,STU010308,SCH064,2023-06-19 00:00:00,Enrolled,136112
ENR001026,STU023854,SCH045,2026-09-04 00:00:00,Enrolled,224996
ENR001027,STU024931,SCH036,2022-09-04 00:00:00,Enrolled,145046
ENR001028,STU011677,SCH099,2023-07-29 00:00:00,Enrolled,165088
ENR001029,STU000925,SCH015,2024-08-09 00:00:00,Enrolled,213923
ENR001030,STU022027,SCH005,2022-04-13 00:00:00,Enrolled,66240
ENR001031,STU023620,SCH029,2025-09-16 00:00:00,Enrolled,192502
ENR001032,STU013214,SCH070,2024-10-27 00:00:00,Enrolled,234374
ENR001033,STU018724,SCH067,2024-01-17 00:00:00,Enrolled,59587
ENR001034,STU007380,SCH015,2022-05-15 00:00:00,Enrolled,74753
ENR001035,STU004767,SCH068,2026-09-12 00:00:00,Enrolled,49920
ENR001036,STU016042,SCH071,2024-02-10 00:00:00,Enrolled,77681
ENR001037,STU018819,SCH053,2022-07-15 00:00:00,Enrolled,59335
ENR001038,STU015777,SCH085,2025-12-25 00:00:00,Enrolled,144213
ENR001039,STU019722,SCH046,2024-08-12 00:00:00,Enrolled,66091
ENR001040,STU012138,SCH078,2025-11-02 00:00:00,Enrolled,167694
ENR001041,STU014411,SCH055,2024-04-17 00:00:00,Enrolled,124487
ENR001042,STU024089,SCH005,2023-08-20 00:00:00,Enrolled,62891
ENR001043,STU019037,SCH015,2024-07-24 00:00:00,Enrolled,149125
ENR001044,STU001314,SCH025,2023-11-01 00:00:00,Enrolled,184766
ENR001045,STU017861,SCH079,2025-07-16 00:00:00,Enrolled,71857
ENR001046,STU018141,SCH006,2025-11-30 00:00:00,Enrolled,104261
ENR001047,STU014364,SCH011,2025-02-22 00:00:00,Withdrawn,45095
ENR001048,STU017499,SCH056,2021-06-09 00:00:00,Enrolled,209422
ENR001049,STU015638,SCH055,2022-11-22 00:00:00,Enrolled,234089
ENR001050,STU020843,SCH055,2022-06-04 00:00:00,Enrolled,116047
ENR001051,STU012417,SCH081,2023-10-09 00:00:00,Enrolled,207487
ENR001052,STU020650,SCH056,2024-01-28 00:00:00,Enrolled,211412
ENR001053,STU002596,SCH069,2025-07-24 00:00:00,Enrolled,121621
ENR001054,STU013513,SCH089,2022-02-06 00:00:00,Enrolled,166723
ENR001055,STU023491,SCH031,2022-09-28 00:00:00,Enrolled,50703
ENR001056,STU016300,SCH002,2022-11-13 00:00:00,Enrolled,216328
ENR001057,STU024261,SCH082,2025-01-23 00:00:00,Enrolled,55332
ENR001058,STU024324,SCH036,2024-01-22 00:00:00,Enrolled,117587
ENR001059,STU024202,SCH020,2026-05-20 00:00:00,Enrolled,64652
ENR001060,STU002005,SCH003,2022-03-14 00:00:00,Enrolled,139401
ENR001061,STU001593,SCH065,2024-11-05 00:00:00,Enrolled,161793
ENR001062,STU019485,SCH050,2024-07-29 00:00:00,Enrolled,233290
ENR001063,STU023283,SCH091,2024-04-23 00:00:00,Enrolled,59992
ENR001064,STU004577,SCH074,2021-11-07 00:00:00,Enrolled,102221
ENR001065,STU012616,SCH005,2022-05-19 00:00:00,Enrolled,116203
ENR001066,STU017814,SCH079,2021-06-28 00:00:00,Enrolled,136230
ENR001067,STU000778,SCH068,2026-03-19 00:00:00,Enrolled,53033
ENR001068,STU014199,SCH058,2025-07-11 00:00:00,Enrolled,244636
ENR001069,STU020778,SCH038,2025-04-21 00:00:00,Enrolled,85583
ENR001070,STU005105,SCH088,2026-08-30 00:00:00,Enrolled,235396
ENR001071,STU010049,SCH036,2022-09-24 00:00:00,Enrolled,226764
ENR001072,STU011935,SCH045,2023-10-30 00:00:00,Enrolled,113172
ENR001073,STU018650,SCH004,2024-11-16 00:00:00,Enrolled,145328
ENR001074,STU018466,SCH055,2022-05-25 00:00:00,Enrolled,172374
ENR001075,STU005498,SCH082,2021-11-03 00:00:00,Enrolled,191634
ENR001076,STU012777,SCH093,2021-11-02 00:00:00,Enrolled,147311
ENR001077,STU006335,SCH042,2024-11-11 00:00:00,Enrolled,110366
ENR001078,STU009778,SCH084,2026-07-04 00:00:00,Enrolled,189364
ENR001079,STU011020,SCH071,2025-01-29 00:00:00,Enrolled,99902
ENR001080,STU006984,SCH074,2021-10-19 00:00:00,Enrolled,239649
ENR001081,STU003271,SCH080,2025-03-30 00:00:00,Withdrawn,105528
ENR001082,STU001421,SCH019,2026-07-30 00:00:00,Enrolled,224082
ENR001083,STU008221,SCH099,2022-09-08 00:00:00,Enrolled,187559
ENR001084,STU021963,SCH030,2024-02-27 00:00:00,Enrolled,146243
ENR001085,STU007397,SCH022,2024-02-26 00:00:00,Enrolled,143773
ENR001086,STU000504,SCH069,2022-03-01 00:00:00,Enrolled,94725
ENR001087,STU000328,SCH044,2024-10-07 00:00:00,Enrolled,184594
ENR001088,STU010933,SCH028,2026-08-12 00:00:00,Enrolled,74216
ENR001089,STU017883,SCH026,2025-11-08 00:00:00,Enrolled,134855
ENR001090,STU008087,SCH061,2022-06-20 00:00:00,Enrolled,226026
ENR001091,STU014953,SCH005,2021-09-23 00:00:00,Enrolled,140619
ENR001092,STU001958,SCH030,2024-05-07 00:00:00,Enrolled,216737
ENR001093,STU005333,SCH026,2024-06-13 00:00:00,Enrolled,53546
ENR001094,STU019778,SCH070,2021-05-04 00:00:00,Enrolled,203080
ENR001095,STU007558,SCH018,2026-07-03 00:00:00,Enrolled,215834
ENR001096,STU024282,SCH085,2022-07-12 00:00:00,Enrolled,60005
ENR001097,STU008724,SCH037,2024-12-26 00:00:00,Enrolled,76981
ENR001098,STU001623,SCH036,2022-02-20 00:00:00,Enrolled,164700
ENR001099,STU017858,SCH023,2023-01-22 00:00:00,Enrolled,202132
ENR001100,STU011591,SCH090,2025-06-21 00:00:00,Enrolled,217853
ENR001101,STU021333,SCH026,2022-01-06 00:00:00,Enrolled,205145
ENR001102,STU000004,SCH065,2022-09-23 00:00:00,Enrolled,223105
ENR001103,STU015268,SCH017,2024-03-03 00:00:00,Enrolled,61581
ENR001104,STU021767,SCH099,2022-01-13 00:00:00,Enrolled,137939
ENR001105,STU002664,SCH061,2024-12-10 00:00:00,Enrolled,198711
ENR001106,STU021710,SCH034,2022-02-04 00:00:00,Enrolled,155422
ENR001107,STU006444,SCH075,2022-09-11 00:00:00,Enrolled,156268
ENR001108,STU013193,SCH073,2023-12-08 00:00:00,Enrolled,82244
ENR001109,STU011029,SCH029,2026-01-12 00:00:00,Enrolled,211180
ENR001110,STU000690,SCH049,2025-12-03 00:00:00,Enrolled,133310
ENR001111,STU001771,SCH006,2023-08-19 00:00:00,Enrolled,162398
ENR001112,STU012496,SCH042,2026-04-11 00:00:00,Enrolled,75249
ENR001113,STU018951,SCH099,2024-04-09 00:00:00,Enrolled,120476
ENR001114,STU005487,SCH056,2022-01-20 00:00:00,Enrolled,107707
ENR001115,STU017982,SCH084,2024-05-26 00:00:00,Enrolled,177115
ENR001116,STU008889,SCH079,2026-03-01 00:00:00,Enrolled,162726
ENR001117,STU018448,SCH065,2025-03-25 00:00:00,Enrolled,195303
ENR001118,STU016981,SCH057,2023-08-29 00:00:00,Enrolled,48327
ENR001119,STU019262,SCH037,2023-10-22 00:00:00,Enrolled,180805
ENR001120,STU021657,SCH094,2025-08-30 00:00:00,Enrolled,241513
ENR001121,STU016852,SCH058,2022-03-07 00:00:00,Enrolled,145157
ENR001122,STU014028,SCH004,2021-03-02 00:00:00,Enrolled,181061
ENR001123,STU012594,SCH054,2026-01-30 00:00:00,Enrolled,244221
ENR001124,STU013068,SCH047,2021-07-26 00:00:00,Enrolled,217002
ENR001125,STU016760,SCH076,2022-11-27 00:00:00,Enrolled,169227
ENR001126,STU016076,SCH093,2026-05-19 00:00:00,Enrolled,176858
ENR001127,STU024415,SCH030,2024-06-26 00:00:00,Enrolled,227499
ENR001128,STU010057,SCH011,2024-05-17 00:00:00,Enrolled,199231
ENR001129,STU015025,SCH055,2024-03-27 00:00:00,Enrolled,236372
ENR001130,STU003253,SCH062,2022-11-18 00:00:00,Enrolled,103928
ENR001131,STU014051,SCH010,2022-08-20 00:00:00,Withdrawn,227491
ENR001132,STU010990,SCH005,2023-02-18 00:00:00,Enrolled,47917
ENR001133,STU000064,SCH014,2024-07-06 00:00:00,Enrolled,241926
ENR001134,STU019081,SCH048,2022-08-25 00:00:00,Enrolled,184506
ENR001135,STU014868,SCH085,2026-07-14 00:00:00,Enrolled,196950
ENR001136,STU018174,SCH017,2025-03-24 00:00:00,Enrolled,111878
ENR001137,STU021898,SCH011,2022-05-13 00:00:00,Enrolled,237497
ENR001138,STU013419,SCH007,2025-10-09 00:00:00,Enrolled,66601
ENR001139,STU006016,SCH061,2021-01-31 00:00:00,Enrolled,50811
ENR001140,STU014377,SCH092,2024-06-09 00:00:00,Withdrawn,246908
ENR001141,STU004632,SCH011,2022-03-18 00:00:00,Enrolled,62967
ENR001142,STU021698,SCH016,2023-01-10 00:00:00,Enrolled,182756
ENR001143,STU003022,SCH043,2023-05-22 00:00:00,Enrolled,237416
ENR001144,STU018976,SCH068,2024-07-28 00:00:00,Enrolled,182076
ENR001145,STU022992,SCH048,2024-06-22 00:00:00,Enrolled,69594
ENR001146,STU024174,SCH087,2025-08-14 00:00:00,Enrolled,205378
ENR001147,STU014935,SCH070,2023-09-18 00:00:00,Enrolled,246352
ENR001148,STU001104,SCH074,2023-05-28 00:00:00,Enrolled,232036
ENR001149,STU005446,SCH098,2025-10-04 00:00:00,Enrolled,163106
ENR001150,STU003791,SCH093,2025-09-16 00:00:00,Enrolled,202662
ENR001151,STU003780,SCH035,2021-07-28 00:00:00,Withdrawn,194851
ENR001152,STU001097,SCH042,2022-11-04 00:00:00,Enrolled,199735
ENR001153,STU010402,SCH033,2023-07-28 00:00:00,Enrolled,179394
ENR001154,STU001806,SCH018,2025-10-14 00:00:00,Enrolled,202073
ENR001155,STU011054,SCH022,2024-12-05 00:00:00,Enrolled,102578
ENR001156,STU001116,SCH078,2022-12-02 00:00:00,Enrolled,226276
ENR001157,STU001863,SCH004,2025-03-28 00:00:00,Enrolled,62614
ENR001158,STU017363,SCH090,2021-12-19 00:00:00,Enrolled,237251
ENR001159,STU004640,SCH096,2023-10-27 00:00:00,Enrolled,123147
ENR001160,STU010270,SCH069,2025-06-24 00:00:00,Enrolled,67001
ENR001161,STU002622,SCH046,2022-07-18 00:00:00,Enrolled,157867
ENR001162,STU008922,SCH088,2023-06-25 00:00:00,Enrolled,68947
ENR001163,STU009982,SCH095,2026-01-13 00:00:00,Enrolled,133682
ENR001164,STU008081,SCH004,2023-12-31 00:00:00,Enrolled,188581
ENR001165,STU011037,SCH055,2021-12-17 00:00:00,Enrolled,199592
ENR001166,STU024102,SCH072,2021-10-29 00:00:00,Enrolled,173389
ENR001167,STU021270,SCH089,2025-08-02 00:00:00,Enrolled,57113
ENR001168,STU011910,SCH093,2022-02-28 00:00:00,Enrolled,89766
ENR001169,STU002313,SCH044,2026-08-18 00:00:00,Enrolled,166462
ENR001170,STU005621,SCH015,2024-02-05 00:00:00,Withdrawn,104946
ENR001171,STU003252,SCH022,2022-02-21 00:00:00,Enrolled,125539
ENR001172,STU005593,SCH047,2026-06-13 00:00:00,Enrolled,179608
ENR001173,STU000576,SCH033,2023-09-10 00:00:00,Enrolled,241871
ENR001174,STU024781,SCH006,2024-11-23 00:00:00,Enrolled,208957
ENR001175,STU020871,SCH082,2024-10-08 00:00:00,Enrolled,245214
ENR001176,STU008714,SCH047,2022-12-02 00:00:00,Enrolled,193654
ENR001177,STU010457,SCH014,2021-11-12 00:00:00,Enrolled,134962
ENR001178,STU022776,SCH045,2021-05-24 00:00:00,Enrolled,214356
ENR001179,STU020394,SCH009,2024-09-17 00:00:00,Enrolled,154139
ENR001180,STU007503,SCH002,2023-04-20 00:00:00,Enrolled,248039
ENR001181,STU021013,SCH041,2022-02-04 00:00:00,Enrolled,45693
ENR001182,STU016426,SCH083,2024-06-05 00:00:00,Enrolled,221345
ENR001183,STU017470,SCH079,2023-10-31 00:00:00,Enrolled,125049
ENR001184,STU005931,SCH086,2024-11-09 00:00:00,Enrolled,105543
ENR001185,STU007420,SCH095,2023-11-05 00:00:00,Enrolled,175597
ENR001186,STU012880,SCH024,2024-05-12 00:00:00,Enrolled,106020
ENR001187,STU010671,SCH048,2025-09-20 00:00:00,Enrolled,89903
ENR001188,STU007640,SCH006,2023-02-02 00:00:00,Enrolled,249521
ENR001189,STU023515,SCH009,2025-04-19 00:00:00,Enrolled,201661
ENR001190,STU017445,SCH020,2026-08-20 00:00:00,Enrolled,47370
ENR001191,STU018391,SCH041,2021-10-30 00:00:00,Withdrawn,120418
ENR001192,STU021389,SCH074,2023-07-27 00:00:00,Enrolled,154546
ENR001193,STU024805,SCH036,2025-10-23 00:00:00,Enrolled,47929
ENR001194,STU017663,SCH077,2022-09-11 00:00:00,Enrolled,141114
ENR001195,STU016521,SCH085,2025-03-21 00:00:00,Withdrawn,118672
ENR001196,STU000133,SCH014,2024-12-13 00:00:00,Enrolled,184878
ENR001197,STU015492,SCH022,2021-08-22 00:00:00,Enrolled,248305
ENR001198,STU022023,SCH064,2025-04-30 00:00:00,Enrolled,52811
ENR001199,STU014954,SCH008,2025-01-21 00:00:00,Enrolled,170563
ENR001200,STU016979,SCH069,2023-05-09 00:00:00,Enrolled,228050
ENR001201,STU015255,SCH034,2021-06-26 00:00:00,Enrolled,129798
ENR001202,STU014744,SCH095,2023-01-08 00:00:00,Enrolled,116415
ENR001203,STU002084,SCH033,2023-09-21 00:00:00,Enrolled,49742
ENR001204,STU011099,SCH091,2025-07-17 00:00:00,Enrolled,233053
ENR001205,STU021067,SCH014,2024-09-16 00:00:00,Withdrawn,242480
ENR001206,STU002183,SCH093,2026-01-24 00:00:00,Enrolled,99607
ENR001207,STU007876,SCH076,2021-12-04 00:00:00,Enrolled,58906
ENR001208,STU008065,SCH015,2025-01-30 00:00:00,Enrolled,199091
ENR001209,STU023574,SCH010,2023-08-13 00:00:00,Enrolled,192459
ENR001210,STU016345,SCH017,2024-04-07 00:00:00,Enrolled,178210
ENR001211,STU021486,SCH003,2025-07-28 00:00:00,Enrolled,113031
ENR001212,STU020936,SCH007,2023-08-07 00:00:00,Enrolled,219075
ENR001213,STU014419,SCH072,2025-10-09 00:00:00,Enrolled,117286
ENR001214,STU018235,SCH009,2022-12-01 00:00:00,Enrolled,172903
ENR001215,STU023189,SCH033,2025-01-15 00:00:00,Enrolled,234773
ENR001216,STU015172,SCH030,2024-03-05 00:00:00,Enrolled,142042
ENR001217,STU023302,SCH100,2025-09-01 00:00:00,Enrolled,188930
ENR001218,STU014786,SCH057,2021-06-27 00:00:00,Withdrawn,62630
ENR001219,STU013526,SCH023,2026-02-22 00:00:00,Enrolled,82585
ENR001220,STU020585,SCH050,2021-06-11 00:00:00,Enrolled,129754
ENR001221,STU014538,SCH015,2026-02-02 00:00:00,Enrolled,45408
ENR001222,STU013696,SCH032,2023-07-26 00:00:00,Enrolled,59134
ENR001223,STU007992,SCH099,2024-06-22 00:00:00,Enrolled,159397
ENR001224,STU007364,SCH017,2022-05-12 00:00:00,Enrolled,77340
ENR001225,STU016089,SCH076,2022-04-15 00:00:00,Enrolled,118447
ENR001226,STU005749,SCH052,2022-07-08 00:00:00,Enrolled,159124
ENR001227,STU008133,SCH089,2021-04-23 00:00:00,Enrolled,202460
ENR001228,STU021969,SCH090,2026-09-06 00:00:00,Enrolled,247612
ENR001229,STU000910,SCH034,2022-10-31 00:00:00,Enrolled,52905
ENR001230,STU019636,SCH011,2022-10-19 00:00:00,Enrolled,110546
ENR001231,STU002499,SCH048,2022-05-14 00:00:00,Enrolled,165025
ENR001232,STU007762,SCH014,2025-09-24 00:00:00,Enrolled,219861
ENR001233,STU024810,SCH061,2022-09-21 00:00:00,Enrolled,93866
ENR001234,STU008500,SCH028,2022-11-21 00:00:00,Enrolled,132404
ENR001235,STU002130,SCH043,2024-03-09 00:00:00,Enrolled,80476
ENR001236,STU024291,SCH049,2022-04-16 00:00:00,Enrolled,184333
ENR001237,STU003847,SCH075,2023-11-11 00:00:00,Enrolled,127120
ENR001238,STU018053,SCH057,2021-03-24 00:00:00,Enrolled,147296
ENR001239,STU007361,SCH010,2023-06-19 00:00:00,Enrolled,165852
ENR001240,STU002136,SCH069,2021-08-17 00:00:00,Enrolled,71418
ENR001241,STU007295,SCH077,2022-05-08 00:00:00,Enrolled,170297
ENR001242,STU021569,SCH005,2024-05-03 00:00:00,Enrolled,56223
ENR001243,STU023757,SCH001,2022-02-26 00:00:00,Enrolled,107065
ENR001244,STU008734,SCH091,2021-08-10 00:00:00,Enrolled,218767
ENR001245,STU019656,SCH069,2021-10-06 00:00:00,Enrolled,210212
ENR001246,STU020295,SCH044,2023-09-15 00:00:00,Enrolled,114571
ENR001247,STU010739,SCH082,2022-07-14 00:00:00,Enrolled,245725
ENR001248,STU009762,SCH007,2024-09-14 00:00:00,Enrolled,232771
ENR001249,STU016141,SCH008,2022-07-12 00:00:00,Enrolled,187378
ENR001250,STU008161,SCH076,2023-11-01 00:00:00,Enrolled,147617
ENR001251,STU009146,SCH089,2021-07-25 00:00:00,Enrolled,123596
ENR001252,STU013022,SCH085,2022-05-30 00:00:00,Enrolled,87881
ENR001253,STU006939,SCH076,2024-08-16 00:00:00,Enrolled,213509
ENR001254,STU013373,SCH091,2023-03-19 00:00:00,Enrolled,52993
ENR001255,STU012389,SCH005,2022-11-25 00:00:00,Enrolled,65153
ENR001256,STU016988,SCH024,2026-04-19 00:00:00,Enrolled,137084
ENR001257,STU003186,SCH078,2023-07-31 00:00:00,Enrolled,160005
ENR001258,STU022500,SCH061,2023-11-16 00:00:00,Enrolled,110104
ENR001259,STU010913,SCH054,2021-08-04 00:00:00,Enrolled,193187
ENR001260,STU009443,SCH019,2023-07-23 00:00:00,Enrolled,104797
ENR001261,STU002781,SCH055,2022-11-26 00:00:00,Enrolled,118087
ENR001262,STU008711,SCH026,2026-02-07 00:00:00,Enrolled,221777
ENR001263,STU018470,SCH060,2025-03-28 00:00:00,Withdrawn,73528
ENR001264,STU022080,SCH013,2023-01-16 00:00:00,Enrolled,134596
ENR001265,STU004001,SCH089,2021-03-09 00:00:00,Enrolled,78644
ENR001266,STU018666,SCH095,2024-10-02 00:00:00,Enrolled,197537
ENR001267,STU015912,SCH078,2022-11-04 00:00:00,Withdrawn,62010
ENR001268,STU011706,SCH034,2022-04-13 00:00:00,Enrolled,142897
ENR001269,STU001758,SCH087,2021-09-27 00:00:00,Enrolled,85352
ENR001270,STU016546,SCH040,2022-01-06 00:00:00,Enrolled,177131
ENR001271,STU010030,SCH023,2023-09-15 00:00:00,Enrolled,139603
ENR001272,STU009911,SCH037,2023-10-07 00:00:00,Enrolled,80232
ENR001273,STU013139,SCH044,2023-10-18 00:00:00,Enrolled,122695
ENR001274,STU007995,SCH097,2023-04-15 00:00:00,Enrolled,191339
ENR001275,STU000869,SCH042,2025-12-12 00:00:00,Enrolled,238966
ENR001276,STU024591,SCH016,2022-12-11 00:00:00,Enrolled,106332
ENR001277,STU011942,SCH036,2024-04-16 00:00:00,Enrolled,61610
ENR001278,STU006739,SCH047,2024-08-28 00:00:00,Enrolled,222602
ENR001279,STU018503,SCH062,2024-03-31 00:00:00,Enrolled,77088
ENR001280,STU022168,SCH048,2026-07-15 00:00:00,Enrolled,84843
ENR001281,STU023763,SCH057,2023-07-29 00:00:00,Enrolled,195042
ENR001282,STU010039,SCH044,2023-07-04 00:00:00,Enrolled,108317
ENR001283,STU023110,SCH045,2025-08-30 00:00:00,Withdrawn,243302
ENR001284,STU017719,SCH067,2023-07-21 00:00:00,Enrolled,124651
ENR001285,STU013738,SCH042,2024-10-14 00:00:00,Enrolled,186464
ENR001286,STU010996,SCH061,2021-05-07 00:00:00,Withdrawn,122594
ENR001287,STU008625,SCH044,2025-07-12 00:00:00,Enrolled,127282
ENR001288,STU001554,SCH098,2024-11-29 00:00:00,Enrolled,153655
ENR001289,STU015552,SCH027,2022-05-30 00:00:00,Withdrawn,161062
ENR001290,STU013720,SCH042,2022-01-20 00:00:00,Enrolled,51123
ENR001291,STU007906,SCH067,2021-02-06 00:00:00,Enrolled,226653
ENR001292,STU023826,SCH098,2023-05-21 00:00:00,Enrolled,247550
ENR001293,STU000415,SCH011,2026-10-09 00:00:00,Enrolled,75123
ENR001294,STU016168,SCH038,2021-10-15 00:00:00,Enrolled,207337
ENR001295,STU009630,SCH003,2026-04-08 00:00:00,Enrolled,87898
ENR001296,STU016946,SCH034,2024-10-28 00:00:00,Enrolled,211386
ENR001297,STU018152,SCH033,2023-08-27 00:00:00,Enrolled,127067
ENR001298,STU011621,SCH024,2025-10-25 00:00:00,Enrolled,162150
ENR001299,STU006631,SCH059,2023-07-12 00:00:00,Enrolled,109449
ENR001300,STU012196,SCH035,2023-12-10 00:00:00,Enrolled,112075
ENR001301,STU017853,SCH056,2021-11-10 00:00:00,Enrolled,192544
ENR001302,STU019318,SCH092,2021-07-22 00:00:00,Enrolled,59132
ENR001303,STU019668,SCH061,2023-08-08 00:00:00,Enrolled,223839
ENR001304,STU023922,SCH054,2023-05-25 00:00:00,Enrolled,247126
ENR001305,STU019277,SCH050,2022-09-13 00:00:00,Withdrawn,120399
ENR001306,STU008450,SCH082,2024-11-24 00:00:00,Enrolled,132982
ENR001307,STU010901,SCH027,2025-01-10 00:00:00,Withdrawn,218962
ENR001308,STU000688,SCH097,2023-05-28 00:00:00,Enrolled,174287
ENR001309,STU015487,SCH025,2026-01-24 00:00:00,Enrolled,90924
ENR001310,STU007671,SCH088,2024-01-06 00:00:00,Enrolled,62708
ENR001311,STU017133,SCH038,2024-05-19 00:00:00,Enrolled,47149
ENR001312,STU012768,SCH054,2023-06-04 00:00:00,Enrolled,110550
ENR001313,STU021951,SCH076,2025-02-18 00:00:00,Enrolled,56357
ENR001314,STU010826,SCH036,2024-08-27 00:00:00,Enrolled,208936
ENR001315,STU007348,SCH006,2026-08-09 00:00:00,Enrolled,90504
ENR001316,STU012813,SCH003,2026-04-21 00:00:00,Enrolled,96923
ENR001317,STU017745,SCH066,2022-01-24 00:00:00,Enrolled,245327
ENR001318,STU016529,SCH075,2023-05-07 00:00:00,Enrolled,210115
ENR001319,STU019649,SCH034,2025-03-21 00:00:00,Withdrawn,55975
ENR001320,STU017025,SCH012,2026-05-13 00:00:00,Enrolled,67323
ENR001321,STU020944,SCH092,2022-08-27 00:00:00,Enrolled,67721
ENR001322,STU006303,SCH017,2025-10-30 00:00:00,Enrolled,96630
ENR001323,STU016105,SCH068,2023-11-03 00:00:00,Enrolled,156738
ENR001324,STU010026,SCH084,2025-12-20 00:00:00,Enrolled,156303
ENR001325,STU000519,SCH087,2021-10-28 00:00:00,Enrolled,145589
ENR001326,STU007162,SCH073,2025-10-07 00:00:00,Enrolled,162141
ENR001327,STU003442,SCH042,2026-05-09 00:00:00,Enrolled,183220
ENR001328,STU004528,SCH080,2021-09-15 00:00:00,Enrolled,53830
ENR001329,STU018215,SCH097,2022-08-15 00:00:00,Enrolled,114187
ENR001330,STU011831,SCH097,2024-11-04 00:00:00,Enrolled,185867
ENR001331,STU013049,SCH060,2023-08-15 00:00:00,Enrolled,228213
ENR001332,STU005964,SCH009,2024-10-22 00:00:00,Withdrawn,223758
ENR001333,STU002895,SCH002,2023-06-20 00:00:00,Enrolled,144363
ENR001334,STU021257,SCH038,2022-11-26 00:00:00,Enrolled,108606
ENR001335,STU007993,SCH004,2026-06-14 00:00:00,Enrolled,125984
ENR001336,STU017542,SCH019,2021-08-12 00:00:00,Enrolled,154178
ENR001337,STU004523,SCH037,2021-08-10 00:00:00,Enrolled,193996
ENR001338,STU020805,SCH089,2025-12-01 00:00:00,Enrolled,66113
ENR001339,STU012582,SCH018,2024-11-21 00:00:00,Enrolled,113517
ENR001340,STU002676,SCH071,2025-06-05 00:00:00,Enrolled,67654
ENR001341,STU010419,SCH037,2022-04-29 00:00:00,Enrolled,148513
ENR001342,STU008467,SCH038,2025-05-27 00:00:00,Enrolled,228072
ENR001343,STU020132,SCH054,2022-07-21 00:00:00,Enrolled,85799
ENR001344,STU020878,SCH088,2022-06-28 00:00:00,Withdrawn,131096
ENR001345,STU016773,SCH099,2026-03-07 00:00:00,Enrolled,156645
ENR001346,STU006530,SCH074,2025-05-30 00:00:00,Withdrawn,53889
ENR001347,STU001793,SCH034,2024-12-27 00:00:00,Enrolled,212368
ENR001348,STU000297,SCH021,2021-09-22 00:00:00,Enrolled,110816
ENR001349,STU010883,SCH095,2024-02-26 00:00:00,Withdrawn,238547
ENR001350,STU011562,SCH053,2022-10-01 00:00:00,Enrolled,213938
ENR001351,STU013100,SCH060,2024-05-30 00:00:00,Enrolled,242697
ENR001352,STU023603,SCH090,2021-12-15 00:00:00,Enrolled,118853
ENR001353,STU007872,SCH050,2023-01-30 00:00:00,Enrolled,120263
ENR001354,STU020293,SCH094,2022-03-08 00:00:00,Enrolled,229916
ENR001355,STU002493,SCH075,2025-01-11 00:00:00,Enrolled,232331
ENR001356,STU010397,SCH004,2025-01-10 00:00:00,Enrolled,167590
ENR001357,STU010928,SCH066,2022-04-06 00:00:00,Enrolled,241259
ENR001358,STU014781,SCH090,2025-07-08 00:00:00,Enrolled,89116
ENR001359,STU014795,SCH056,2024-10-14 00:00:00,Enrolled,89193
ENR001360,STU018682,SCH076,2021-08-29 00:00:00,Withdrawn,119447
ENR001361,STU003565,SCH032,2024-08-09 00:00:00,Enrolled,218642
ENR001362,STU022793,SCH030,2023-10-26 00:00:00,Enrolled,215767
ENR001363,STU022979,SCH016,2023-06-05 00:00:00,Enrolled,153157
ENR001364,STU021417,SCH095,2023-04-04 00:00:00,Enrolled,215657
ENR001365,STU013844,SCH065,2026-04-20 00:00:00,Enrolled,245559
ENR001366,STU011189,SCH088,2022-03-22 00:00:00,Enrolled,140347
ENR001367,STU013826,SCH001,2025-01-14 00:00:00,Enrolled,209107
ENR001368,STU019928,SCH015,2026-08-17 00:00:00,Enrolled,194296
ENR001369,STU017426,SCH045,2021-12-24 00:00:00,Enrolled,212167
ENR001370,STU017292,SCH014,2024-12-03 00:00:00,Enrolled,161222
ENR001371,STU018773,SCH036,2022-09-12 00:00:00,Enrolled,235877
ENR001372,STU020342,SCH005,2023-04-16 00:00:00,Enrolled,182958
ENR001373,STU001919,SCH079,2023-07-31 00:00:00,Enrolled,205380
ENR001374,STU004559,SCH092,2023-10-24 00:00:00,Enrolled,231699
ENR001375,STU008587,SCH082,2026-07-06 00:00:00,Enrolled,241988
ENR001376,STU015734,SCH088,2024-04-30 00:00:00,Enrolled,86418
ENR001377,STU006258,SCH078,2025-05-01 00:00:00,Enrolled,73812
ENR001378,STU012434,SCH060,2024-10-17 00:00:00,Enrolled,204783
ENR001379,STU013483,SCH057,2023-11-04 00:00:00,Enrolled,127929
ENR001380,STU020729,SCH066,2024-11-10 00:00:00,Enrolled,123420
ENR001381,STU024246,SCH036,2023-05-30 00:00:00,Enrolled,215752
ENR001382,STU003272,SCH041,2023-12-28 00:00:00,Enrolled,59960
ENR001383,STU018019,SCH023,2021-02-16 00:00:00,Enrolled,232347
ENR001384,STU014606,SCH066,2024-02-09 00:00:00,Enrolled,98403
ENR001385,STU006737,SCH014,2025-10-09 00:00:00,Enrolled,225594
ENR001386,STU005706,SCH059,2022-12-25 00:00:00,Withdrawn,57791
ENR001387,STU021298,SCH079,2024-12-13 00:00:00,Enrolled,147865
ENR001388,STU015944,SCH050,2022-10-15 00:00:00,Enrolled,113744
ENR001389,STU009795,SCH069,2021-03-26 00:00:00,Enrolled,130315
ENR001390,STU008569,SCH038,2026-07-04 00:00:00,Enrolled,235384
ENR001391,STU014439,SCH026,2023-08-23 00:00:00,Enrolled,57528
ENR001392,STU012809,SCH010,2023-10-31 00:00:00,Enrolled,237722
ENR001393,STU008773,SCH086,2021-08-09 00:00:00,Enrolled,212856
ENR001394,STU012815,SCH070,2026-03-01 00:00:00,Enrolled,116093
ENR001395,STU010145,SCH024,2021-04-11 00:00:00,Enrolled,76495
ENR001396,STU005090,SCH047,2022-01-21 00:00:00,Enrolled,87158
ENR001397,STU017407,SCH010,2026-08-03 00:00:00,Enrolled,245269
ENR001398,STU002555,SCH095,2026-09-11 00:00:00,Enrolled,150339
ENR001399,STU016575,SCH022,2024-03-12 00:00:00,Enrolled,211697
ENR001400,STU013429,SCH003,2025-09-10 00:00:00,Enrolled,194636
ENR001401,STU012776,SCH031,2026-01-23 00:00:00,Enrolled,119222
ENR001402,STU008888,SCH047,2026-01-09 00:00:00,Withdrawn,66372
ENR001403,STU023975,SCH098,2024-08-15 00:00:00,Enrolled,179332
ENR001404,STU009049,SCH063,2025-08-18 00:00:00,Enrolled,86434
ENR001405,STU016152,SCH063,2021-06-29 00:00:00,Enrolled,116746
ENR001406,STU017279,SCH076,2023-06-24 00:00:00,Enrolled,231015
ENR001407,STU024255,SCH062,2023-09-13 00:00:00,Enrolled,106780
ENR001408,STU010048,SCH033,2026-03-08 00:00:00,Withdrawn,124805
ENR001409,STU001260,SCH024,2022-03-28 00:00:00,Enrolled,134959
ENR001410,STU019018,SCH023,2025-01-12 00:00:00,Enrolled,142558
ENR001411,STU000374,SCH012,2024-03-08 00:00:00,Enrolled,46041
ENR001412,STU008730,SCH054,2023-02-25 00:00:00,Enrolled,170824
ENR001413,STU001372,SCH054,2024-03-24 00:00:00,Enrolled,101951
ENR001414,STU001188,SCH055,2021-04-23 00:00:00,Withdrawn,110467
ENR001415,STU016886,SCH082,2023-03-19 00:00:00,Enrolled,227353
ENR001416,STU023228,SCH098,2023-08-31 00:00:00,Enrolled,116644
ENR001417,STU003327,SCH062,2024-07-18 00:00:00,Enrolled,227977
ENR001418,STU000323,SCH071,2026-07-26 00:00:00,Enrolled,98376
ENR001419,STU000549,SCH029,2022-03-18 00:00:00,Enrolled,171709
ENR001420,STU004398,SCH028,2022-08-07 00:00:00,Enrolled,124885
ENR001421,STU010698,SCH018,2022-10-23 00:00:00,Enrolled,62225
ENR001422,STU019755,SCH034,2025-06-11 00:00:00,Enrolled,203610
ENR001423,STU007989,SCH035,2025-06-18 00:00:00,Enrolled,188581
ENR001424,STU012906,SCH068,2023-07-06 00:00:00,Enrolled,134564
ENR001425,STU006280,SCH077,2025-11-07 00:00:00,Enrolled,57898
ENR001426,STU002901,SCH066,2026-07-24 00:00:00,Enrolled,248303
ENR001427,STU017390,SCH087,2022-03-07 00:00:00,Enrolled,59757
ENR001428,STU009793,SCH016,2022-08-03 00:00:00,Enrolled,227327
ENR001429,STU024888,SCH003,2023-02-24 00:00:00,Enrolled,73018
ENR001430,STU007272,SCH099,2023-06-02 00:00:00,Enrolled,199059
ENR001431,STU020703,SCH021,2021-03-13 00:00:00,Withdrawn,244753
ENR001432,STU002374,SCH001,2025-04-06 00:00:00,Enrolled,226976
ENR001433,STU013638,SCH095,2024-11-10 00:00:00,Withdrawn,99029
ENR001434,STU023662,SCH066,2026-11-03 00:00:00,Enrolled,239971
ENR001435,STU017218,SCH087,2025-04-26 00:00:00,Enrolled,191009
ENR001436,STU019290,SCH076,2022-04-15 00:00:00,Enrolled,245289
ENR001437,STU021777,SCH065,2024-01-23 00:00:00,Enrolled,186397
ENR001438,STU021150,SCH041,2021-04-05 00:00:00,Enrolled,148182
ENR001439,STU010640,SCH091,2022-03-10 00:00:00,Enrolled,161164
ENR001440,STU020278,SCH025,2022-01-02 00:00:00,Enrolled,208696
ENR001441,STU016240,SCH074,2021-07-04 00:00:00,Enrolled,143793
ENR001442,STU009967,SCH076,2026-03-25 00:00:00,Enrolled,153842
ENR001443,STU014471,SCH094,2021-07-16 00:00:00,Enrolled,247613
ENR001444,STU016480,SCH007,2026-04-04 00:00:00,Enrolled,240444
ENR001445,STU000296,SCH097,2025-06-13 00:00:00,Enrolled,102876
ENR001446,STU007698,SCH015,2026-02-21 00:00:00,Enrolled,75460
ENR001447,STU010914,SCH090,2023-08-25 00:00:00,Enrolled,61456
ENR001448,STU005009,SCH038,2023-08-04 00:00:00,Enrolled,175873
ENR001449,STU017189,SCH033,2022-09-06 00:00:00,Enrolled,193297
ENR001450,STU018333,SCH078,2026-06-26 00:00:00,Enrolled,64872
ENR001451,STU015898,SCH044,2026-05-09 00:00:00,Enrolled,99782
ENR001452,STU007509,SCH051,2025-10-04 00:00:00,Enrolled,64596
ENR001453,STU022644,SCH052,2025-07-21 00:00:00,Enrolled,199676
ENR001454,STU011703,SCH054,2026-04-12 00:00:00,Enrolled,100434
ENR001455,STU005462,SCH054,2021-12-15 00:00:00,Enrolled,87701
ENR001456,STU007861,SCH005,2025-11-17 00:00:00,Enrolled,62714
ENR001457,STU023532,SCH032,2023-12-02 00:00:00,Enrolled,220716
ENR001458,STU007898,SCH088,2023-07-27 00:00:00,Enrolled,56510
ENR001459,STU009570,SCH010,2025-07-25 00:00:00,Enrolled,101423
ENR001460,STU012510,SCH009,2024-12-20 00:00:00,Enrolled,95167
ENR001461,STU019372,SCH002,2025-02-14 00:00:00,Enrolled,177909
ENR001462,STU014171,SCH094,2025-02-13 00:00:00,Enrolled,59557
ENR001463,STU022326,SCH074,2022-10-05 00:00:00,Enrolled,89827
ENR001464,STU013645,SCH076,2026-06-28 00:00:00,Enrolled,135389
ENR001465,STU012655,SCH020,2025-03-12 00:00:00,Enrolled,248480
ENR001466,STU001125,SCH039,2025-11-17 00:00:00,Withdrawn,49968
ENR001467,STU009265,SCH090,2024-04-13 00:00:00,Enrolled,71377
ENR001468,STU011968,SCH037,2021-08-21 00:00:00,Enrolled,111855
ENR001469,STU024669,SCH026,2026-07-21 00:00:00,Enrolled,74277
ENR001470,STU015681,SCH052,2021-03-08 00:00:00,Enrolled,182082
ENR001471,STU010347,SCH078,2022-05-30 00:00:00,Enrolled,217649
ENR001472,STU022555,SCH058,2022-05-22 00:00:00,Enrolled,148486
ENR001473,STU024877,SCH053,2021-10-05 00:00:00,Enrolled,127230
ENR001474,STU016686,SCH036,2025-11-09 00:00:00,Enrolled,198508
ENR001475,STU011235,SCH084,2022-05-21 00:00:00,Enrolled,230336
ENR001476,STU017456,SCH016,2023-11-19 00:00:00,Enrolled,80222
ENR001477,STU024611,SCH004,2021-04-21 00:00:00,Enrolled,231488
ENR001478,STU020179,SCH021,2023-02-01 00:00:00,Enrolled,77171
ENR001479,STU020393,SCH004,2022-05-02 00:00:00,Enrolled,229351
ENR001480,STU000004,SCH077,2021-08-21 00:00:00,Enrolled,45859
ENR001481,STU015622,SCH010,2025-05-10 00:00:00,Enrolled,221534
ENR001482,STU011064,SCH090,2026-08-06 00:00:00,Enrolled,189995
ENR001483,STU011713,SCH057,2025-03-12 00:00:00,Enrolled,218652
ENR001484,STU016946,SCH055,2025-04-23 00:00:00,Enrolled,154048
ENR001485,STU008062,SCH090,2023-04-09 00:00:00,Enrolled,224850
ENR001486,STU024780,SCH066,2021-09-05 00:00:00,Enrolled,73288
ENR001487,STU020709,SCH068,2023-01-24 00:00:00,Enrolled,232454
ENR001488,STU008493,SCH100,2023-11-05 00:00:00,Enrolled,122215
ENR001489,STU001755,SCH036,2026-09-09 00:00:00,Enrolled,63262
ENR001490,STU020356,SCH037,2025-12-05 00:00:00,Enrolled,205631
ENR001491,STU011894,SCH029,2026-09-30 00:00:00,Enrolled,56475
ENR001492,STU007746,SCH037,2023-07-29 00:00:00,Enrolled,242234
ENR001493,STU000689,SCH020,2021-08-22 00:00:00,Enrolled,172600
ENR001494,STU014613,SCH067,2022-05-17 00:00:00,Enrolled,109449
ENR001495,STU017054,SCH023,2021-09-26 00:00:00,Enrolled,244185
ENR001496,STU024241,SCH044,2023-08-05 00:00:00,Enrolled,61946
ENR001497,STU013118,SCH049,2022-09-11 00:00:00,Withdrawn,198342
ENR001498,STU007765,SCH051,2022-06-17 00:00:00,Enrolled,178908
ENR001499,STU000264,SCH092,2024-08-28 00:00:00,Enrolled,126720
ENR001500,STU009066,SCH080,2024-11-28 00:00:00,Enrolled,105376
ENR001501,STU019194,SCH017,2024-04-02 00:00:00,Enrolled,55849
ENR001502,STU010124,SCH007,2022-12-25 00:00:00,Enrolled,61729
ENR001503,STU001830,SCH084,2026-07-14 00:00:00,Enrolled,96289
ENR001504,STU019160,SCH060,2021-05-12 00:00:00,Enrolled,118646
ENR001505,STU018047,SCH081,2024-12-06 00:00:00,Enrolled,58604
ENR001506,STU001348,SCH078,2026-08-28 00:00:00,Enrolled,82029
ENR001507,STU023146,SCH006,2021-07-31 00:00:00,Withdrawn,105766
ENR001508,STU024637,SCH019,2022-07-01 00:00:00,Enrolled,172213
ENR001509,STU006866,SCH062,2023-04-28 00:00:00,Enrolled,235120
ENR001510,STU023233,SCH005,2022-02-26 00:00:00,Enrolled,103694
ENR001511,STU013697,SCH075,2025-01-09 00:00:00,Enrolled,184315
ENR001512,STU007127,SCH036,2025-12-19 00:00:00,Enrolled,206817
ENR001513,STU016047,SCH055,2025-06-13 00:00:00,Enrolled,138704
ENR001514,STU018471,SCH069,2022-07-06 00:00:00,Enrolled,236548
ENR001515,STU021695,SCH033,2025-06-10 00:00:00,Enrolled,147599
ENR001516,STU019914,SCH036,2024-06-25 00:00:00,Enrolled,87511
ENR001517,STU009844,SCH078,2026-01-24 00:00:00,Enrolled,242784
ENR001518,STU008208,SCH091,2024-12-28 00:00:00,Withdrawn,118491
ENR001519,STU008783,SCH011,2024-08-17 00:00:00,Enrolled,148321
ENR001520,STU001683,SCH077,2022-07-13 00:00:00,Withdrawn,144596
ENR001521,STU007409,SCH036,2026-04-03 00:00:00,Enrolled,148832
ENR001522,STU020896,SCH015,2025-08-02 00:00:00,Enrolled,48790
ENR001523,STU016560,SCH091,2021-06-30 00:00:00,Enrolled,190472
ENR001524,STU006114,SCH084,2024-03-21 00:00:00,Enrolled,84496
ENR001525,STU011835,SCH023,2022-12-06 00:00:00,Enrolled,189692
ENR001526,STU014269,SCH062,2022-09-25 00:00:00,Withdrawn,161463
ENR001527,STU020089,SCH030,2025-02-15 00:00:00,Enrolled,161565
ENR001528,STU015988,SCH086,2023-03-20 00:00:00,Enrolled,211332
ENR001529,STU004812,SCH025,2024-03-30 00:00:00,Enrolled,189912
ENR001530,STU017331,SCH077,2025-03-28 00:00:00,Enrolled,68944
ENR001531,STU023179,SCH096,2021-10-02 00:00:00,Enrolled,109129
ENR001532,STU019896,SCH005,2025-04-19 00:00:00,Enrolled,116859
ENR001533,STU009103,SCH084,2023-11-04 00:00:00,Withdrawn,249659
ENR001534,STU001848,SCH085,2022-11-03 00:00:00,Enrolled,242527
ENR001535,STU022845,SCH083,2021-09-03 00:00:00,Enrolled,48856
ENR001536,STU005649,SCH098,2025-03-27 00:00:00,Enrolled,144056
ENR001537,STU007972,SCH084,2024-08-01 00:00:00,Enrolled,127622
ENR001538,STU015266,SCH064,2023-02-15 00:00:00,Enrolled,218087
ENR001539,STU018555,SCH085,2026-01-04 00:00:00,Enrolled,135384
ENR001540,STU010599,SCH039,2024-06-30 00:00:00,Enrolled,190537
ENR001541,STU019409,SCH062,2024-10-06 00:00:00,Enrolled,205475
ENR001542,STU007572,SCH083,2022-07-25 00:00:00,Enrolled,169000
ENR001543,STU001793,SCH027,2024-07-19 00:00:00,Enrolled,193544
ENR001544,STU001501,SCH076,2025-01-29 00:00:00,Enrolled,144471
ENR001545,STU004524,SCH042,2025-11-26 00:00:00,Enrolled,142034
ENR001546,STU014463,SCH095,2025-10-30 00:00:00,Enrolled,136790
ENR001547,STU018716,SCH088,2024-06-05 00:00:00,Enrolled,94976
ENR001548,STU007231,SCH090,2024-02-23 00:00:00,Enrolled,46425
ENR001549,STU012557,SCH094,2025-08-08 00:00:00,Enrolled,90067
ENR001550,STU008889,SCH076,2024-01-06 00:00:00,Enrolled,214991
ENR001551,STU007881,SCH006,2024-03-28 00:00:00,Enrolled,224836
ENR001552,STU013046,SCH043,2022-06-05 00:00:00,Enrolled,134224
ENR001553,STU019900,SCH087,2025-02-23 00:00:00,Enrolled,193193
ENR001554,STU022093,SCH016,2022-02-10 00:00:00,Enrolled,235449
ENR001555,STU021376,SCH047,2026-07-07 00:00:00,Withdrawn,106119
ENR001556,STU009454,SCH057,2023-03-23 00:00:00,Enrolled,187014
ENR001557,STU014583,SCH065,2025-09-22 00:00:00,Enrolled,59108
ENR001558,STU008098,SCH016,2022-11-08 00:00:00,Enrolled,173576
ENR001559,STU010251,SCH094,2022-01-25 00:00:00,Enrolled,101955
ENR001560,STU001119,SCH088,2025-03-22 00:00:00,Enrolled,83074
ENR001561,STU008557,SCH077,2026-05-21 00:00:00,Enrolled,167264
ENR001562,STU018661,SCH033,2026-02-21 00:00:00,Enrolled,100782
ENR001563,STU016280,SCH004,2024-02-14 00:00:00,Enrolled,142574
ENR001564,STU006614,SCH012,2026-01-30 00:00:00,Enrolled,187499
ENR001565,STU022942,SCH087,2021-02-14 00:00:00,Enrolled,247047
ENR001566,STU024772,SCH066,2021-03-11 00:00:00,Withdrawn,220864
ENR001567,STU022877,SCH035,2025-12-17 00:00:00,Enrolled,52593
ENR001568,STU017586,SCH006,2025-06-24 00:00:00,Enrolled,205602
ENR001569,STU008865,SCH044,2023-01-03 00:00:00,Enrolled,201084
ENR001570,STU011242,SCH004,2021-10-04 00:00:00,Enrolled,238415
ENR001571,STU017476,SCH058,2026-07-16 00:00:00,Enrolled,146050
ENR001572,STU004310,SCH079,2026-05-10 00:00:00,Enrolled,152135
ENR001573,STU002402,SCH077,2023-01-08 00:00:00,Enrolled,186784
ENR001574,STU013052,SCH048,2022-12-04 00:00:00,Enrolled,242872
ENR001575,STU004804,SCH026,2025-09-13 00:00:00,Enrolled,196352
ENR001576,STU021119,SCH036,2026-02-16 00:00:00,Enrolled,172327
ENR001577,STU007256,SCH038,2026-06-28 00:00:00,Enrolled,45701
ENR001578,STU002451,SCH040,2025-08-28 00:00:00,Enrolled,215869
ENR001579,STU013440,SCH031,2022-11-26 00:00:00,Enrolled,180254
ENR001580,STU011449,SCH068,2025-11-30 00:00:00,Enrolled,99715
ENR001581,STU023012,SCH081,2025-06-24 00:00:00,Enrolled,142199
ENR001582,STU023238,SCH085,2023-02-25 00:00:00,Enrolled,221269
ENR001583,STU019290,SCH051,2021-09-07 00:00:00,Withdrawn,86487
ENR001584,STU012316,SCH076,2024-07-29 00:00:00,Enrolled,133355
ENR001585,STU013274,SCH002,2024-04-07 00:00:00,Enrolled,228749
ENR001586,STU015674,SCH080,2021-08-21 00:00:00,Enrolled,213287
ENR001587,STU012586,SCH091,2024-09-09 00:00:00,Enrolled,151686
ENR001588,STU002683,SCH028,2021-03-09 00:00:00,Enrolled,147103
ENR001589,STU018040,SCH038,2026-05-30 00:00:00,Enrolled,149696
ENR001590,STU017917,SCH076,2024-07-21 00:00:00,Enrolled,141998
ENR001591,STU012829,SCH003,2022-10-11 00:00:00,Enrolled,85446
ENR001592,STU007437,SCH033,2026-04-09 00:00:00,Enrolled,234846
ENR001593,STU005596,SCH022,2022-04-28 00:00:00,Enrolled,224276
ENR001594,STU007135,SCH094,2023-04-23 00:00:00,Enrolled,248796
ENR001595,STU008192,SCH028,2021-12-23 00:00:00,Enrolled,96930
ENR001596,STU010254,SCH050,2022-12-27 00:00:00,Enrolled,148380
ENR001597,STU003336,SCH065,2026-09-29 00:00:00,Enrolled,95868
ENR001598,STU002034,SCH006,2025-01-07 00:00:00,Enrolled,141215
ENR001599,STU012681,SCH069,2023-01-26 00:00:00,Enrolled,51653
ENR001600,STU002161,SCH085,2021-11-25 00:00:00,Enrolled,180307
ENR001601,STU000536,SCH022,2023-03-02 00:00:00,Enrolled,157378
ENR001602,STU023857,SCH065,2025-07-19 00:00:00,Enrolled,50176
ENR001603,STU019271,SCH045,2025-07-11 00:00:00,Withdrawn,218283
ENR001604,STU013007,SCH086,2025-01-21 00:00:00,Withdrawn,188721
ENR001605,STU023390,SCH039,2025-03-24 00:00:00,Enrolled,73199
ENR001606,STU019398,SCH093,2021-07-14 00:00:00,Enrolled,73119
ENR001607,STU005754,SCH074,2022-04-27 00:00:00,Enrolled,207650
ENR001608,STU007145,SCH061,2024-12-29 00:00:00,Enrolled,157977
ENR001609,STU007403,SCH060,2026-01-16 00:00:00,Enrolled,240665
ENR001610,STU024776,SCH018,2022-12-04 00:00:00,Enrolled,154167
ENR001611,STU012254,SCH087,2025-06-19 00:00:00,Enrolled,202301
ENR001612,STU012988,SCH006,2023-02-08 00:00:00,Enrolled,202093
ENR001613,STU011238,SCH050,2026-07-11 00:00:00,Enrolled,198086
ENR001614,STU009429,SCH087,2025-09-26 00:00:00,Enrolled,157306
ENR001615,STU019323,SCH045,2023-07-27 00:00:00,Enrolled,142563
ENR001616,STU013392,SCH097,2022-06-27 00:00:00,Enrolled,104105
ENR001617,STU008530,SCH046,2023-09-22 00:00:00,Enrolled,127306
ENR001618,STU008491,SCH006,2025-01-29 00:00:00,Enrolled,80329
ENR001619,STU018800,SCH091,2023-12-11 00:00:00,Enrolled,135942
ENR001620,STU019883,SCH050,2025-09-03 00:00:00,Enrolled,216642
ENR001621,STU021398,SCH014,2022-11-05 00:00:00,Enrolled,62740
ENR001622,STU002729,SCH080,2025-06-29 00:00:00,Enrolled,164497
ENR001623,STU011706,SCH061,2022-05-27 00:00:00,Enrolled,94477
ENR001624,STU016552,SCH095,2024-01-14 00:00:00,Enrolled,114632
ENR001625,STU014885,SCH049,2021-06-23 00:00:00,Enrolled,115538
ENR001626,STU003474,SCH019,2022-01-29 00:00:00,Enrolled,242620
ENR001627,STU014078,SCH017,2021-06-21 00:00:00,Enrolled,67121
ENR001628,STU018498,SCH095,2024-03-07 00:00:00,Enrolled,230810
ENR001629,STU015288,SCH096,2022-08-05 00:00:00,Withdrawn,131794
ENR001630,STU020768,SCH061,2024-06-05 00:00:00,Enrolled,157372
ENR001631,STU016093,SCH020,2023-10-23 00:00:00,Withdrawn,222693
ENR001632,STU016246,SCH091,2024-11-21 00:00:00,Enrolled,93462
ENR001633,STU018778,SCH001,2023-08-05 00:00:00,Enrolled,159754
ENR001634,STU001733,SCH055,2025-04-09 00:00:00,Enrolled,106130
ENR001635,STU011008,SCH039,2023-04-29 00:00:00,Enrolled,72172
ENR001636,STU005574,SCH006,2024-10-23 00:00:00,Enrolled,133796
ENR001637,STU000063,SCH093,2022-06-01 00:00:00,Enrolled,169766
ENR001638,STU015285,SCH047,2023-03-12 00:00:00,Enrolled,217500
ENR001639,STU011102,SCH050,2022-01-30 00:00:00,Enrolled,54378
ENR001640,STU022100,SCH099,2022-08-31 00:00:00,Enrolled,235471
ENR001641,STU012021,SCH035,2023-12-17 00:00:00,Withdrawn,158852
ENR001642,STU022722,SCH061,2025-05-01 00:00:00,Enrolled,66662
ENR001643,STU006742,SCH080,2025-02-25 00:00:00,Enrolled,53406
ENR001644,STU017524,SCH073,2024-11-14 00:00:00,Enrolled,60304
ENR001645,STU000859,SCH053,2021-11-14 00:00:00,Enrolled,132415
ENR001646,STU022934,SCH053,2022-07-22 00:00:00,Withdrawn,144348
ENR001647,STU014990,SCH074,2022-10-11 00:00:00,Enrolled,140811
ENR001648,STU024873,SCH057,2021-11-08 00:00:00,Enrolled,129731
ENR001649,STU011200,SCH036,2025-07-16 00:00:00,Enrolled,220733
ENR001650,STU004227,SCH028,2023-08-30 00:00:00,Enrolled,116737
ENR001651,STU015621,SCH087,2022-08-19 00:00:00,Enrolled,64383
ENR001652,STU018021,SCH089,2022-02-27 00:00:00,Enrolled,62345
ENR001653,STU016657,SCH068,2021-06-24 00:00:00,Enrolled,219704
ENR001654,STU004584,SCH025,2025-06-02 00:00:00,Withdrawn,211812
ENR001655,STU016639,SCH068,2023-05-12 00:00:00,Enrolled,144777
ENR001656,STU013719,SCH052,2025-06-20 00:00:00,Withdrawn,72290
ENR001657,STU004347,SCH054,2023-12-01 00:00:00,Enrolled,158542
ENR001658,STU015415,SCH057,2024-08-11 00:00:00,Enrolled,72241
ENR001659,STU008832,SCH002,2026-08-05 00:00:00,Enrolled,81815
ENR001660,STU018196,SCH082,2021-10-28 00:00:00,Enrolled,249441
ENR001661,STU006489,SCH034,2021-07-29 00:00:00,Enrolled,221341
ENR001662,STU011602,SCH017,2025-12-13 00:00:00,Enrolled,51863
ENR001663,STU016775,SCH055,2022-04-23 00:00:00,Enrolled,214000
ENR001664,STU006634,SCH026,2026-09-20 00:00:00,Enrolled,218593
ENR001665,STU000498,SCH012,2025-10-03 00:00:00,Enrolled,212889
ENR001666,STU002605,SCH056,2025-10-15 00:00:00,Enrolled,79837
ENR001667,STU020738,SCH021,2023-01-13 00:00:00,Enrolled,103495
ENR001668,STU005275,SCH020,2025-07-13 00:00:00,Enrolled,154866
ENR001669,STU001365,SCH080,2021-12-08 00:00:00,Enrolled,85199
ENR001670,STU010866,SCH013,2021-06-10 00:00:00,Enrolled,52475
ENR001671,STU023241,SCH033,2025-12-01 00:00:00,Enrolled,219097
ENR001672,STU008434,SCH023,2023-01-10 00:00:00,Enrolled,199828
ENR001673,STU008694,SCH045,2026-08-29 00:00:00,Enrolled,69781
ENR001674,STU014976,SCH083,2023-01-27 00:00:00,Enrolled,246711
ENR001675,STU024721,SCH092,2021-09-26 00:00:00,Enrolled,52963
ENR001676,STU006190,SCH026,2025-06-12 00:00:00,Enrolled,163941
ENR001677,STU023509,SCH062,2021-02-24 00:00:00,Enrolled,177312
ENR001678,STU017138,SCH045,2026-03-22 00:00:00,Enrolled,146560
ENR001679,STU008034,SCH053,2023-03-20 00:00:00,Withdrawn,45959
ENR001680,STU013424,SCH086,2024-01-01 00:00:00,Enrolled,189024
ENR001681,STU008783,SCH016,2023-01-31 00:00:00,Enrolled,88494
ENR001682,STU011188,SCH034,2024-08-11 00:00:00,Enrolled,239940
ENR001683,STU000889,SCH097,2025-06-11 00:00:00,Enrolled,59545
ENR001684,STU024724,SCH079,2022-01-13 00:00:00,Enrolled,63579
ENR001685,STU006108,SCH044,2024-07-05 00:00:00,Enrolled,85716
ENR001686,STU020831,SCH020,2023-10-31 00:00:00,Enrolled,143251
ENR001687,STU012557,SCH099,2023-04-28 00:00:00,Enrolled,135883
ENR001688,STU016090,SCH086,2024-04-10 00:00:00,Enrolled,95088
ENR001689,STU015960,SCH084,2025-06-29 00:00:00,Enrolled,55908
ENR001690,STU007060,SCH082,2023-12-28 00:00:00,Enrolled,102563
ENR001691,STU012372,SCH073,2025-04-29 00:00:00,Enrolled,225667
ENR001692,STU001500,SCH048,2023-05-13 00:00:00,Enrolled,139888
ENR001693,STU022891,SCH074,2023-12-10 00:00:00,Enrolled,238169
ENR001694,STU000423,SCH052,2021-09-06 00:00:00,Enrolled,216302
ENR001695,STU003144,SCH098,2026-04-10 00:00:00,Enrolled,93663
ENR001696,STU021453,SCH081,2025-09-24 00:00:00,Enrolled,117569
ENR001697,STU009543,SCH032,2022-05-06 00:00:00,Enrolled,108419
ENR001698,STU006793,SCH017,2022-11-06 00:00:00,Enrolled,142394
ENR001699,STU004928,SCH032,2026-07-11 00:00:00,Enrolled,246534
ENR001700,STU011869,SCH054,2023-03-10 00:00:00,Enrolled,129156
ENR001701,STU020590,SCH065,2026-03-01 00:00:00,Enrolled,75655
ENR001702,STU022753,SCH004,2023-07-22 00:00:00,Enrolled,78744
ENR001703,STU024626,SCH034,2023-08-31 00:00:00,Enrolled,248308
ENR001704,STU006196,SCH057,2025-02-05 00:00:00,Enrolled,68098
ENR001705,STU017289,SCH062,2021-09-20 00:00:00,Enrolled,194489
ENR001706,STU013292,SCH070,2022-10-20 00:00:00,Enrolled,185332
ENR001707,STU016257,SCH004,2025-09-04 00:00:00,Enrolled,191683
ENR001708,STU005696,SCH091,2025-12-22 00:00:00,Enrolled,163180
ENR001709,STU001510,SCH090,2025-08-21 00:00:00,Enrolled,80654
ENR001710,STU024771,SCH058,2025-10-02 00:00:00,Enrolled,231519
ENR001711,STU014994,SCH029,2023-07-08 00:00:00,Enrolled,210246
ENR001712,STU002951,SCH096,2022-01-10 00:00:00,Enrolled,45339
ENR001713,STU018068,SCH089,2024-07-17 00:00:00,Withdrawn,188282
ENR001714,STU003828,SCH036,2025-01-08 00:00:00,Enrolled,159031
ENR001715,STU006955,SCH024,2024-11-05 00:00:00,Enrolled,196214
ENR001716,STU006105,SCH003,2023-04-03 00:00:00,Enrolled,125275
ENR001717,STU000666,SCH026,2021-07-07 00:00:00,Enrolled,249830
ENR001718,STU001891,SCH009,2022-05-31 00:00:00,Enrolled,164239
ENR001719,STU019312,SCH020,2024-06-15 00:00:00,Enrolled,161275
ENR001720,STU021889,SCH087,2023-07-25 00:00:00,Enrolled,142630
ENR001721,STU004352,SCH053,2026-05-03 00:00:00,Enrolled,45831
ENR001722,STU001348,SCH059,2022-08-22 00:00:00,Enrolled,162354
ENR001723,STU024444,SCH091,2022-09-28 00:00:00,Enrolled,66068
ENR001724,STU002204,SCH069,2026-08-12 00:00:00,Enrolled,176967
ENR001725,STU023195,SCH088,2022-03-31 00:00:00,Enrolled,199983
ENR001726,STU000018,SCH021,2024-08-20 00:00:00,Enrolled,177015
ENR001727,STU015982,SCH053,2022-01-30 00:00:00,Enrolled,57939
ENR001728,STU019048,SCH086,2024-10-28 00:00:00,Enrolled,232028
ENR001729,STU024996,SCH085,2022-12-25 00:00:00,Withdrawn,166790
ENR001730,STU015131,SCH041,2024-02-10 00:00:00,Enrolled,93153
ENR001731,STU019764,SCH062,2022-03-29 00:00:00,Enrolled,92318
ENR001732,STU011227,SCH015,2024-04-27 00:00:00,Enrolled,147524
ENR001733,STU007980,SCH070,2026-03-27 00:00:00,Enrolled,213235
ENR001734,STU007377,SCH010,2026-01-02 00:00:00,Enrolled,72594
ENR001735,STU005921,SCH029,2024-03-23 00:00:00,Enrolled,93415
ENR001736,STU003033,SCH015,2026-04-01 00:00:00,Enrolled,117305
ENR001737,STU015377,SCH071,2024-05-19 00:00:00,Enrolled,180454
ENR001738,STU023061,SCH070,2025-10-28 00:00:00,Enrolled,181993
ENR001739,STU006681,SCH053,2023-10-15 00:00:00,Enrolled,130922
ENR001740,STU024157,SCH057,2025-03-13 00:00:00,Enrolled,52108
ENR001741,STU016968,SCH097,2021-10-09 00:00:00,Enrolled,177242
ENR001742,STU019325,SCH057,2023-05-25 00:00:00,Enrolled,102726
ENR001743,STU022569,SCH021,2026-08-03 00:00:00,Enrolled,102048
ENR001744,STU019970,SCH061,2025-11-02 00:00:00,Enrolled,193508
ENR001745,STU017599,SCH061,2024-07-23 00:00:00,Enrolled,127695
ENR001746,STU021509,SCH003,2022-03-08 00:00:00,Enrolled,193362
ENR001747,STU017860,SCH028,2022-12-14 00:00:00,Enrolled,214576
ENR001748,STU005770,SCH059,2024-05-30 00:00:00,Enrolled,218382
ENR001749,STU013833,SCH002,2023-02-13 00:00:00,Enrolled,144890
ENR001750,STU011685,SCH045,2021-05-24 00:00:00,Enrolled,153511
ENR001751,STU021258,SCH086,2025-03-14 00:00:00,Enrolled,88758
ENR001752,STU002100,SCH100,2023-05-24 00:00:00,Enrolled,77717
ENR001753,STU019405,SCH098,2023-11-04 00:00:00,Enrolled,185981
ENR001754,STU006117,SCH031,2021-07-20 00:00:00,Enrolled,249260
ENR001755,STU003591,SCH093,2022-12-21 00:00:00,Enrolled,220569
ENR001756,STU023000,SCH009,2025-03-09 00:00:00,Enrolled,184554
ENR001757,STU005899,SCH056,2022-03-17 00:00:00,Enrolled,79514
ENR001758,STU000676,SCH002,2024-09-08 00:00:00,Enrolled,131089
ENR001759,STU014359,SCH088,2025-04-27 00:00:00,Enrolled,135666
ENR001760,STU004989,SCH002,2025-02-25 00:00:00,Enrolled,181749
ENR001761,STU011501,SCH092,2025-09-01 00:00:00,Enrolled,91945
ENR001762,STU009183,SCH075,2023-02-18 00:00:00,Enrolled,196649
ENR001763,STU024810,SCH019,2022-04-29 00:00:00,Enrolled,159070
ENR001764,STU017980,SCH017,2021-03-30 00:00:00,Enrolled,75098
ENR001765,STU021828,SCH055,2023-04-03 00:00:00,Enrolled,112504
ENR001766,STU021933,SCH055,2022-06-07 00:00:00,Enrolled,187860
ENR001767,STU011921,SCH026,2022-01-25 00:00:00,Enrolled,55111
ENR001768,STU003972,SCH026,2021-06-12 00:00:00,Enrolled,207251
ENR001769,STU006614,SCH020,2024-06-29 00:00:00,Withdrawn,216314
ENR001770,STU011364,SCH003,2025-06-10 00:00:00,Enrolled,187993
ENR001771,STU018901,SCH004,2026-08-14 00:00:00,Enrolled,151682
ENR001772,STU003688,SCH083,2023-12-05 00:00:00,Enrolled,54068
ENR001773,STU021637,SCH043,2023-08-22 00:00:00,Enrolled,173898
ENR001774,STU009021,SCH037,2024-05-24 00:00:00,Enrolled,85373
ENR001775,STU013807,SCH099,2026-05-09 00:00:00,Enrolled,66411
ENR001776,STU012336,SCH004,2022-05-10 00:00:00,Enrolled,226287
ENR001777,STU024895,SCH096,2023-12-04 00:00:00,Enrolled,51363
ENR001778,STU012989,SCH100,2023-01-23 00:00:00,Enrolled,190210
ENR001779,STU024478,SCH061,2025-04-16 00:00:00,Enrolled,222186
ENR001780,STU002112,SCH044,2024-01-14 00:00:00,Enrolled,134118
ENR001781,STU022936,SCH019,2023-12-05 00:00:00,Enrolled,113675
ENR001782,STU004017,SCH039,2026-07-09 00:00:00,Enrolled,199124
ENR001783,STU016137,SCH030,2021-10-15 00:00:00,Enrolled,65023
ENR001784,STU012513,SCH061,2021-11-25 00:00:00,Enrolled,86100
ENR001785,STU006456,SCH083,2022-08-20 00:00:00,Enrolled,109975
ENR001786,STU020742,SCH015,2023-03-04 00:00:00,Enrolled,152637
ENR001787,STU023747,SCH025,2026-02-11 00:00:00,Enrolled,89746
ENR001788,STU017442,SCH044,2024-10-09 00:00:00,Enrolled,208472
ENR001789,STU011192,SCH027,2022-05-21 00:00:00,Withdrawn,73099
ENR001790,STU018591,SCH071,2025-06-07 00:00:00,Enrolled,119341
ENR001791,STU017511,SCH024,2021-11-19 00:00:00,Enrolled,94954
ENR001792,STU006063,SCH055,2024-03-15 00:00:00,Enrolled,100552
ENR001793,STU005229,SCH017,2025-12-22 00:00:00,Enrolled,207959
ENR001794,STU023008,SCH012,2024-12-29 00:00:00,Enrolled,174345
ENR001795,STU003794,SCH021,2025-07-15 00:00:00,Enrolled,125647
ENR001796,STU001634,SCH089,2025-05-15 00:00:00,Enrolled,139770
ENR001797,STU017410,SCH036,2024-04-16 00:00:00,Enrolled,134106
ENR001798,STU007589,SCH026,2023-09-13 00:00:00,Enrolled,92703
ENR001799,STU008158,SCH026,2024-07-14 00:00:00,Enrolled,53185
ENR001800,STU018814,SCH084,2021-12-23 00:00:00,Enrolled,247854
ENR001801,STU000036,SCH040,2022-05-01 00:00:00,Enrolled,136897
ENR001802,STU008963,SCH030,2022-08-06 00:00:00,Enrolled,47748
ENR001803,STU024457,SCH100,2021-08-31 00:00:00,Enrolled,201723
ENR001804,STU011942,SCH025,2023-08-14 00:00:00,Enrolled,242516
ENR001805,STU000439,SCH096,2022-04-10 00:00:00,Enrolled,233280
ENR001806,STU024411,SCH068,2022-01-15 00:00:00,Withdrawn,152557
ENR001807,STU021512,SCH028,2023-02-02 00:00:00,Enrolled,157185
ENR001808,STU019767,SCH026,2024-02-03 00:00:00,Enrolled,187514
ENR001809,STU023928,SCH100,2026-04-11 00:00:00,Enrolled,70453
ENR001810,STU021409,SCH030,2021-11-26 00:00:00,Enrolled,229801
ENR001811,STU003551,SCH027,2025-11-16 00:00:00,Enrolled,63958
ENR001812,STU000565,SCH060,2025-01-31 00:00:00,Enrolled,89448
ENR001813,STU006318,SCH079,2025-03-05 00:00:00,Enrolled,236624
ENR001814,STU005699,SCH083,2021-06-29 00:00:00,Enrolled,126431
ENR001815,STU024094,SCH055,2024-05-04 00:00:00,Enrolled,200443
ENR001816,STU003573,SCH070,2025-01-16 00:00:00,Enrolled,143838
ENR001817,STU002749,SCH088,2023-04-30 00:00:00,Enrolled,105047
ENR001818,STU010956,SCH079,2025-01-01 00:00:00,Enrolled,47715
ENR001819,STU011729,SCH014,2023-07-03 00:00:00,Enrolled,240479
ENR001820,STU016961,SCH041,2021-05-25 00:00:00,Enrolled,234730
ENR001821,STU015619,SCH067,2021-04-16 00:00:00,Enrolled,207018
ENR001822,STU003153,SCH039,2025-03-21 00:00:00,Enrolled,57878
ENR001823,STU002624,SCH075,2025-02-21 00:00:00,Enrolled,166543
ENR001824,STU007048,SCH089,2025-09-07 00:00:00,Enrolled,169290
ENR001825,STU008129,SCH074,2026-09-01 00:00:00,Enrolled,124950
ENR001826,STU015347,SCH083,2025-09-04 00:00:00,Enrolled,221026
ENR001827,STU010405,SCH086,2023-08-26 00:00:00,Enrolled,126957
ENR001828,STU018401,SCH018,2024-09-15 00:00:00,Enrolled,48998
ENR001829,STU013828,SCH068,2024-04-11 00:00:00,Enrolled,134017
ENR001830,STU018216,SCH040,2022-12-24 00:00:00,Enrolled,201158
ENR001831,STU024902,SCH014,2022-11-27 00:00:00,Enrolled,164805
ENR001832,STU004490,SCH058,2026-04-16 00:00:00,Enrolled,211041
ENR001833,STU015802,SCH079,2026-01-15 00:00:00,Enrolled,194126
ENR001834,STU016226,SCH025,2021-11-10 00:00:00,Enrolled,155281
ENR001835,STU022359,SCH053,2024-05-24 00:00:00,Enrolled,106143
ENR001836,STU003882,SCH068,2021-09-18 00:00:00,Enrolled,244678
ENR001837,STU012661,SCH028,2024-02-19 00:00:00,Enrolled,190645
ENR001838,STU022499,SCH066,2024-09-24 00:00:00,Enrolled,71117
ENR001839,STU024603,SCH047,2026-04-10 00:00:00,Enrolled,83879
ENR001840,STU002613,SCH032,2026-01-17 00:00:00,Enrolled,79212
ENR001841,STU015323,SCH081,2023-06-24 00:00:00,Enrolled,90656
ENR001842,STU016296,SCH072,2021-07-03 00:00:00,Enrolled,133333
ENR001843,STU000571,SCH087,2024-01-26 00:00:00,Enrolled,233616
ENR001844,STU004817,SCH006,2022-01-06 00:00:00,Enrolled,135902
ENR001845,STU023239,SCH067,2022-04-01 00:00:00,Enrolled,219804
ENR001846,STU024777,SCH062,2021-05-29 00:00:00,Withdrawn,236724
ENR001847,STU015474,SCH047,2022-05-07 00:00:00,Enrolled,242724
ENR001848,STU005130,SCH092,2022-01-01 00:00:00,Enrolled,69471
ENR001849,STU004143,SCH086,2023-02-19 00:00:00,Withdrawn,83129
ENR001850,STU003935,SCH086,2022-04-13 00:00:00,Enrolled,76384
ENR001851,STU000929,SCH042,2023-04-21 00:00:00,Enrolled,104596
ENR001852,STU004112,SCH059,2025-05-10 00:00:00,Enrolled,96567
ENR001853,STU012382,SCH081,2022-11-08 00:00:00,Enrolled,103446
ENR001854,STU002422,SCH071,2024-10-05 00:00:00,Enrolled,70346
ENR001855,STU019179,SCH024,2023-10-23 00:00:00,Enrolled,207632
ENR001856,STU000338,SCH066,2022-08-21 00:00:00,Enrolled,81543
ENR001857,STU005049,SCH018,2021-04-16 00:00:00,Enrolled,112994
ENR001858,STU016438,SCH026,2024-05-08 00:00:00,Enrolled,46692
ENR001859,STU002315,SCH019,2024-07-22 00:00:00,Withdrawn,198962
ENR001860,STU009828,SCH034,2022-11-14 00:00:00,Enrolled,112225
ENR001861,STU006836,SCH012,2022-12-14 00:00:00,Enrolled,100026
ENR001862,STU019880,SCH039,2025-11-04 00:00:00,Withdrawn,112261
ENR001863,STU021682,SCH097,2024-02-28 00:00:00,Enrolled,131621
ENR001864,STU017437,SCH016,2026-01-17 00:00:00,Enrolled,196487
ENR001865,STU002403,SCH061,2026-09-02 00:00:00,Enrolled,51317
ENR001866,STU011184,SCH047,2026-05-09 00:00:00,Enrolled,188190
ENR001867,STU001180,SCH086,2022-07-05 00:00:00,Enrolled,223082
ENR001868,STU015771,SCH082,2024-05-04 00:00:00,Enrolled,175386
ENR001869,STU015408,SCH049,2025-07-07 00:00:00,Enrolled,63894
ENR001870,STU004302,SCH025,2025-07-16 00:00:00,Enrolled,213624
ENR001871,STU008843,SCH094,2026-01-20 00:00:00,Enrolled,139310
ENR001872,STU008950,SCH045,2023-10-31 00:00:00,Enrolled,243171
ENR001873,STU010135,SCH082,2024-09-07 00:00:00,Enrolled,142855
ENR001874,STU005631,SCH020,2023-11-08 00:00:00,Enrolled,112662
ENR001875,STU019216,SCH080,2022-10-18 00:00:00,Enrolled,230407
ENR001876,STU000210,SCH075,2022-09-16 00:00:00,Withdrawn,160325
ENR001877,STU010596,SCH046,2022-07-01 00:00:00,Enrolled,200086
ENR001878,STU003234,SCH008,2025-10-10 00:00:00,Enrolled,246115
ENR001879,STU022146,SCH023,2025-11-16 00:00:00,Enrolled,178998
ENR001880,STU016338,SCH011,2026-02-27 00:00:00,Enrolled,133846
ENR001881,STU021604,SCH048,2021-11-16 00:00:00,Enrolled,138268
ENR001882,STU003983,SCH062,2026-07-04 00:00:00,Enrolled,152914
ENR001883,STU005832,SCH098,2026-07-31 00:00:00,Enrolled,207564
ENR001884,STU003385,SCH062,2026-03-19 00:00:00,Enrolled,129256
ENR001885,STU020089,SCH056,2025-12-05 00:00:00,Enrolled,87526
ENR001886,STU017963,SCH080,2023-06-13 00:00:00,Enrolled,128686
ENR001887,STU004409,SCH080,2021-04-14 00:00:00,Enrolled,74342
ENR001888,STU001128,SCH077,2021-04-24 00:00:00,Enrolled,61985
ENR001889,STU022081,SCH055,2021-07-05 00:00:00,Enrolled,186307
ENR001890,STU001677,SCH008,2025-11-27 00:00:00,Withdrawn,177247
ENR001891,STU011679,SCH020,2025-11-16 00:00:00,Enrolled,165995
ENR001892,STU019673,SCH014,2025-11-28 00:00:00,Enrolled,133617
ENR001893,STU016399,SCH015,2022-06-09 00:00:00,Enrolled,205665
ENR001894,STU011965,SCH089,2023-12-19 00:00:00,Enrolled,156506
ENR001895,STU019854,SCH036,2024-09-09 00:00:00,Withdrawn,175087
ENR001896,STU016777,SCH088,2022-10-11 00:00:00,Enrolled,148760
ENR001897,STU004740,SCH032,2023-10-25 00:00:00,Enrolled,68641
ENR001898,STU023793,SCH013,2024-12-28 00:00:00,Enrolled,90476
ENR001899,STU024598,SCH081,2026-06-02 00:00:00,Enrolled,168905
ENR001900,STU007605,SCH070,2025-03-09 00:00:00,Enrolled,204431
ENR001901,STU005212,SCH014,2025-09-18 00:00:00,Enrolled,144364
ENR001902,STU007965,SCH078,2021-06-08 00:00:00,Enrolled,66650
ENR001903,STU016901,SCH045,2025-02-12 00:00:00,Enrolled,106508
ENR001904,STU005135,SCH012,2021-10-28 00:00:00,Enrolled,104317
ENR001905,STU007524,SCH067,2025-09-20 00:00:00,Enrolled,178629
ENR001906,STU000899,SCH054,2024-02-03 00:00:00,Enrolled,140705
ENR001907,STU006649,SCH015,2023-06-14 00:00:00,Enrolled,60905
ENR001908,STU002883,SCH087,2022-11-08 00:00:00,Enrolled,150902
ENR001909,STU003506,SCH013,2023-11-16 00:00:00,Enrolled,65927
ENR001910,STU005578,SCH015,2023-10-30 00:00:00,Withdrawn,58833
ENR001911,STU023581,SCH076,2023-12-03 00:00:00,Enrolled,219766
ENR001912,STU021074,SCH021,2025-10-21 00:00:00,Withdrawn,117843
ENR001913,STU016165,SCH008,2024-09-07 00:00:00,Enrolled,76543
ENR001914,STU017941,SCH013,2026-01-20 00:00:00,Enrolled,235062
ENR001915,STU018764,SCH005,2021-03-04 00:00:00,Enrolled,204233
ENR001916,STU008288,SCH027,2023-08-07 00:00:00,Enrolled,78475
ENR001917,STU019747,SCH017,2025-07-30 00:00:00,Enrolled,155111
ENR001918,STU018742,SCH064,2024-07-21 00:00:00,Withdrawn,227232
ENR001919,STU008483,SCH071,2024-01-05 00:00:00,Enrolled,68297
ENR001920,STU015700,SCH047,2024-12-06 00:00:00,Enrolled,87703
ENR001921,STU002059,SCH072,2023-08-22 00:00:00,Enrolled,82183
ENR001922,STU007487,SCH064,2021-12-26 00:00:00,Withdrawn,172560
ENR001923,STU005598,SCH007,2023-03-03 00:00:00,Enrolled,216083
ENR001924,STU009117,SCH031,2026-04-27 00:00:00,Enrolled,119960
ENR001925,STU005585,SCH028,2026-06-30 00:00:00,Enrolled,49542
ENR001926,STU009022,SCH040,2026-02-07 00:00:00,Enrolled,66175
ENR001927,STU011439,SCH038,2022-10-28 00:00:00,Enrolled,65195
ENR001928,STU008802,SCH088,2026-05-07 00:00:00,Enrolled,60932
ENR001929,STU012757,SCH097,2026-04-12 00:00:00,Withdrawn,176369
ENR001930,STU011164,SCH059,2022-07-16 00:00:00,Enrolled,197481
ENR001931,STU021050,SCH027,2023-10-03 00:00:00,Enrolled,137164
ENR001932,STU019328,SCH033,2024-08-31 00:00:00,Enrolled,78569
ENR001933,STU020221,SCH097,2021-03-20 00:00:00,Enrolled,186141
ENR001934,STU021091,SCH006,2022-03-20 00:00:00,Withdrawn,98939
ENR001935,STU001251,SCH057,2022-04-02 00:00:00,Enrolled,196267
ENR001936,STU018747,SCH033,2022-08-09 00:00:00,Enrolled,114023
ENR001937,STU005445,SCH022,2023-03-26 00:00:00,Enrolled,193775
ENR001938,STU024601,SCH005,2022-11-16 00:00:00,Enrolled,46951
ENR001939,STU002132,SCH058,2021-12-06 00:00:00,Enrolled,182706
ENR001940,STU013374,SCH085,2022-08-11 00:00:00,Enrolled,86084
ENR001941,STU002439,SCH071,2023-05-11 00:00:00,Enrolled,137974
ENR001942,STU016430,SCH053,2026-03-26 00:00:00,Enrolled,62895
ENR001943,STU011833,SCH062,2022-10-01 00:00:00,Enrolled,63490
ENR001944,STU008355,SCH065,2025-11-10 00:00:00,Enrolled,139872
ENR001945,STU015965,SCH032,2024-10-10 00:00:00,Enrolled,124689
ENR001946,STU017465,SCH007,2024-01-18 00:00:00,Enrolled,212670
ENR001947,STU020479,SCH090,2023-07-17 00:00:00,Enrolled,93244
ENR001948,STU008014,SCH096,2024-02-17 00:00:00,Enrolled,124522
ENR001949,STU024563,SCH071,2024-05-24 00:00:00,Enrolled,115837
ENR001950,STU015634,SCH055,2022-05-14 00:00:00,Enrolled,80833
ENR001951,STU016456,SCH047,2021-06-13 00:00:00,Enrolled,243377
ENR001952,STU001031,SCH054,2024-08-25 00:00:00,Enrolled,226415
ENR001953,STU014004,SCH070,2021-07-03 00:00:00,Enrolled,165495
ENR001954,STU001096,SCH059,2026-08-10 00:00:00,Withdrawn,121805
ENR001955,STU021567,SCH001,2025-09-20 00:00:00,Enrolled,201527
ENR001956,STU001417,SCH081,2026-09-25 00:00:00,Enrolled,199248
ENR001957,STU013006,SCH058,2022-03-02 00:00:00,Enrolled,227533
ENR001958,STU020465,SCH072,2022-12-13 00:00:00,Enrolled,67702
ENR001959,STU001944,SCH081,2021-11-04 00:00:00,Enrolled,63374
ENR001960,STU013791,SCH057,2023-07-14 00:00:00,Enrolled,100385
ENR001961,STU011931,SCH049,2022-12-27 00:00:00,Enrolled,53151
ENR001962,STU017139,SCH054,2024-12-05 00:00:00,Enrolled,66791
ENR001963,STU014639,SCH014,2025-01-26 00:00:00,Enrolled,63639
ENR001964,STU000666,SCH006,2025-09-18 00:00:00,Enrolled,89675
ENR001965,STU014912,SCH092,2022-09-18 00:00:00,Enrolled,72854
ENR001966,STU019404,SCH058,2026-04-10 00:00:00,Enrolled,177020
ENR001967,STU004650,SCH071,2022-03-23 00:00:00,Enrolled,86399
ENR001968,STU013233,SCH050,2024-01-12 00:00:00,Enrolled,233224
ENR001969,STU001512,SCH022,2022-07-20 00:00:00,Enrolled,140471
ENR001970,STU003607,SCH061,2023-07-21 00:00:00,Enrolled,163626
ENR001971,STU000131,SCH090,2026-03-08 00:00:00,Enrolled,112884
ENR001972,STU011563,SCH044,2025-12-16 00:00:00,Enrolled,98681
ENR001973,STU004842,SCH022,2024-08-26 00:00:00,Enrolled,55780
ENR001974,STU006886,SCH023,2025-12-16 00:00:00,Enrolled,179442
ENR001975,STU018163,SCH075,2023-07-13 00:00:00,Enrolled,241857
ENR001976,STU009117,SCH054,2022-08-14 00:00:00,Enrolled,144841
ENR001977,STU012936,SCH079,2023-05-05 00:00:00,Enrolled,245218
ENR001978,STU017085,SCH070,2024-09-15 00:00:00,Enrolled,238844
ENR001979,STU013804,SCH026,2025-05-06 00:00:00,Enrolled,178637
ENR001980,STU023470,SCH072,2021-06-24 00:00:00,Enrolled,246252
ENR001981,STU016357,SCH028,2026-06-16 00:00:00,Enrolled,87600
ENR001982,STU011129,SCH009,2024-10-24 00:00:00,Enrolled,106960
ENR001983,STU015814,SCH038,2026-09-08 00:00:00,Enrolled,80134
ENR001984,STU024962,SCH018,2022-12-06 00:00:00,Enrolled,72508
ENR001985,STU008955,SCH092,2021-08-28 00:00:00,Enrolled,127637
ENR001986,STU000928,SCH027,2025-07-17 00:00:00,Enrolled,163379
ENR001987,STU007354,SCH049,2023-05-28 00:00:00,Enrolled,159523
ENR001988,STU007623,SCH069,2022-06-14 00:00:00,Enrolled,190321
ENR001989,STU015149,SCH100,2025-09-29 00:00:00,Enrolled,190820
ENR001990,STU013018,SCH081,2025-01-07 00:00:00,Enrolled,103539
ENR001991,STU023505,SCH063,2024-01-04 00:00:00,Enrolled,115514
ENR001992,STU019956,SCH007,2024-07-06 00:00:00,Enrolled,230374
ENR001993,STU006916,SCH057,2021-02-24 00:00:00,Enrolled,107938
ENR001994,STU019870,SCH033,2025-03-06 00:00:00,Enrolled,231695
ENR001995,STU005561,SCH047,2024-05-04 00:00:00,Enrolled,92461
ENR001996,STU007146,SCH058,2025-05-01 00:00:00,Enrolled,210628
ENR001997,STU015902,SCH053,2022-09-13 00:00:00,Enrolled,150519
ENR001998,STU009290,SCH041,2023-11-29 00:00:00,Enrolled,185275
ENR001999,STU005165,SCH065,2024-08-28 00:00:00,Enrolled,76721
ENR002000,STU012274,SCH029,2026-01-15 00:00:00,Enrolled,121293
ENR002001,STU008636,SCH010,2023-08-02 00:00:00,Withdrawn,232616
ENR002002,STU015216,SCH077,2023-03-22 00:00:00,Enrolled,232908
ENR002003,STU015553,SCH036,2025-12-07 00:00:00,Enrolled,66410
ENR002004,STU011393,SCH074,2023-10-16 00:00:00,Enrolled,114458
ENR002005,STU020943,SCH031,2022-07-22 00:00:00,Enrolled,209364
ENR002006,STU003066,SCH056,2024-03-21 00:00:00,Enrolled,221651
ENR002007,STU011441,SCH031,2025-01-19 00:00:00,Enrolled,78862
ENR002008,STU002359,SCH028,2025-02-13 00:00:00,Enrolled,203164
ENR002009,STU010838,SCH013,2022-01-28 00:00:00,Enrolled,92121
ENR002010,STU009071,SCH014,2026-07-26 00:00:00,Enrolled,163147
ENR002011,STU016209,SCH024,2026-03-18 00:00:00,Enrolled,150409
ENR002012,STU003150,SCH010,2026-03-10 00:00:00,Enrolled,57035
ENR002013,STU000183,SCH040,2023-07-12 00:00:00,Enrolled,64980
ENR002014,STU011150,SCH087,2026-01-21 00:00:00,Enrolled,78128
ENR002015,STU011359,SCH100,2021-05-18 00:00:00,Enrolled,247598
ENR002016,STU016318,SCH071,2022-06-21 00:00:00,Enrolled,205853
ENR002017,STU015472,SCH079,2025-08-28 00:00:00,Enrolled,239876
ENR002018,STU020526,SCH051,2025-09-22 00:00:00,Withdrawn,68466
ENR002019,STU001727,SCH078,2025-12-07 00:00:00,Enrolled,200357
ENR002020,STU003586,SCH003,2026-01-10 00:00:00,Enrolled,163990
ENR002021,STU008535,SCH051,2021-10-05 00:00:00,Enrolled,65736
ENR002022,STU007601,SCH079,2025-02-18 00:00:00,Enrolled,125381
ENR002023,STU006840,SCH100,2021-10-10 00:00:00,Enrolled,105753
ENR002024,STU009889,SCH097,2024-04-23 00:00:00,Enrolled,192255
ENR002025,STU009677,SCH061,2021-08-12 00:00:00,Enrolled,217115
ENR002026,STU007799,SCH030,2025-09-07 00:00:00,Enrolled,199212
ENR002027,STU016285,SCH027,2023-11-17 00:00:00,Enrolled,149123
ENR002028,STU021111,SCH069,2025-10-20 00:00:00,Enrolled,224826
ENR002029,STU006795,SCH054,2024-02-08 00:00:00,Enrolled,153275
ENR002030,STU014633,SCH097,2025-10-22 00:00:00,Enrolled,70541
ENR002031,STU006537,SCH089,2026-06-20 00:00:00,Withdrawn,152146
ENR002032,STU019193,SCH098,2024-12-16 00:00:00,Enrolled,184565
ENR002033,STU022655,SCH013,2021-10-06 00:00:00,Enrolled,96418
ENR002034,STU006810,SCH085,2023-09-07 00:00:00,Enrolled,241670
ENR002035,STU015208,SCH063,2024-04-25 00:00:00,Enrolled,197328
ENR002036,STU021709,SCH072,2026-07-03 00:00:00,Enrolled,179247
ENR002037,STU023096,SCH022,2024-01-26 00:00:00,Withdrawn,111299
ENR002038,STU011273,SCH033,2025-11-27 00:00:00,Enrolled,77589
ENR002039,STU004855,SCH090,2026-07-29 00:00:00,Enrolled,153757
ENR002040,STU021725,SCH100,2022-07-07 00:00:00,Enrolled,113888
ENR002041,STU020423,SCH039,2025-04-04 00:00:00,Enrolled,81864
ENR002042,STU002858,SCH079,2022-12-13 00:00:00,Enrolled,194172
ENR002043,STU014483,SCH063,2021-03-08 00:00:00,Enrolled,186626
ENR002044,STU008312,SCH002,2021-12-27 00:00:00,Enrolled,211714
ENR002045,STU021735,SCH100,2024-03-13 00:00:00,Enrolled,139135
ENR002046,STU021623,SCH082,2021-12-12 00:00:00,Enrolled,116781
ENR002047,STU000319,SCH085,2024-08-18 00:00:00,Enrolled,117485
ENR002048,STU010055,SCH077,2025-09-15 00:00:00,Withdrawn,103846
ENR002049,STU003368,SCH039,2026-06-16 00:00:00,Enrolled,115587
ENR002050,STU004980,SCH032,2025-08-07 00:00:00,Enrolled,210242
ENR002051,STU002676,SCH006,2023-01-05 00:00:00,Enrolled,48637
ENR002052,STU004484,SCH041,2023-05-19 00:00:00,Enrolled,159508
ENR002053,STU012825,SCH089,2023-05-25 00:00:00,Enrolled,222851
ENR002054,STU013109,SCH053,2024-12-31 00:00:00,Enrolled,106454
ENR002055,STU022638,SCH023,2026-05-19 00:00:00,Enrolled,95108
ENR002056,STU008056,SCH026,2025-01-11 00:00:00,Enrolled,59674
ENR002057,STU015799,SCH013,2025-07-14 00:00:00,Enrolled,216645
ENR002058,STU015725,SCH060,2023-10-19 00:00:00,Enrolled,128644
ENR002059,STU019282,SCH080,2023-01-28 00:00:00,Enrolled,130864
ENR002060,STU014922,SCH009,2025-06-15 00:00:00,Enrolled,92617
ENR002061,STU000157,SCH027,2024-11-30 00:00:00,Enrolled,223369
ENR002062,STU007194,SCH073,2021-02-19 00:00:00,Enrolled,226695
ENR002063,STU006389,SCH093,2024-12-20 00:00:00,Enrolled,111511
ENR002064,STU001538,SCH049,2021-04-26 00:00:00,Enrolled,185079
ENR002065,STU022452,SCH087,2022-02-15 00:00:00,Enrolled,208536
ENR002066,STU006742,SCH003,2026-09-12 00:00:00,Enrolled,98071
ENR002067,STU015541,SCH083,2024-10-29 00:00:00,Enrolled,133118
ENR002068,STU014810,SCH067,2021-06-07 00:00:00,Withdrawn,52146
ENR002069,STU012379,SCH066,2024-05-30 00:00:00,Enrolled,104137
ENR002070,STU017004,SCH080,2023-08-24 00:00:00,Enrolled,186523
ENR002071,STU012987,SCH007,2022-06-21 00:00:00,Enrolled,109634
ENR002072,STU022415,SCH009,2024-03-31 00:00:00,Enrolled,140003
ENR002073,STU000990,SCH092,2021-05-02 00:00:00,Enrolled,112372
ENR002074,STU012352,SCH015,2022-08-25 00:00:00,Enrolled,56956
ENR002075,STU007920,SCH075,2022-05-14 00:00:00,Enrolled,48936
ENR002076,STU000937,SCH002,2023-09-20 00:00:00,Enrolled,159624
ENR002077,STU012463,SCH035,2025-05-21 00:00:00,Enrolled,238055
ENR002078,STU016766,SCH058,2022-10-26 00:00:00,Enrolled,239075
ENR002079,STU023896,SCH016,2023-06-25 00:00:00,Enrolled,96436
ENR002080,STU003008,SCH079,2021-08-24 00:00:00,Enrolled,157141
ENR002081,STU015585,SCH034,2024-12-14 00:00:00,Enrolled,134697
ENR002082,STU011419,SCH025,2025-10-20 00:00:00,Enrolled,162113
ENR002083,STU004502,SCH036,2026-05-16 00:00:00,Withdrawn,78717
ENR002084,STU020715,SCH005,2023-01-03 00:00:00,Enrolled,213465
ENR002085,STU018195,SCH088,2024-06-24 00:00:00,Enrolled,246144
ENR002086,STU013192,SCH040,2025-05-04 00:00:00,Enrolled,169449
ENR002087,STU009833,SCH059,2025-07-19 00:00:00,Enrolled,239335
ENR002088,STU024069,SCH018,2023-09-30 00:00:00,Enrolled,147883
ENR002089,STU017116,SCH070,2021-02-26 00:00:00,Enrolled,194520
ENR002090,STU005463,SCH014,2024-04-12 00:00:00,Enrolled,128360
ENR002091,STU009588,SCH093,2021-05-31 00:00:00,Enrolled,101832
ENR002092,STU008812,SCH050,2024-06-11 00:00:00,Enrolled,120659
ENR002093,STU004825,SCH080,2026-07-31 00:00:00,Enrolled,210737
ENR002094,STU007437,SCH094,2021-12-02 00:00:00,Enrolled,47015
ENR002095,STU008896,SCH050,2022-04-11 00:00:00,Enrolled,124317
ENR002096,STU012185,SCH063,2026-03-30 00:00:00,Enrolled,104631
ENR002097,STU017740,SCH093,2021-08-25 00:00:00,Enrolled,85168
ENR002098,STU005795,SCH072,2026-07-04 00:00:00,Withdrawn,142662
ENR002099,STU016358,SCH009,2023-11-18 00:00:00,Enrolled,170246
ENR002100,STU019445,SCH080,2026-08-03 00:00:00,Enrolled,202866
ENR002101,STU013058,SCH067,2022-10-08 00:00:00,Enrolled,160680
ENR002102,STU022959,SCH002,2021-03-12 00:00:00,Enrolled,195589
ENR002103,STU021800,SCH016,2021-05-30 00:00:00,Enrolled,66150
ENR002104,STU017156,SCH096,2026-07-28 00:00:00,Enrolled,89080
ENR002105,STU018293,SCH052,2026-06-21 00:00:00,Enrolled,222718
ENR002106,STU023065,SCH086,2025-09-09 00:00:00,Enrolled,145178
ENR002107,STU023302,SCH010,2023-09-30 00:00:00,Enrolled,211721
ENR002108,STU010924,SCH074,2024-12-16 00:00:00,Enrolled,219105
ENR002109,STU002836,SCH022,2025-02-13 00:00:00,Enrolled,110837
ENR002110,STU006925,SCH045,2021-11-12 00:00:00,Enrolled,145929
ENR002111,STU015580,SCH032,2025-03-03 00:00:00,Enrolled,145401
ENR002112,STU014867,SCH060,2021-11-06 00:00:00,Enrolled,96329
ENR002113,STU015923,SCH017,2023-03-09 00:00:00,Enrolled,150271
ENR002114,STU002019,SCH097,2023-09-26 00:00:00,Enrolled,186825
ENR002115,STU020863,SCH056,2023-07-06 00:00:00,Enrolled,55208
ENR002116,STU018340,SCH027,2023-12-19 00:00:00,Enrolled,65173
ENR002117,STU015475,SCH076,2022-12-04 00:00:00,Withdrawn,59710
ENR002118,STU015805,SCH097,2025-11-20 00:00:00,Enrolled,171599
ENR002119,STU005276,SCH057,2026-08-18 00:00:00,Enrolled,176945
ENR002120,STU023982,SCH006,2026-01-03 00:00:00,Enrolled,179931
ENR002121,STU009332,SCH035,2026-02-08 00:00:00,Enrolled,59301
ENR002122,STU022289,SCH084,2022-05-12 00:00:00,Enrolled,209231
ENR002123,STU005779,SCH068,2026-01-25 00:00:00,Enrolled,203323
ENR002124,STU023103,SCH076,2026-02-23 00:00:00,Withdrawn,144402
ENR002125,STU011893,SCH076,2026-09-22 00:00:00,Enrolled,150825
ENR002126,STU005774,SCH083,2024-12-31 00:00:00,Withdrawn,154715
ENR002127,STU017557,SCH043,2026-07-09 00:00:00,Withdrawn,97551
ENR002128,STU023970,SCH020,2021-03-24 00:00:00,Enrolled,234976
ENR002129,STU006618,SCH024,2025-10-30 00:00:00,Enrolled,196501
ENR002130,STU003358,SCH054,2022-07-30 00:00:00,Enrolled,89635
ENR002131,STU002101,SCH082,2023-02-07 00:00:00,Enrolled,120146
ENR002132,STU023755,SCH084,2024-12-08 00:00:00,Enrolled,173902
ENR002133,STU010156,SCH045,2022-04-10 00:00:00,Enrolled,101236
ENR002134,STU005924,SCH069,2024-05-13 00:00:00,Enrolled,135307
ENR002135,STU022915,SCH054,2024-05-27 00:00:00,Enrolled,84745
ENR002136,STU001048,SCH096,2023-09-09 00:00:00,Enrolled,231348
ENR002137,STU012078,SCH001,2023-01-20 00:00:00,Enrolled,74504
ENR002138,STU017170,SCH039,2022-11-14 00:00:00,Enrolled,174116
ENR002139,STU014561,SCH059,2021-12-20 00:00:00,Enrolled,183253
ENR002140,STU001842,SCH015,2024-06-19 00:00:00,Enrolled,189696
ENR002141,STU002141,SCH098,2021-04-21 00:00:00,Enrolled,139940
ENR002142,STU017556,SCH074,2024-05-04 00:00:00,Enrolled,45212
ENR002143,STU014590,SCH056,2025-11-06 00:00:00,Enrolled,65428
ENR002144,STU004984,SCH026,2022-09-01 00:00:00,Enrolled,67410
ENR002145,STU023508,SCH073,2023-12-30 00:00:00,Enrolled,148316
ENR002146,STU000673,SCH067,2022-11-27 00:00:00,Enrolled,165950
ENR002147,STU006763,SCH008,2024-10-27 00:00:00,Enrolled,129749
ENR002148,STU009690,SCH100,2022-04-16 00:00:00,Enrolled,114897
ENR002149,STU017905,SCH038,2025-11-09 00:00:00,Enrolled,158642
ENR002150,STU004286,SCH038,2022-08-28 00:00:00,Enrolled,91440
ENR002151,STU006726,SCH001,2021-12-22 00:00:00,Enrolled,121960
ENR002152,STU018238,SCH078,2025-02-09 00:00:00,Enrolled,224786
ENR002153,STU010013,SCH041,2026-03-19 00:00:00,Enrolled,202288
ENR002154,STU018075,SCH091,2022-09-05 00:00:00,Enrolled,60040
ENR002155,STU022525,SCH064,2026-03-14 00:00:00,Enrolled,149304
ENR002156,STU004984,SCH029,2025-07-12 00:00:00,Enrolled,125728
ENR002157,STU018441,SCH079,2023-03-11 00:00:00,Enrolled,73859
ENR002158,STU005608,SCH097,2024-05-24 00:00:00,Enrolled,155253
ENR002159,STU023137,SCH047,2022-05-10 00:00:00,Enrolled,225179
ENR002160,STU017525,SCH011,2026-05-01 00:00:00,Enrolled,236354
ENR002161,STU019332,SCH062,2022-02-28 00:00:00,Enrolled,161335
ENR002162,STU010530,SCH042,2024-05-09 00:00:00,Enrolled,97441
ENR002163,STU023572,SCH085,2023-05-07 00:00:00,Enrolled,236150
ENR002164,STU015835,SCH050,2023-04-02 00:00:00,Enrolled,121995
ENR002165,STU018020,SCH020,2025-11-01 00:00:00,Withdrawn,75922
ENR002166,STU019082,SCH068,2025-12-25 00:00:00,Enrolled,114427
ENR002167,STU020138,SCH027,2024-05-06 00:00:00,Enrolled,107650
ENR002168,STU011507,SCH001,2023-09-10 00:00:00,Enrolled,201870
ENR002169,STU002980,SCH063,2023-03-27 00:00:00,Enrolled,82421
ENR002170,STU012873,SCH055,2022-03-30 00:00:00,Enrolled,146150
ENR002171,STU002341,SCH038,2022-05-03 00:00:00,Enrolled,151197
ENR002172,STU021009,SCH043,2021-02-17 00:00:00,Enrolled,141841
ENR002173,STU019777,SCH055,2023-12-11 00:00:00,Enrolled,216607
ENR002174,STU024343,SCH008,2023-10-22 00:00:00,Enrolled,46404
ENR002175,STU024974,SCH001,2024-08-01 00:00:00,Enrolled,66671
ENR002176,STU015240,SCH083,2022-05-28 00:00:00,Enrolled,175276
ENR002177,STU024346,SCH008,2026-03-28 00:00:00,Enrolled,181379
ENR002178,STU023922,SCH044,2021-12-09 00:00:00,Enrolled,161521
ENR002179,STU018627,SCH019,2022-12-14 00:00:00,Enrolled,58663
ENR002180,STU019955,SCH096,2025-08-18 00:00:00,Enrolled,188420
ENR002181,STU012889,SCH068,2025-11-10 00:00:00,Enrolled,239083
ENR002182,STU010534,SCH069,2021-03-27 00:00:00,Enrolled,56163
ENR002183,STU004351,SCH010,2025-02-06 00:00:00,Enrolled,223667
ENR002184,STU007407,SCH014,2021-12-19 00:00:00,Enrolled,204346
ENR002185,STU014139,SCH042,2023-01-11 00:00:00,Enrolled,109344
ENR002186,STU022560,SCH002,2022-03-26 00:00:00,Enrolled,78929
ENR002187,STU014180,SCH069,2025-07-09 00:00:00,Enrolled,175896
ENR002188,STU010348,SCH031,2022-10-28 00:00:00,Enrolled,93321
ENR002189,STU018279,SCH017,2022-07-17 00:00:00,Enrolled,93310
ENR002190,STU016675,SCH085,2025-06-21 00:00:00,Enrolled,134140
ENR002191,STU004809,SCH064,2024-05-30 00:00:00,Enrolled,244095
ENR002192,STU020364,SCH074,2023-06-06 00:00:00,Withdrawn,243713
ENR002193,STU004582,SCH070,2022-08-28 00:00:00,Withdrawn,109093
ENR002194,STU007415,SCH028,2022-12-29 00:00:00,Enrolled,105145
ENR002195,STU022474,SCH008,2022-05-19 00:00:00,Enrolled,249931
ENR002196,STU008250,SCH029,2024-05-08 00:00:00,Enrolled,46300
ENR002197,STU006775,SCH046,2026-10-27 00:00:00,Enrolled,201816
ENR002198,STU007035,SCH044,2025-01-24 00:00:00,Withdrawn,148709
ENR002199,STU022383,SCH032,2022-05-26 00:00:00,Enrolled,248413
ENR002200,STU013133,SCH063,2023-09-29 00:00:00,Withdrawn,128111
ENR002201,STU022569,SCH069,2022-03-19 00:00:00,Withdrawn,152516
ENR002202,STU016738,SCH036,2024-03-09 00:00:00,Enrolled,221381
ENR002203,STU020923,SCH010,2021-04-12 00:00:00,Enrolled,103142
ENR002204,STU010441,SCH057,2023-08-09 00:00:00,Enrolled,154663
ENR002205,STU021967,SCH094,2022-09-02 00:00:00,Enrolled,49181
ENR002206,STU001752,SCH024,2026-08-24 00:00:00,Enrolled,118838
ENR002207,STU004310,SCH085,2025-08-25 00:00:00,Enrolled,238095
ENR002208,STU014112,SCH084,2024-08-14 00:00:00,Enrolled,45985
ENR002209,STU020367,SCH034,2022-07-14 00:00:00,Enrolled,115459
ENR002210,STU009771,SCH096,2022-10-11 00:00:00,Enrolled,81048
ENR002211,STU014507,SCH073,2024-01-13 00:00:00,Enrolled,107772
ENR002212,STU011894,SCH056,2025-06-16 00:00:00,Enrolled,142840
ENR002213,STU011284,SCH067,2025-03-27 00:00:00,Enrolled,85247
ENR002214,STU014249,SCH014,2024-12-24 00:00:00,Enrolled,160073
ENR002215,STU007084,SCH058,2025-01-07 00:00:00,Enrolled,139491
ENR002216,STU009044,SCH010,2023-08-01 00:00:00,Enrolled,201218
ENR002217,STU006870,SCH055,2021-03-24 00:00:00,Enrolled,110505
ENR002218,STU023312,SCH019,2026-03-18 00:00:00,Enrolled,171886
ENR002219,STU017373,SCH039,2021-04-04 00:00:00,Enrolled,68869
ENR002220,STU004152,SCH001,2025-12-08 00:00:00,Enrolled,88480
ENR002221,STU000924,SCH007,2024-11-04 00:00:00,Enrolled,170677
ENR002222,STU019831,SCH079,2025-08-10 00:00:00,Enrolled,150940
ENR002223,STU009573,SCH028,2021-08-27 00:00:00,Enrolled,158323
ENR002224,STU004032,SCH076,2022-01-31 00:00:00,Enrolled,114239
ENR002225,STU006908,SCH040,2022-12-17 00:00:00,Enrolled,211004
ENR002226,STU018270,SCH073,2026-08-21 00:00:00,Enrolled,164162
ENR002227,STU020338,SCH038,2025-04-07 00:00:00,Enrolled,180156
ENR002228,STU014603,SCH011,2023-01-29 00:00:00,Enrolled,166332
ENR002229,STU011873,SCH053,2024-09-24 00:00:00,Enrolled,220106
ENR002230,STU015233,SCH094,2021-11-12 00:00:00,Enrolled,63542
ENR002231,STU024058,SCH098,2023-03-16 00:00:00,Enrolled,94638
ENR002232,STU010789,SCH006,2022-08-03 00:00:00,Enrolled,105154
ENR002233,STU017971,SCH100,2025-02-24 00:00:00,Enrolled,102749
ENR002234,STU003161,SCH068,2023-11-27 00:00:00,Enrolled,240652
ENR002235,STU024903,SCH018,2021-07-25 00:00:00,Enrolled,164516
ENR002236,STU004448,SCH084,2024-12-02 00:00:00,Enrolled,56127
ENR002237,STU008335,SCH023,2025-02-22 00:00:00,Enrolled,93038
ENR002238,STU011864,SCH043,2022-04-18 00:00:00,Enrolled,141519
ENR002239,STU016858,SCH020,2024-11-08 00:00:00,Enrolled,78173
ENR002240,STU008843,SCH077,2024-07-18 00:00:00,Enrolled,228712
ENR002241,STU014947,SCH034,2025-01-27 00:00:00,Enrolled,92843
ENR002242,STU002716,SCH011,2024-07-02 00:00:00,Enrolled,191848
ENR002243,STU022736,SCH046,2023-07-13 00:00:00,Enrolled,185519
ENR002244,STU007299,SCH024,2022-09-11 00:00:00,Enrolled,205834
ENR002245,STU021731,SCH030,2023-09-30 00:00:00,Enrolled,196870
ENR002246,STU005579,SCH069,2023-06-14 00:00:00,Enrolled,71254
ENR002247,STU004862,SCH002,2025-03-22 00:00:00,Enrolled,47091
ENR002248,STU013221,SCH016,2025-05-14 00:00:00,Enrolled,99593
ENR002249,STU005405,SCH045,2024-04-19 00:00:00,Enrolled,214116
ENR002250,STU010141,SCH054,2025-04-12 00:00:00,Enrolled,237685
ENR002251,STU008564,SCH019,2021-04-14 00:00:00,Enrolled,120183
ENR002252,STU011626,SCH099,2022-01-03 00:00:00,Enrolled,73117
ENR002253,STU000970,SCH064,2024-07-24 00:00:00,Enrolled,95751
ENR002254,STU018615,SCH027,2026-02-09 00:00:00,Enrolled,154253
ENR002255,STU019878,SCH100,2022-03-31 00:00:00,Enrolled,196139
ENR002256,STU020952,SCH024,2025-12-20 00:00:00,Enrolled,174466
ENR002257,STU007148,SCH029,2022-02-20 00:00:00,Enrolled,118328
ENR002258,STU014086,SCH098,2025-03-25 00:00:00,Enrolled,61538
ENR002259,STU010189,SCH053,2022-07-07 00:00:00,Enrolled,202397
ENR002260,STU010339,SCH021,2026-03-02 00:00:00,Enrolled,199930
ENR002261,STU001856,SCH056,2023-06-28 00:00:00,Enrolled,178389
ENR002262,STU023177,SCH019,2025-12-31 00:00:00,Enrolled,101591
ENR002263,STU007656,SCH080,2023-06-14 00:00:00,Withdrawn,80334
ENR002264,STU009261,SCH073,2022-06-02 00:00:00,Enrolled,112387
ENR002265,STU002096,SCH068,2023-07-27 00:00:00,Enrolled,118365
ENR002266,STU017325,SCH043,2026-08-08 00:00:00,Enrolled,107540
ENR002267,STU008546,SCH016,2024-11-26 00:00:00,Withdrawn,175923
ENR002268,STU001486,SCH011,2021-04-04 00:00:00,Enrolled,123966
ENR002269,STU010454,SCH087,2022-02-02 00:00:00,Enrolled,100928
ENR002270,STU024510,SCH077,2025-07-26 00:00:00,Enrolled,170025
ENR002271,STU015690,SCH082,2022-04-12 00:00:00,Withdrawn,143461
ENR002272,STU000574,SCH075,2024-03-30 00:00:00,Enrolled,66753
ENR002273,STU022005,SCH014,2026-07-18 00:00:00,Enrolled,123611
ENR002274,STU001435,SCH052,2023-03-14 00:00:00,Enrolled,74906
ENR002275,STU019105,SCH096,2023-06-04 00:00:00,Enrolled,144844
ENR002276,STU017366,SCH029,2022-10-31 00:00:00,Withdrawn,102779
ENR002277,STU001679,SCH035,2025-02-22 00:00:00,Enrolled,203782
ENR002278,STU006186,SCH022,2026-03-15 00:00:00,Enrolled,104650
ENR002279,STU000502,SCH071,2025-12-10 00:00:00,Enrolled,96357
ENR002280,STU004218,SCH064,2026-08-31 00:00:00,Enrolled,107061
ENR002281,STU010073,SCH043,2023-02-23 00:00:00,Enrolled,185229
ENR002282,STU011124,SCH100,2022-09-08 00:00:00,Enrolled,224326
ENR002283,STU017452,SCH093,2021-07-21 00:00:00,Enrolled,150816
ENR002284,STU009213,SCH021,2023-05-03 00:00:00,Enrolled,65948
ENR002285,STU021988,SCH003,2022-01-06 00:00:00,Enrolled,246525
ENR002286,STU010290,SCH088,2024-11-25 00:00:00,Enrolled,107076
ENR002287,STU015227,SCH068,2022-05-04 00:00:00,Enrolled,65415
ENR002288,STU024302,SCH004,2025-02-19 00:00:00,Enrolled,103066
ENR002289,STU005932,SCH075,2021-04-21 00:00:00,Enrolled,194752
ENR002290,STU016068,SCH074,2025-10-16 00:00:00,Enrolled,134688
ENR002291,STU013192,SCH064,2023-06-19 00:00:00,Enrolled,215862
ENR002292,STU023792,SCH089,2026-04-21 00:00:00,Enrolled,52553
ENR002293,STU023962,SCH033,2022-06-04 00:00:00,Enrolled,231016
ENR002294,STU024611,SCH100,2026-06-08 00:00:00,Enrolled,119700
ENR002295,STU013039,SCH048,2021-05-13 00:00:00,Enrolled,145996
ENR002296,STU024837,SCH043,2026-05-12 00:00:00,Enrolled,160470
ENR002297,STU021379,SCH099,2022-03-24 00:00:00,Enrolled,234127
ENR002298,STU019953,SCH056,2024-02-13 00:00:00,Enrolled,142168
ENR002299,STU004866,SCH060,2025-09-12 00:00:00,Withdrawn,82956
ENR002300,STU016489,SCH077,2024-10-30 00:00:00,Enrolled,109496
ENR002301,STU000239,SCH003,2024-06-09 00:00:00,Enrolled,235300
ENR002302,STU017937,SCH005,2025-06-25 00:00:00,Enrolled,134019
ENR002303,STU024154,SCH010,2024-05-26 00:00:00,Enrolled,76096
ENR002304,STU013728,SCH019,2025-09-12 00:00:00,Enrolled,161186
ENR002305,STU001666,SCH076,2023-12-19 00:00:00,Enrolled,199273
ENR002306,STU004914,SCH071,2025-12-07 00:00:00,Enrolled,192880
ENR002307,STU010817,SCH097,2026-07-03 00:00:00,Enrolled,225215
ENR002308,STU023270,SCH001,2021-11-17 00:00:00,Enrolled,104803
ENR002309,STU000478,SCH076,2024-03-13 00:00:00,Enrolled,80814
ENR002310,STU008824,SCH084,2024-08-02 00:00:00,Enrolled,73649
ENR002311,STU023005,SCH079,2021-08-28 00:00:00,Enrolled,238704
ENR002312,STU012360,SCH003,2023-02-26 00:00:00,Enrolled,103480
ENR002313,STU008015,SCH027,2022-01-31 00:00:00,Enrolled,191430
ENR002314,STU001245,SCH062,2026-05-05 00:00:00,Withdrawn,143272
ENR002315,STU003134,SCH013,2025-12-22 00:00:00,Withdrawn,59033
ENR002316,STU022968,SCH008,2023-03-02 00:00:00,Enrolled,179896
ENR002317,STU009064,SCH012,2023-10-01 00:00:00,Enrolled,239589
ENR002318,STU016141,SCH031,2021-04-22 00:00:00,Enrolled,168645
ENR002319,STU009361,SCH012,2025-07-26 00:00:00,Enrolled,201033
ENR002320,STU022989,SCH071,2024-05-10 00:00:00,Enrolled,222833
ENR002321,STU014784,SCH032,2021-03-31 00:00:00,Enrolled,245754
ENR002322,STU020237,SCH018,2023-11-15 00:00:00,Enrolled,220942
ENR002323,STU004655,SCH003,2026-03-14 00:00:00,Enrolled,206489
ENR002324,STU020705,SCH040,2023-11-10 00:00:00,Enrolled,138198
ENR002325,STU017835,SCH031,2025-11-16 00:00:00,Enrolled,228333
ENR002326,STU009865,SCH039,2023-03-24 00:00:00,Enrolled,146867
ENR002327,STU018952,SCH047,2023-06-05 00:00:00,Enrolled,70003
ENR002328,STU020924,SCH097,2021-06-17 00:00:00,Enrolled,207870
ENR002329,STU002854,SCH075,2025-10-10 00:00:00,Enrolled,207238
ENR002330,STU023724,SCH083,2025-10-19 00:00:00,Enrolled,96764
ENR002331,STU006848,SCH031,2024-03-13 00:00:00,Enrolled,215953
ENR002332,STU022017,SCH042,2023-05-07 00:00:00,Enrolled,57555
ENR002333,STU003626,SCH069,2024-06-06 00:00:00,Enrolled,187845
ENR002334,STU006639,SCH079,2024-06-24 00:00:00,Enrolled,102105
ENR002335,STU008203,SCH060,2024-02-04 00:00:00,Enrolled,111862
ENR002336,STU005422,SCH044,2022-10-30 00:00:00,Withdrawn,47882
ENR002337,STU018718,SCH024,2026-07-29 00:00:00,Enrolled,88665
ENR002338,STU008909,SCH067,2025-10-20 00:00:00,Enrolled,92900
ENR002339,STU007809,SCH057,2024-11-19 00:00:00,Enrolled,68459
ENR002340,STU016055,SCH047,2023-09-04 00:00:00,Enrolled,164692
ENR002341,STU003768,SCH015,2021-05-30 00:00:00,Enrolled,222877
ENR002342,STU015030,SCH084,2025-12-10 00:00:00,Enrolled,215404
ENR002343,STU021852,SCH008,2021-03-16 00:00:00,Enrolled,113637
ENR002344,STU013160,SCH082,2024-11-05 00:00:00,Enrolled,193210
ENR002345,STU024490,SCH065,2025-05-15 00:00:00,Enrolled,88048
ENR002346,STU018098,SCH045,2024-04-25 00:00:00,Enrolled,238555
ENR002347,STU005802,SCH084,2023-08-12 00:00:00,Enrolled,102281
ENR002348,STU001958,SCH099,2022-10-20 00:00:00,Enrolled,88362
ENR002349,STU021586,SCH091,2025-05-02 00:00:00,Enrolled,138990
ENR002350,STU021897,SCH056,2021-12-07 00:00:00,Enrolled,47644
ENR002351,STU016990,SCH056,2021-06-24 00:00:00,Withdrawn,95312
ENR002352,STU007003,SCH010,2025-04-15 00:00:00,Enrolled,129932
ENR002353,STU006251,SCH090,2025-06-19 00:00:00,Enrolled,90630
ENR002354,STU015409,SCH016,2022-04-21 00:00:00,Enrolled,126762
ENR002355,STU016145,SCH041,2022-09-20 00:00:00,Enrolled,202993
ENR002356,STU016875,SCH097,2024-09-17 00:00:00,Enrolled,169726
ENR002357,STU007696,SCH076,2025-02-08 00:00:00,Enrolled,179282
ENR002358,STU015920,SCH093,2025-06-20 00:00:00,Enrolled,186160
ENR002359,STU013151,SCH053,2023-05-10 00:00:00,Enrolled,92680
ENR002360,STU014863,SCH078,2023-08-02 00:00:00,Enrolled,155871
ENR002361,STU020206,SCH063,2023-07-16 00:00:00,Enrolled,238370
ENR002362,STU016851,SCH013,2022-07-15 00:00:00,Enrolled,182996
ENR002363,STU022057,SCH015,2022-05-30 00:00:00,Enrolled,93607
ENR002364,STU005277,SCH003,2025-08-28 00:00:00,Enrolled,98650
ENR002365,STU005466,SCH044,2022-07-05 00:00:00,Enrolled,199558
ENR002366,STU016501,SCH076,2023-03-03 00:00:00,Enrolled,176802
ENR002367,STU012475,SCH036,2021-10-14 00:00:00,Enrolled,120046
ENR002368,STU007596,SCH047,2022-10-23 00:00:00,Enrolled,151780
ENR002369,STU021105,SCH032,2025-11-20 00:00:00,Enrolled,192623
ENR002370,STU010791,SCH010,2022-12-17 00:00:00,Enrolled,129905
ENR002371,STU002426,SCH079,2026-08-04 00:00:00,Enrolled,172562
ENR002372,STU011632,SCH066,2026-02-02 00:00:00,Enrolled,150124
ENR002373,STU013859,SCH026,2022-06-09 00:00:00,Enrolled,96726
ENR002374,STU022143,SCH022,2023-06-08 00:00:00,Enrolled,129012
ENR002375,STU023599,SCH050,2022-11-17 00:00:00,Enrolled,232569
ENR002376,STU015134,SCH023,2024-10-10 00:00:00,Enrolled,153505
ENR002377,STU022353,SCH009,2026-09-11 00:00:00,Enrolled,210461
ENR002378,STU014363,SCH070,2025-01-04 00:00:00,Enrolled,52691
ENR002379,STU024803,SCH003,2026-08-31 00:00:00,Enrolled,78464
ENR002380,STU006038,SCH057,2023-06-14 00:00:00,Enrolled,189128
ENR002381,STU005013,SCH046,2021-08-09 00:00:00,Enrolled,182136
ENR002382,STU009295,SCH005,2021-11-18 00:00:00,Enrolled,97365
ENR002383,STU006075,SCH078,2024-01-31 00:00:00,Enrolled,206200
ENR002384,STU002445,SCH005,2024-08-15 00:00:00,Withdrawn,109344
ENR002385,STU019066,SCH066,2025-02-10 00:00:00,Enrolled,200582
ENR002386,STU007222,SCH048,2024-04-10 00:00:00,Enrolled,238704
ENR002387,STU019762,SCH034,2026-02-20 00:00:00,Withdrawn,248791
ENR002388,STU015934,SCH042,2021-06-05 00:00:00,Enrolled,208939
ENR002389,STU004864,SCH059,2026-05-24 00:00:00,Enrolled,45142
ENR002390,STU024612,SCH037,2026-06-14 00:00:00,Enrolled,78148
ENR002391,STU019453,SCH083,2021-02-22 00:00:00,Enrolled,199097
ENR002392,STU024316,SCH033,2022-02-27 00:00:00,Enrolled,193017
ENR002393,STU004528,SCH075,2022-03-10 00:00:00,Enrolled,153026
ENR002394,STU003293,SCH019,2022-03-28 00:00:00,Enrolled,94118
ENR002395,STU014266,SCH074,2025-06-23 00:00:00,Enrolled,184039
ENR002396,STU020003,SCH032,2026-09-12 00:00:00,Withdrawn,103360
ENR002397,STU024653,SCH055,2025-10-02 00:00:00,Enrolled,187580
ENR002398,STU016845,SCH076,2024-08-10 00:00:00,Enrolled,184246
ENR002399,STU021983,SCH008,2022-04-03 00:00:00,Enrolled,200431
ENR002400,STU001012,SCH026,2026-08-14 00:00:00,Enrolled,179339
ENR002401,STU010204,SCH061,2025-02-26 00:00:00,Enrolled,138605
ENR002402,STU019633,SCH024,2021-12-26 00:00:00,Enrolled,48630
ENR002403,STU017907,SCH081,2023-11-14 00:00:00,Withdrawn,58588
ENR002404,STU005770,SCH010,2026-06-25 00:00:00,Withdrawn,76475
ENR002405,STU001299,SCH051,2023-12-19 00:00:00,Enrolled,126108
ENR002406,STU021775,SCH075,2023-04-17 00:00:00,Enrolled,154187
ENR002407,STU020803,SCH067,2021-09-13 00:00:00,Enrolled,139519
ENR002408,STU004905,SCH097,2025-03-06 00:00:00,Enrolled,185464
ENR002409,STU009894,SCH066,2023-12-27 00:00:00,Enrolled,203169
ENR002410,STU016522,SCH027,2023-07-23 00:00:00,Enrolled,212972
ENR002411,STU015354,SCH009,2021-01-20 00:00:00,Withdrawn,143409
ENR002412,STU011562,SCH093,2025-02-11 00:00:00,Enrolled,89708
ENR002413,STU012799,SCH013,2021-07-11 00:00:00,Enrolled,66406
ENR002414,STU022900,SCH070,2024-04-08 00:00:00,Enrolled,235599
ENR002415,STU022674,SCH021,2022-05-25 00:00:00,Withdrawn,233656
ENR002416,STU014161,SCH044,2024-08-03 00:00:00,Enrolled,55465
ENR002417,STU021213,SCH005,2023-04-21 00:00:00,Enrolled,207342
ENR002418,STU004607,SCH057,2022-09-21 00:00:00,Enrolled,166389
ENR002419,STU017006,SCH033,2023-01-14 00:00:00,Enrolled,100989
ENR002420,STU011183,SCH035,2022-03-17 00:00:00,Enrolled,142130
ENR002421,STU005166,SCH025,2025-01-04 00:00:00,Enrolled,112221
ENR002422,STU019788,SCH039,2023-02-06 00:00:00,Enrolled,178045
ENR002423,STU009792,SCH016,2023-08-26 00:00:00,Enrolled,167010
ENR002424,STU016296,SCH036,2025-07-05 00:00:00,Enrolled,61353
ENR002425,STU023654,SCH022,2024-01-16 00:00:00,Enrolled,76104
ENR002426,STU018012,SCH100,2021-12-07 00:00:00,Enrolled,213682
ENR002427,STU018803,SCH045,2024-12-24 00:00:00,Enrolled,118863
ENR002428,STU006464,SCH043,2021-04-10 00:00:00,Enrolled,49420
ENR002429,STU014342,SCH050,2023-07-02 00:00:00,Enrolled,249831
ENR002430,STU007470,SCH055,2021-07-24 00:00:00,Enrolled,95592
ENR002431,STU000560,SCH044,2025-05-15 00:00:00,Enrolled,225777
ENR002432,STU012190,SCH005,2026-04-07 00:00:00,Enrolled,215029
ENR002433,STU006567,SCH022,2022-11-09 00:00:00,Enrolled,232917
ENR002434,STU006033,SCH067,2022-07-01 00:00:00,Enrolled,82112
ENR002435,STU002961,SCH025,2023-03-28 00:00:00,Enrolled,128997
ENR002436,STU000997,SCH010,2025-05-18 00:00:00,Enrolled,68576
ENR002437,STU015331,SCH060,2026-08-26 00:00:00,Enrolled,218951
ENR002438,STU014001,SCH036,2022-05-16 00:00:00,Enrolled,62950
ENR002439,STU003268,SCH029,2022-10-08 00:00:00,Enrolled,69876
ENR002440,STU002421,SCH096,2021-07-23 00:00:00,Enrolled,169963
ENR002441,STU007112,SCH088,2026-08-08 00:00:00,Enrolled,204488
ENR002442,STU009264,SCH040,2025-03-26 00:00:00,Enrolled,107627
ENR002443,STU019773,SCH039,2022-12-06 00:00:00,Enrolled,212774
ENR002444,STU011787,SCH028,2021-10-25 00:00:00,Enrolled,145150
ENR002445,STU016540,SCH098,2022-03-03 00:00:00,Enrolled,150375
ENR002446,STU011451,SCH062,2023-03-14 00:00:00,Enrolled,163983
ENR002447,STU022115,SCH091,2022-04-20 00:00:00,Enrolled,237534
ENR002448,STU002925,SCH086,2023-08-02 00:00:00,Enrolled,72631
ENR002449,STU023002,SCH073,2022-03-29 00:00:00,Enrolled,227316
ENR002450,STU014001,SCH080,2024-11-19 00:00:00,Enrolled,82402
ENR002451,STU002693,SCH010,2024-11-15 00:00:00,Enrolled,148200
ENR002452,STU011042,SCH018,2023-08-29 00:00:00,Enrolled,179748
ENR002453,STU000057,SCH057,2026-04-08 00:00:00,Enrolled,52833
ENR002454,STU023538,SCH080,2021-12-20 00:00:00,Enrolled,149553
ENR002455,STU001146,SCH011,2022-05-09 00:00:00,Enrolled,223730
ENR002456,STU019157,SCH020,2025-07-22 00:00:00,Enrolled,49851
ENR002457,STU010390,SCH051,2025-01-27 00:00:00,Enrolled,76091
ENR002458,STU007846,SCH063,2026-09-26 00:00:00,Enrolled,213405
ENR002459,STU009067,SCH087,2021-08-26 00:00:00,Enrolled,94715
ENR002460,STU017456,SCH030,2022-02-07 00:00:00,Enrolled,160899
ENR002461,STU001858,SCH057,2025-10-17 00:00:00,Enrolled,223428
ENR002462,STU015953,SCH073,2024-04-12 00:00:00,Enrolled,137903
ENR002463,STU010009,SCH100,2023-01-28 00:00:00,Enrolled,159109
ENR002464,STU016945,SCH095,2021-06-21 00:00:00,Enrolled,123463
ENR002465,STU014662,SCH099,2023-03-12 00:00:00,Enrolled,178862
ENR002466,STU009929,SCH028,2026-01-05 00:00:00,Enrolled,191416
ENR002467,STU021784,SCH017,2022-06-22 00:00:00,Enrolled,111635
ENR002468,STU007096,SCH042,2024-06-23 00:00:00,Enrolled,115785
ENR002469,STU022102,SCH077,2025-02-14 00:00:00,Enrolled,133292
ENR002470,STU024502,SCH078,2023-11-02 00:00:00,Enrolled,234350
ENR002471,STU024773,SCH065,2023-03-15 00:00:00,Enrolled,83518
ENR002472,STU002666,SCH007,2021-05-15 00:00:00,Enrolled,185273
ENR002473,STU000441,SCH069,2021-12-12 00:00:00,Enrolled,89880
ENR002474,STU016178,SCH068,2022-08-05 00:00:00,Enrolled,191727
ENR002475,STU022115,SCH067,2023-12-21 00:00:00,Enrolled,232236
ENR002476,STU021867,SCH018,2026-06-29 00:00:00,Enrolled,159493
ENR002477,STU013672,SCH008,2023-07-01 00:00:00,Enrolled,72847
ENR002478,STU021906,SCH088,2026-02-15 00:00:00,Enrolled,47140
ENR002479,STU020533,SCH034,2024-09-26 00:00:00,Enrolled,222701
ENR002480,STU007314,SCH094,2021-03-25 00:00:00,Enrolled,187125
ENR002481,STU021261,SCH034,2022-07-14 00:00:00,Enrolled,94932
ENR002482,STU024222,SCH063,2025-11-08 00:00:00,Enrolled,195709
ENR002483,STU016275,SCH087,2025-10-20 00:00:00,Enrolled,63631
ENR002484,STU017001,SCH043,2024-02-18 00:00:00,Enrolled,208739
ENR002485,STU002181,SCH045,2022-12-18 00:00:00,Enrolled,90557
ENR002486,STU010686,SCH016,2025-07-31 00:00:00,Enrolled,139606
ENR002487,STU007518,SCH001,2024-03-30 00:00:00,Withdrawn,77274
ENR002488,STU017938,SCH002,2022-08-21 00:00:00,Enrolled,221685
ENR002489,STU015095,SCH062,2025-07-31 00:00:00,Enrolled,214401
ENR002490,STU007977,SCH086,2021-10-23 00:00:00,Enrolled,175893
ENR002491,STU011949,SCH032,2025-04-19 00:00:00,Enrolled,188079
ENR002492,STU012050,SCH002,2026-04-30 00:00:00,Enrolled,66329
ENR002493,STU008491,SCH083,2023-03-24 00:00:00,Enrolled,47338
ENR002494,STU020947,SCH033,2022-01-28 00:00:00,Enrolled,130359
ENR002495,STU013904,SCH046,2024-05-29 00:00:00,Enrolled,167160
ENR002496,STU012003,SCH040,2026-03-19 00:00:00,Enrolled,111382
ENR002497,STU011343,SCH076,2025-06-20 00:00:00,Enrolled,82476
ENR002498,STU022248,SCH063,2022-11-09 00:00:00,Enrolled,113917
ENR002499,STU022848,SCH036,2023-08-10 00:00:00,Withdrawn,108868
ENR002500,STU024804,SCH075,2024-04-07 00:00:00,Withdrawn,127686
ENR002501,STU005581,SCH011,2025-05-17 00:00:00,Enrolled,126345
ENR002502,STU002709,SCH034,2022-06-10 00:00:00,Enrolled,190655
ENR002503,STU009809,SCH035,2022-09-11 00:00:00,Enrolled,163432
ENR002504,STU012558,SCH049,2023-11-29 00:00:00,Enrolled,139036
ENR002505,STU016985,SCH064,2024-10-30 00:00:00,Enrolled,66363
ENR002506,STU022424,SCH032,2023-11-13 00:00:00,Enrolled,66197
ENR002507,STU024836,SCH047,2026-06-14 00:00:00,Enrolled,162644
ENR002508,STU014873,SCH063,2024-07-27 00:00:00,Enrolled,121508
ENR002509,STU007859,SCH004,2026-01-29 00:00:00,Enrolled,208448
ENR002510,STU012326,SCH093,2024-01-02 00:00:00,Enrolled,240798
ENR002511,STU000316,SCH097,2022-07-04 00:00:00,Enrolled,153925
ENR002512,STU008387,SCH081,2024-10-09 00:00:00,Enrolled,183831
ENR002513,STU008336,SCH037,2021-08-17 00:00:00,Enrolled,89494
ENR002514,STU000658,SCH080,2025-03-06 00:00:00,Enrolled,180514
ENR002515,STU009227,SCH051,2025-02-20 00:00:00,Enrolled,106417
ENR002516,STU006750,SCH002,2022-05-08 00:00:00,Enrolled,77860
ENR002517,STU023938,SCH064,2026-08-12 00:00:00,Enrolled,104825
ENR002518,STU007849,SCH070,2025-07-01 00:00:00,Enrolled,78015
ENR002519,STU019141,SCH009,2022-05-22 00:00:00,Enrolled,180906
ENR002520,STU001065,SCH073,2024-12-20 00:00:00,Enrolled,53639
ENR002521,STU007214,SCH091,2023-11-11 00:00:00,Enrolled,71173
ENR002522,STU000797,SCH001,2021-02-09 00:00:00,Enrolled,246154
ENR002523,STU002145,SCH059,2025-12-19 00:00:00,Enrolled,157213
ENR002524,STU016464,SCH091,2021-06-23 00:00:00,Enrolled,68530
ENR002525,STU002687,SCH018,2021-08-29 00:00:00,Enrolled,140322
ENR002526,STU008554,SCH004,2026-08-19 00:00:00,Enrolled,161246
ENR002527,STU004522,SCH087,2021-08-31 00:00:00,Enrolled,235027
ENR002528,STU011640,SCH020,2023-07-04 00:00:00,Enrolled,53813
ENR002529,STU013860,SCH010,2021-09-02 00:00:00,Withdrawn,158071
ENR002530,STU014067,SCH056,2026-06-14 00:00:00,Enrolled,144708
ENR002531,STU021754,SCH069,2022-01-17 00:00:00,Enrolled,96646
ENR002532,STU016245,SCH008,2023-09-09 00:00:00,Enrolled,248887
ENR002533,STU019024,SCH062,2026-02-12 00:00:00,Enrolled,229222
ENR002534,STU007286,SCH046,2024-10-12 00:00:00,Enrolled,109791
ENR002535,STU019161,SCH085,2025-11-27 00:00:00,Enrolled,88802
ENR002536,STU003519,SCH034,2021-03-22 00:00:00,Enrolled,138625
ENR002537,STU012616,SCH039,2022-08-07 00:00:00,Enrolled,194138
ENR002538,STU005690,SCH099,2021-09-02 00:00:00,Enrolled,236986
ENR002539,STU007012,SCH017,2024-07-04 00:00:00,Enrolled,248926
ENR002540,STU008136,SCH081,2025-05-08 00:00:00,Enrolled,193459
ENR002541,STU008344,SCH095,2024-10-14 00:00:00,Enrolled,222672
ENR002542,STU018540,SCH032,2025-07-27 00:00:00,Enrolled,195042
ENR002543,STU000208,SCH046,2025-11-28 00:00:00,Enrolled,233735
ENR002544,STU021144,SCH005,2022-10-02 00:00:00,Enrolled,65627
ENR002545,STU023537,SCH030,2023-03-21 00:00:00,Enrolled,182097
ENR002546,STU023818,SCH027,2021-06-26 00:00:00,Enrolled,92007
ENR002547,STU022678,SCH005,2023-03-27 00:00:00,Withdrawn,196259
ENR002548,STU003986,SCH079,2023-10-11 00:00:00,Enrolled,190450
ENR002549,STU018544,SCH077,2023-07-30 00:00:00,Enrolled,169302
ENR002550,STU013736,SCH048,2025-11-11 00:00:00,Enrolled,87854
ENR002551,STU019441,SCH044,2026-06-12 00:00:00,Enrolled,65528
ENR002552,STU000437,SCH029,2024-02-11 00:00:00,Enrolled,97169
ENR002553,STU011573,SCH058,2023-07-12 00:00:00,Enrolled,187086
ENR002554,STU007440,SCH062,2021-12-17 00:00:00,Enrolled,73872
ENR002555,STU019696,SCH074,2022-08-05 00:00:00,Enrolled,213036
ENR002556,STU001679,SCH050,2022-11-29 00:00:00,Enrolled,150350
ENR002557,STU006409,SCH050,2025-11-30 00:00:00,Enrolled,223438
ENR002558,STU012846,SCH057,2026-08-13 00:00:00,Enrolled,205777
ENR002559,STU006475,SCH008,2021-04-02 00:00:00,Enrolled,99188
ENR002560,STU002458,SCH050,2023-02-12 00:00:00,Enrolled,217524
ENR002561,STU013797,SCH088,2022-12-26 00:00:00,Enrolled,142569
ENR002562,STU012142,SCH022,2021-10-02 00:00:00,Enrolled,241487
ENR002563,STU020481,SCH031,2022-07-15 00:00:00,Enrolled,113870
ENR002564,STU001689,SCH099,2026-09-05 00:00:00,Enrolled,73927
ENR002565,STU020952,SCH051,2021-06-25 00:00:00,Enrolled,248968
ENR002566,STU011641,SCH073,2024-06-07 00:00:00,Enrolled,202746
ENR002567,STU020734,SCH080,2024-08-28 00:00:00,Enrolled,112934
ENR002568,STU017525,SCH090,2021-04-27 00:00:00,Enrolled,62625
ENR002569,STU012224,SCH070,2021-09-15 00:00:00,Enrolled,104402
ENR002570,STU018568,SCH030,2026-08-18 00:00:00,Enrolled,235673
ENR002571,STU003112,SCH016,2021-06-28 00:00:00,Enrolled,195720
ENR002572,STU012939,SCH096,2022-03-22 00:00:00,Enrolled,126079
ENR002573,STU024334,SCH008,2024-05-03 00:00:00,Enrolled,162695
ENR002574,STU017896,SCH081,2023-11-18 00:00:00,Withdrawn,210167
ENR002575,STU013707,SCH067,2025-05-02 00:00:00,Enrolled,193108
ENR002576,STU000542,SCH088,2025-10-16 00:00:00,Enrolled,66267
ENR002577,STU002403,SCH096,2024-10-09 00:00:00,Enrolled,115920
ENR002578,STU021734,SCH002,2023-08-16 00:00:00,Enrolled,113922
ENR002579,STU011872,SCH045,2022-07-27 00:00:00,Enrolled,215708
ENR002580,STU008916,SCH095,2023-07-05 00:00:00,Withdrawn,47037
ENR002581,STU017670,SCH019,2024-09-28 00:00:00,Enrolled,132976
ENR002582,STU017060,SCH098,2025-05-22 00:00:00,Enrolled,126968
ENR002583,STU018786,SCH054,2023-06-07 00:00:00,Enrolled,222379
ENR002584,STU008875,SCH072,2021-05-30 00:00:00,Enrolled,98784
ENR002585,STU022082,SCH067,2025-03-26 00:00:00,Enrolled,217777
ENR002586,STU004737,SCH036,2025-12-18 00:00:00,Enrolled,63757
ENR002587,STU004627,SCH043,2021-08-15 00:00:00,Enrolled,144689
ENR002588,STU019992,SCH058,2024-01-24 00:00:00,Enrolled,222996
ENR002589,STU012169,SCH070,2025-11-23 00:00:00,Enrolled,144095
ENR002590,STU001984,SCH006,2026-08-28 00:00:00,Enrolled,149814
ENR002591,STU013285,SCH051,2024-07-07 00:00:00,Enrolled,233078
ENR002592,STU014238,SCH004,2026-06-17 00:00:00,Enrolled,189296
ENR002593,STU011119,SCH001,2026-04-24 00:00:00,Enrolled,236327
ENR002594,STU012721,SCH059,2021-07-15 00:00:00,Enrolled,195668
ENR002595,STU023420,SCH050,2025-08-25 00:00:00,Enrolled,176036
ENR002596,STU008420,SCH045,2021-03-16 00:00:00,Enrolled,170247
ENR002597,STU014298,SCH079,2021-05-21 00:00:00,Enrolled,219133
ENR002598,STU016553,SCH049,2025-04-30 00:00:00,Enrolled,172603
ENR002599,STU008122,SCH020,2023-04-12 00:00:00,Enrolled,169513
ENR002600,STU003851,SCH089,2023-10-25 00:00:00,Enrolled,195570
ENR002601,STU014734,SCH041,2022-12-07 00:00:00,Withdrawn,128356
ENR002602,STU008474,SCH021,2025-02-09 00:00:00,Enrolled,68442
ENR002603,STU014496,SCH031,2024-10-12 00:00:00,Enrolled,210060
ENR002604,STU015583,SCH016,2024-07-22 00:00:00,Enrolled,125790
ENR002605,STU005058,SCH067,2024-11-10 00:00:00,Enrolled,162040
ENR002606,STU018727,SCH090,2023-07-04 00:00:00,Enrolled,142837
ENR002607,STU022857,SCH091,2025-02-10 00:00:00,Enrolled,130809
ENR002608,STU007394,SCH036,2022-04-04 00:00:00,Enrolled,77818
ENR002609,STU020649,SCH031,2024-05-15 00:00:00,Enrolled,124541
ENR002610,STU005648,SCH050,2026-09-04 00:00:00,Enrolled,138522
ENR002611,STU005508,SCH020,2026-04-01 00:00:00,Enrolled,182338
ENR002612,STU008014,SCH080,2026-04-27 00:00:00,Enrolled,223460
ENR002613,STU003850,SCH033,2022-03-28 00:00:00,Enrolled,224906
ENR002614,STU001395,SCH083,2023-01-09 00:00:00,Enrolled,141287
ENR002615,STU008329,SCH051,2025-05-07 00:00:00,Enrolled,201066
ENR002616,STU001912,SCH080,2024-02-26 00:00:00,Enrolled,236352
ENR002617,STU005732,SCH067,2025-02-19 00:00:00,Enrolled,237359
ENR002618,STU007150,SCH071,2022-01-17 00:00:00,Enrolled,187129
ENR002619,STU008873,SCH015,2023-06-22 00:00:00,Enrolled,201547
ENR002620,STU007737,SCH071,2025-03-04 00:00:00,Enrolled,53569
ENR002621,STU007154,SCH072,2022-04-27 00:00:00,Enrolled,127086
ENR002622,STU014309,SCH064,2026-01-19 00:00:00,Enrolled,64566
ENR002623,STU020038,SCH063,2025-09-24 00:00:00,Enrolled,59377
ENR002624,STU015918,SCH049,2026-07-20 00:00:00,Enrolled,57160
ENR002625,STU024393,SCH015,2024-12-06 00:00:00,Enrolled,109860
ENR002626,STU021593,SCH058,2025-02-27 00:00:00,Enrolled,83265
ENR002627,STU022098,SCH032,2025-11-25 00:00:00,Enrolled,143996
ENR002628,STU007390,SCH060,2021-10-23 00:00:00,Enrolled,204146
ENR002629,STU011823,SCH002,2021-09-06 00:00:00,Enrolled,236089
ENR002630,STU017685,SCH057,2024-10-30 00:00:00,Enrolled,88372
ENR002631,STU011134,SCH083,2023-12-27 00:00:00,Enrolled,226398
ENR002632,STU004723,SCH042,2025-12-03 00:00:00,Enrolled,52998
ENR002633,STU018871,SCH022,2025-11-07 00:00:00,Enrolled,155363
ENR002634,STU024692,SCH044,2024-03-21 00:00:00,Enrolled,207509
ENR002635,STU015678,SCH036,2022-04-21 00:00:00,Withdrawn,166249
ENR002636,STU010605,SCH053,2023-01-16 00:00:00,Enrolled,158656
ENR002637,STU005073,SCH055,2021-04-24 00:00:00,Enrolled,156757
ENR002638,STU017958,SCH022,2021-11-10 00:00:00,Enrolled,74932
ENR002639,STU018807,SCH056,2022-09-20 00:00:00,Enrolled,113831
ENR002640,STU020565,SCH022,2023-02-01 00:00:00,Enrolled,197336
ENR002641,STU016642,SCH098,2023-02-11 00:00:00,Enrolled,249343
ENR002642,STU005661,SCH095,2021-06-15 00:00:00,Enrolled,213755
ENR002643,STU007880,SCH038,2023-12-08 00:00:00,Enrolled,71514
ENR002644,STU022539,SCH085,2025-10-20 00:00:00,Enrolled,136070
ENR002645,STU010913,SCH099,2021-08-20 00:00:00,Withdrawn,46522
ENR002646,STU022456,SCH046,2024-04-04 00:00:00,Enrolled,208706
ENR002647,STU009733,SCH023,2024-08-16 00:00:00,Enrolled,135482
ENR002648,STU024392,SCH029,2024-02-10 00:00:00,Enrolled,208962
ENR002649,STU005070,SCH023,2021-06-12 00:00:00,Enrolled,236550
ENR002650,STU024715,SCH066,2023-09-20 00:00:00,Withdrawn,147412
ENR002651,STU005441,SCH027,2024-02-20 00:00:00,Enrolled,134004
ENR002652,STU020476,SCH030,2026-09-28 00:00:00,Enrolled,167725
ENR002653,STU002798,SCH079,2025-11-06 00:00:00,Enrolled,166578
ENR002654,STU003991,SCH006,2023-01-22 00:00:00,Enrolled,197990
ENR002655,STU021207,SCH022,2026-08-02 00:00:00,Enrolled,123379
ENR002656,STU002955,SCH090,2026-03-07 00:00:00,Enrolled,168085
ENR002657,STU015415,SCH023,2022-11-18 00:00:00,Enrolled,157685
ENR002658,STU006154,SCH033,2025-07-02 00:00:00,Enrolled,106930
ENR002659,STU019704,SCH083,2023-02-12 00:00:00,Enrolled,98087
ENR002660,STU017502,SCH044,2023-10-29 00:00:00,Enrolled,86832
ENR002661,STU001701,SCH013,2023-04-21 00:00:00,Enrolled,83076
ENR002662,STU004715,SCH038,2021-12-10 00:00:00,Enrolled,152792
ENR002663,STU001824,SCH078,2025-06-11 00:00:00,Enrolled,76505
ENR002664,STU019751,SCH003,2022-08-09 00:00:00,Enrolled,235984
ENR002665,STU010797,SCH020,2024-03-07 00:00:00,Enrolled,109603
ENR002666,STU012759,SCH074,2026-06-20 00:00:00,Enrolled,197233
ENR002667,STU004269,SCH091,2021-06-01 00:00:00,Enrolled,125515
ENR002668,STU015462,SCH073,2021-12-13 00:00:00,Enrolled,216607
ENR002669,STU014067,SCH066,2024-02-26 00:00:00,Enrolled,108875
ENR002670,STU011840,SCH081,2023-11-06 00:00:00,Enrolled,122609
ENR002671,STU004459,SCH056,2024-10-15 00:00:00,Withdrawn,45234
ENR002672,STU019795,SCH073,2021-04-08 00:00:00,Enrolled,226926
ENR002673,STU024388,SCH073,2022-08-09 00:00:00,Enrolled,206553
ENR002674,STU014731,SCH065,2023-12-24 00:00:00,Withdrawn,86258
ENR002675,STU023270,SCH002,2023-08-31 00:00:00,Enrolled,135726
ENR002676,STU014395,SCH066,2025-10-25 00:00:00,Enrolled,167578
ENR002677,STU001036,SCH097,2021-12-18 00:00:00,Enrolled,64381
ENR002678,STU007270,SCH041,2021-04-26 00:00:00,Enrolled,224075
ENR002679,STU013670,SCH084,2024-04-15 00:00:00,Withdrawn,142207
ENR002680,STU011119,SCH100,2021-03-13 00:00:00,Enrolled,185031
ENR002681,STU013738,SCH095,2024-10-16 00:00:00,Enrolled,177055
ENR002682,STU018322,SCH096,2024-08-08 00:00:00,Enrolled,64108
ENR002683,STU005883,SCH002,2025-08-08 00:00:00,Enrolled,179189
ENR002684,STU013942,SCH087,2026-05-19 00:00:00,Enrolled,139193
ENR002685,STU003257,SCH018,2023-01-06 00:00:00,Enrolled,224893
ENR002686,STU011784,SCH095,2022-07-23 00:00:00,Enrolled,219493
ENR002687,STU008739,SCH007,2023-10-11 00:00:00,Enrolled,171531
ENR002688,STU018210,SCH011,2021-09-13 00:00:00,Enrolled,203244
ENR002689,STU018570,SCH061,2025-05-12 00:00:00,Enrolled,119133
ENR002690,STU005854,SCH031,2023-06-26 00:00:00,Enrolled,102632
ENR002691,STU015299,SCH034,2024-12-24 00:00:00,Enrolled,83629
ENR002692,STU022465,SCH067,2022-05-15 00:00:00,Enrolled,97076
ENR002693,STU001594,SCH087,2022-04-20 00:00:00,Enrolled,243680
ENR002694,STU023408,SCH028,2024-07-23 00:00:00,Enrolled,92635
ENR002695,STU015626,SCH080,2023-04-16 00:00:00,Enrolled,120967
ENR002696,STU020371,SCH011,2021-07-09 00:00:00,Enrolled,95357
ENR002697,STU000679,SCH010,2022-07-16 00:00:00,Enrolled,224623
ENR002698,STU006828,SCH096,2025-05-07 00:00:00,Enrolled,200420
ENR002699,STU016736,SCH047,2023-08-15 00:00:00,Enrolled,216569
ENR002700,STU015671,SCH040,2026-04-20 00:00:00,Enrolled,226163
ENR002701,STU018153,SCH091,2024-08-23 00:00:00,Enrolled,61556
ENR002702,STU012854,SCH043,2023-04-07 00:00:00,Enrolled,52657
ENR002703,STU003664,SCH064,2023-03-01 00:00:00,Enrolled,74622
ENR002704,STU000777,SCH063,2022-02-17 00:00:00,Withdrawn,218910
ENR002705,STU021605,SCH090,2026-04-10 00:00:00,Enrolled,104192
ENR002706,STU021574,SCH021,2026-09-22 00:00:00,Enrolled,158681
ENR002707,STU003821,SCH081,2021-08-22 00:00:00,Enrolled,201675
ENR002708,STU004254,SCH045,2023-10-22 00:00:00,Enrolled,82669
ENR002709,STU023642,SCH057,2024-08-11 00:00:00,Enrolled,64076
ENR002710,STU020893,SCH046,2024-07-08 00:00:00,Enrolled,157934
ENR002711,STU012669,SCH035,2026-05-26 00:00:00,Enrolled,63387
ENR002712,STU005906,SCH068,2024-11-17 00:00:00,Enrolled,103080
ENR002713,STU000192,SCH054,2022-10-28 00:00:00,Enrolled,120096
ENR002714,STU017003,SCH057,2024-08-06 00:00:00,Enrolled,194369
ENR002715,STU005643,SCH030,2022-01-22 00:00:00,Enrolled,158051
ENR002716,STU023824,SCH099,2024-12-14 00:00:00,Withdrawn,237138
ENR002717,STU007456,SCH044,2024-03-27 00:00:00,Enrolled,99790
ENR002718,STU000022,SCH037,2023-08-09 00:00:00,Enrolled,212142
ENR002719,STU003488,SCH025,2025-02-10 00:00:00,Enrolled,160463
ENR002720,STU000643,SCH085,2024-01-15 00:00:00,Enrolled,138904
ENR002721,STU004516,SCH029,2024-04-24 00:00:00,Enrolled,146297
ENR002722,STU002643,SCH099,2025-09-19 00:00:00,Enrolled,240670
ENR002723,STU014138,SCH008,2023-04-13 00:00:00,Enrolled,170471
ENR002724,STU019940,SCH048,2021-07-25 00:00:00,Enrolled,105253
ENR002725,STU008794,SCH029,2024-02-24 00:00:00,Enrolled,75529
ENR002726,STU022653,SCH020,2021-09-08 00:00:00,Enrolled,86643
ENR002727,STU017140,SCH089,2024-06-19 00:00:00,Enrolled,199424
ENR002728,STU004897,SCH050,2022-10-14 00:00:00,Enrolled,68177
ENR002729,STU015578,SCH056,2023-09-29 00:00:00,Enrolled,110312
ENR002730,STU001384,SCH075,2024-09-02 00:00:00,Enrolled,114754
ENR002731,STU003132,SCH091,2023-09-22 00:00:00,Enrolled,217254
ENR002732,STU018329,SCH061,2023-07-21 00:00:00,Enrolled,50508
ENR002733,STU001935,SCH053,2025-05-14 00:00:00,Enrolled,227724
ENR002734,STU020842,SCH017,2022-03-28 00:00:00,Enrolled,89080
ENR002735,STU006449,SCH089,2023-02-25 00:00:00,Enrolled,62987
ENR002736,STU006891,SCH051,2021-03-28 00:00:00,Enrolled,52269
ENR002737,STU024704,SCH005,2023-12-12 00:00:00,Enrolled,154136
ENR002738,STU008392,SCH089,2026-02-26 00:00:00,Enrolled,107662
ENR002739,STU010194,SCH087,2022-11-21 00:00:00,Enrolled,225283
ENR002740,STU020188,SCH046,2022-10-12 00:00:00,Enrolled,73463
ENR002741,STU000094,SCH032,2024-12-08 00:00:00,Enrolled,60892
ENR002742,STU013859,SCH044,2023-11-30 00:00:00,Enrolled,60023
ENR002743,STU012103,SCH078,2023-01-08 00:00:00,Enrolled,78668
ENR002744,STU003540,SCH057,2025-01-04 00:00:00,Enrolled,88991
ENR002745,STU022606,SCH009,2023-07-10 00:00:00,Enrolled,109995
ENR002746,STU024989,SCH052,2024-02-18 00:00:00,Enrolled,76291
ENR002747,STU012261,SCH052,2023-10-05 00:00:00,Enrolled,74497
ENR002748,STU011441,SCH022,2022-11-23 00:00:00,Enrolled,127263
ENR002749,STU013975,SCH051,2024-04-07 00:00:00,Enrolled,210833
ENR002750,STU018478,SCH058,2024-08-01 00:00:00,Enrolled,199569
ENR002751,STU006468,SCH013,2022-08-01 00:00:00,Enrolled,137216
ENR002752,STU013222,SCH019,2025-07-21 00:00:00,Enrolled,122709
ENR002753,STU018360,SCH072,2024-07-13 00:00:00,Enrolled,227427
ENR002754,STU015833,SCH005,2021-09-29 00:00:00,Enrolled,224653
ENR002755,STU000879,SCH077,2022-12-29 00:00:00,Enrolled,142147
ENR002756,STU012260,SCH065,2023-11-25 00:00:00,Enrolled,222250
ENR002757,STU024947,SCH021,2022-08-21 00:00:00,Enrolled,91574
ENR002758,STU018869,SCH003,2024-10-11 00:00:00,Enrolled,54491
ENR002759,STU019331,SCH056,2023-01-04 00:00:00,Enrolled,92131
ENR002760,STU012338,SCH010,2021-08-30 00:00:00,Enrolled,70721
ENR002761,STU006270,SCH046,2025-06-09 00:00:00,Enrolled,171691
ENR002762,STU007238,SCH077,2022-02-21 00:00:00,Enrolled,186450
ENR002763,STU020186,SCH029,2026-10-16 00:00:00,Enrolled,91006
ENR002764,STU015522,SCH057,2026-01-20 00:00:00,Enrolled,82550
ENR002765,STU009184,SCH082,2025-07-19 00:00:00,Enrolled,79942
ENR002766,STU013097,SCH028,2025-06-15 00:00:00,Enrolled,101542
ENR002767,STU005459,SCH079,2021-10-26 00:00:00,Enrolled,198014
ENR002768,STU012449,SCH097,2026-06-04 00:00:00,Enrolled,239640
ENR002769,STU006352,SCH050,2021-07-11 00:00:00,Enrolled,175411
ENR002770,STU002924,SCH064,2021-12-12 00:00:00,Enrolled,200934
ENR002771,STU012095,SCH032,2026-10-18 00:00:00,Withdrawn,109902
ENR002772,STU013574,SCH002,2025-10-04 00:00:00,Enrolled,54268
ENR002773,STU001918,SCH029,2025-06-03 00:00:00,Enrolled,236238
ENR002774,STU016672,SCH045,2024-01-22 00:00:00,Enrolled,132568
ENR002775,STU015345,SCH065,2022-07-23 00:00:00,Withdrawn,69446
ENR002776,STU014302,SCH092,2022-01-30 00:00:00,Enrolled,222865
ENR002777,STU020766,SCH014,2021-10-26 00:00:00,Enrolled,190045
ENR002778,STU011724,SCH026,2022-03-15 00:00:00,Enrolled,134994
ENR002779,STU003859,SCH068,2021-09-26 00:00:00,Enrolled,204962
ENR002780,STU012831,SCH039,2022-08-29 00:00:00,Enrolled,216479
ENR002781,STU011828,SCH088,2021-06-18 00:00:00,Enrolled,74229
ENR002782,STU021642,SCH052,2024-10-07 00:00:00,Enrolled,225442
ENR002783,STU024929,SCH022,2024-01-10 00:00:00,Enrolled,98297
ENR002784,STU023776,SCH078,2024-02-04 00:00:00,Enrolled,80528
ENR002785,STU012004,SCH082,2025-10-14 00:00:00,Enrolled,136802
ENR002786,STU022962,SCH046,2025-08-04 00:00:00,Enrolled,62582
ENR002787,STU002103,SCH043,2026-05-14 00:00:00,Enrolled,59261
ENR002788,STU024411,SCH035,2023-08-16 00:00:00,Enrolled,86739
ENR002789,STU014128,SCH060,2024-12-19 00:00:00,Enrolled,239737
ENR002790,STU021610,SCH100,2023-06-29 00:00:00,Enrolled,48306
ENR002791,STU017494,SCH034,2021-05-18 00:00:00,Enrolled,75674
ENR002792,STU019596,SCH050,2022-09-23 00:00:00,Enrolled,134930
ENR002793,STU015759,SCH015,2026-03-27 00:00:00,Enrolled,162453
ENR002794,STU014037,SCH028,2022-05-13 00:00:00,Enrolled,46130
ENR002795,STU007036,SCH057,2026-01-09 00:00:00,Enrolled,246003
ENR002796,STU004828,SCH070,2021-03-31 00:00:00,Enrolled,210035
ENR002797,STU010246,SCH063,2021-08-14 00:00:00,Enrolled,171923
ENR002798,STU006609,SCH006,2024-05-06 00:00:00,Enrolled,148581
ENR002799,STU015990,SCH077,2023-12-08 00:00:00,Enrolled,96406
ENR002800,STU021861,SCH068,2024-01-15 00:00:00,Enrolled,134665
ENR002801,STU011644,SCH057,2025-06-18 00:00:00,Enrolled,193584
ENR002802,STU016909,SCH084,2022-03-08 00:00:00,Enrolled,140571
ENR002803,STU005850,SCH095,2021-06-05 00:00:00,Enrolled,90238
ENR002804,STU015454,SCH045,2021-10-18 00:00:00,Enrolled,171354
ENR002805,STU013135,SCH076,2026-09-10 00:00:00,Enrolled,50246
ENR002806,STU001553,SCH014,2022-12-05 00:00:00,Enrolled,204843
ENR002807,STU000333,SCH079,2023-04-16 00:00:00,Enrolled,222859
ENR002808,STU001695,SCH012,2021-08-27 00:00:00,Enrolled,207253
ENR002809,STU005107,SCH077,2025-04-08 00:00:00,Enrolled,79191
ENR002810,STU010903,SCH068,2023-11-10 00:00:00,Enrolled,240462
ENR002811,STU002816,SCH042,2024-06-06 00:00:00,Enrolled,200606
ENR002812,STU016324,SCH064,2026-07-16 00:00:00,Enrolled,221130
ENR002813,STU004620,SCH085,2024-05-17 00:00:00,Enrolled,103745
ENR002814,STU021774,SCH078,2021-10-21 00:00:00,Enrolled,236970
ENR002815,STU021490,SCH033,2023-01-17 00:00:00,Enrolled,227420
ENR002816,STU009989,SCH023,2025-06-05 00:00:00,Withdrawn,89002
ENR002817,STU021763,SCH028,2022-11-04 00:00:00,Enrolled,236896
ENR002818,STU021876,SCH050,2021-05-06 00:00:00,Enrolled,170570
ENR002819,STU015968,SCH092,2025-11-01 00:00:00,Enrolled,47477
ENR002820,STU011007,SCH024,2026-06-28 00:00:00,Enrolled,172423
ENR002821,STU024492,SCH022,2021-12-30 00:00:00,Enrolled,233029
ENR002822,STU019311,SCH043,2025-01-22 00:00:00,Enrolled,143792
ENR002823,STU003293,SCH060,2022-10-26 00:00:00,Enrolled,206590
ENR002824,STU006052,SCH001,2021-11-08 00:00:00,Enrolled,53947
ENR002825,STU021141,SCH080,2024-12-03 00:00:00,Enrolled,200082
ENR002826,STU009612,SCH049,2023-06-29 00:00:00,Enrolled,172143
ENR002827,STU000793,SCH092,2024-11-11 00:00:00,Withdrawn,185934
ENR002828,STU011604,SCH034,2021-06-19 00:00:00,Enrolled,239730
ENR002829,STU018991,SCH090,2022-08-19 00:00:00,Enrolled,126663
ENR002830,STU009518,SCH018,2025-02-16 00:00:00,Enrolled,175551
ENR002831,STU015846,SCH079,2025-01-21 00:00:00,Enrolled,176125
ENR002832,STU011268,SCH038,2023-03-23 00:00:00,Enrolled,101160
ENR002833,STU022382,SCH043,2026-08-19 00:00:00,Enrolled,122402
ENR002834,STU010020,SCH038,2025-10-24 00:00:00,Enrolled,223780
ENR002835,STU011506,SCH014,2025-06-08 00:00:00,Enrolled,60251
ENR002836,STU009115,SCH079,2022-07-07 00:00:00,Enrolled,75637
ENR002837,STU021663,SCH059,2023-01-13 00:00:00,Withdrawn,197692
ENR002838,STU017713,SCH023,2021-10-14 00:00:00,Enrolled,59720
ENR002839,STU013048,SCH026,2022-07-15 00:00:00,Enrolled,159073
ENR002840,STU007798,SCH003,2022-12-15 00:00:00,Enrolled,154242
ENR002841,STU017559,SCH043,2025-12-18 00:00:00,Enrolled,156053
ENR002842,STU023331,SCH092,2024-03-02 00:00:00,Withdrawn,77773
ENR002843,STU000386,SCH010,2021-03-29 00:00:00,Enrolled,156220
ENR002844,STU002335,SCH015,2021-12-07 00:00:00,Enrolled,52749
ENR002845,STU013881,SCH054,2021-11-25 00:00:00,Enrolled,82880
ENR002846,STU018818,SCH021,2023-07-14 00:00:00,Enrolled,63137
ENR002847,STU001298,SCH077,2025-10-24 00:00:00,Enrolled,65311
ENR002848,STU005378,SCH073,2026-02-02 00:00:00,Enrolled,84285
ENR002849,STU018733,SCH033,2026-06-09 00:00:00,Enrolled,172480
ENR002850,STU013267,SCH098,2024-06-15 00:00:00,Enrolled,181413
ENR002851,STU000206,SCH074,2023-01-09 00:00:00,Enrolled,220257
ENR002852,STU010940,SCH054,2021-09-03 00:00:00,Enrolled,112563
ENR002853,STU021419,SCH005,2024-01-15 00:00:00,Enrolled,206975
ENR002854,STU003529,SCH028,2022-04-28 00:00:00,Enrolled,64014
ENR002855,STU016000,SCH050,2026-09-13 00:00:00,Enrolled,202819
ENR002856,STU012025,SCH043,2023-10-01 00:00:00,Withdrawn,213915
ENR002857,STU015029,SCH008,2024-08-29 00:00:00,Enrolled,70658
ENR002858,STU008280,SCH001,2024-01-29 00:00:00,Enrolled,170579
ENR002859,STU007554,SCH028,2022-05-30 00:00:00,Enrolled,157686
ENR002860,STU009377,SCH029,2025-05-02 00:00:00,Enrolled,149518
ENR002861,STU018774,SCH096,2024-07-29 00:00:00,Enrolled,94821
ENR002862,STU012053,SCH074,2022-05-16 00:00:00,Enrolled,225062
ENR002863,STU006135,SCH003,2024-06-17 00:00:00,Enrolled,241609
ENR002864,STU014154,SCH038,2024-08-21 00:00:00,Enrolled,207115
ENR002865,STU017784,SCH085,2025-07-07 00:00:00,Enrolled,179252
ENR002866,STU010807,SCH058,2022-07-02 00:00:00,Enrolled,97730
ENR002867,STU021528,SCH045,2026-04-25 00:00:00,Enrolled,221509
ENR002868,STU004912,SCH005,2026-03-10 00:00:00,Enrolled,134670
ENR002869,STU004228,SCH066,2022-04-06 00:00:00,Enrolled,146676
ENR002870,STU002218,SCH047,2022-05-24 00:00:00,Enrolled,198090
ENR002871,STU024615,SCH044,2022-02-07 00:00:00,Enrolled,174531
ENR002872,STU018326,SCH031,2023-04-11 00:00:00,Enrolled,51637
ENR002873,STU003397,SCH087,2021-06-27 00:00:00,Enrolled,91949
ENR002874,STU007639,SCH012,2025-12-21 00:00:00,Enrolled,195142
ENR002875,STU008491,SCH076,2024-02-06 00:00:00,Enrolled,248475
ENR002876,STU001284,SCH046,2023-08-17 00:00:00,Enrolled,123145
ENR002877,STU024338,SCH007,2026-05-14 00:00:00,Enrolled,248463
ENR002878,STU015908,SCH096,2025-08-06 00:00:00,Enrolled,94705
ENR002879,STU022594,SCH087,2022-09-07 00:00:00,Enrolled,175856
ENR002880,STU008271,SCH075,2025-05-16 00:00:00,Enrolled,68603
ENR002881,STU018980,SCH030,2026-01-15 00:00:00,Enrolled,182310
ENR002882,STU000202,SCH030,2023-05-05 00:00:00,Withdrawn,209118
ENR002883,STU018898,SCH005,2024-12-20 00:00:00,Enrolled,150641
ENR002884,STU006693,SCH079,2022-12-15 00:00:00,Enrolled,137182
ENR002885,STU002415,SCH070,2023-07-07 00:00:00,Enrolled,224359
ENR002886,STU000983,SCH070,2022-12-05 00:00:00,Enrolled,195740
ENR002887,STU002050,SCH079,2023-01-17 00:00:00,Enrolled,244808
ENR002888,STU003149,SCH077,2021-03-19 00:00:00,Enrolled,244007
ENR002889,STU015508,SCH070,2021-12-10 00:00:00,Enrolled,123779
ENR002890,STU006766,SCH012,2025-11-29 00:00:00,Enrolled,158601
ENR002891,STU007311,SCH013,2021-10-11 00:00:00,Enrolled,157046
ENR002892,STU004235,SCH004,2025-12-25 00:00:00,Enrolled,113577
ENR002893,STU010649,SCH097,2021-05-02 00:00:00,Enrolled,185952
ENR002894,STU000371,SCH040,2022-12-15 00:00:00,Enrolled,216510
ENR002895,STU019706,SCH001,2024-09-01 00:00:00,Enrolled,240655
ENR002896,STU011518,SCH075,2023-10-21 00:00:00,Enrolled,128442
ENR002897,STU012325,SCH056,2023-02-01 00:00:00,Enrolled,202743
ENR002898,STU012611,SCH094,2026-01-01 00:00:00,Enrolled,199929
ENR002899,STU020823,SCH075,2022-03-26 00:00:00,Enrolled,184667
ENR002900,STU023638,SCH036,2024-02-25 00:00:00,Enrolled,182371
ENR002901,STU024236,SCH062,2022-10-06 00:00:00,Enrolled,184231
ENR002902,STU020662,SCH053,2023-06-02 00:00:00,Enrolled,107341
ENR002903,STU024203,SCH080,2022-03-25 00:00:00,Enrolled,52087
ENR002904,STU015038,SCH007,2021-09-10 00:00:00,Enrolled,123256
ENR002905,STU018922,SCH036,2024-02-21 00:00:00,Enrolled,169346
ENR002906,STU012716,SCH089,2025-04-26 00:00:00,Enrolled,176674
ENR002907,STU014386,SCH014,2023-10-15 00:00:00,Enrolled,55263
ENR002908,STU008855,SCH034,2021-06-18 00:00:00,Enrolled,225182
ENR002909,STU019042,SCH083,2022-08-18 00:00:00,Enrolled,135603
ENR002910,STU014320,SCH018,2021-08-02 00:00:00,Enrolled,157364
ENR002911,STU013616,SCH017,2022-04-04 00:00:00,Enrolled,244904
ENR002912,STU004508,SCH036,2022-12-08 00:00:00,Enrolled,83956
ENR002913,STU004505,SCH040,2022-03-05 00:00:00,Enrolled,236954
ENR002914,STU011742,SCH078,2023-02-27 00:00:00,Enrolled,106871
ENR002915,STU010146,SCH051,2022-05-02 00:00:00,Enrolled,79836
ENR002916,STU015593,SCH001,2024-10-28 00:00:00,Enrolled,241016
ENR002917,STU009701,SCH053,2025-11-24 00:00:00,Enrolled,185971
ENR002918,STU003576,SCH034,2024-07-07 00:00:00,Enrolled,101093
ENR002919,STU016882,SCH038,2023-06-20 00:00:00,Enrolled,163535
ENR002920,STU017892,SCH041,2025-12-12 00:00:00,Enrolled,166483
ENR002921,STU013241,SCH076,2023-12-23 00:00:00,Enrolled,112011
ENR002922,STU023941,SCH040,2025-10-08 00:00:00,Enrolled,200581
ENR002923,STU008197,SCH063,2024-08-31 00:00:00,Enrolled,75600
ENR002924,STU023732,SCH058,2025-02-28 00:00:00,Enrolled,230199
ENR002925,STU003972,SCH030,2025-07-29 00:00:00,Enrolled,95969
ENR002926,STU003997,SCH037,2023-09-15 00:00:00,Enrolled,243840
ENR002927,STU001037,SCH075,2023-10-17 00:00:00,Enrolled,241870
ENR002928,STU015986,SCH045,2022-08-05 00:00:00,Enrolled,50914
ENR002929,STU011889,SCH048,2023-09-15 00:00:00,Enrolled,141520
ENR002930,STU012440,SCH015,2024-08-25 00:00:00,Enrolled,49006
ENR002931,STU012483,SCH099,2022-11-24 00:00:00,Enrolled,173022
ENR002932,STU012051,SCH019,2021-03-05 00:00:00,Enrolled,125719
ENR002933,STU008313,SCH020,2024-01-05 00:00:00,Enrolled,239420
ENR002934,STU017663,SCH091,2024-06-24 00:00:00,Withdrawn,249499
ENR002935,STU002770,SCH025,2026-02-20 00:00:00,Enrolled,184338
ENR002936,STU008835,SCH086,2022-01-19 00:00:00,Enrolled,210669
ENR002937,STU020835,SCH030,2026-04-24 00:00:00,Enrolled,168543
ENR002938,STU011703,SCH025,2025-03-18 00:00:00,Enrolled,79451
ENR002939,STU001664,SCH097,2023-06-27 00:00:00,Enrolled,130744
ENR002940,STU007101,SCH071,2023-04-19 00:00:00,Enrolled,128423
ENR002941,STU018076,SCH091,2025-10-20 00:00:00,Enrolled,124133
ENR002942,STU001084,SCH071,2021-04-27 00:00:00,Enrolled,218424
ENR002943,STU013218,SCH082,2021-07-26 00:00:00,Enrolled,234868
ENR002944,STU008285,SCH011,2026-01-23 00:00:00,Enrolled,48978
ENR002945,STU013928,SCH006,2024-12-12 00:00:00,Enrolled,157330
ENR002946,STU012384,SCH060,2022-07-02 00:00:00,Enrolled,227503
ENR002947,STU017426,SCH095,2023-02-13 00:00:00,Enrolled,235763
ENR002948,STU011671,SCH044,2023-11-27 00:00:00,Enrolled,243157
ENR002949,STU001919,SCH080,2024-01-30 00:00:00,Enrolled,63743
ENR002950,STU014828,SCH055,2026-08-24 00:00:00,Enrolled,52932
ENR002951,STU019368,SCH008,2026-02-25 00:00:00,Enrolled,139787
ENR002952,STU002840,SCH079,2022-03-10 00:00:00,Enrolled,61422
ENR002953,STU002449,SCH041,2026-02-23 00:00:00,Enrolled,180023
ENR002954,STU019218,SCH025,2022-01-15 00:00:00,Enrolled,227114
ENR002955,STU024536,SCH058,2024-08-15 00:00:00,Enrolled,97780
ENR002956,STU021097,SCH076,2021-05-19 00:00:00,Withdrawn,172892
ENR002957,STU010760,SCH086,2024-09-22 00:00:00,Enrolled,208466
ENR002958,STU019422,SCH051,2026-01-11 00:00:00,Enrolled,211284
ENR002959,STU011804,SCH072,2026-01-23 00:00:00,Enrolled,52009
ENR002960,STU021290,SCH021,2024-09-08 00:00:00,Enrolled,214526
ENR002961,STU010416,SCH076,2022-11-23 00:00:00,Enrolled,179573
ENR002962,STU019458,SCH054,2022-06-05 00:00:00,Enrolled,242968
ENR002963,STU013989,SCH026,2023-03-31 00:00:00,Enrolled,133195
ENR002964,STU014035,SCH011,2026-04-18 00:00:00,Enrolled,127808
ENR002965,STU024037,SCH069,2025-06-18 00:00:00,Enrolled,157847
ENR002966,STU018315,SCH034,2021-07-16 00:00:00,Enrolled,83724
ENR002967,STU005196,SCH015,2024-03-22 00:00:00,Enrolled,240322
ENR002968,STU015615,SCH063,2026-07-31 00:00:00,Enrolled,154880
ENR002969,STU006342,SCH093,2021-06-21 00:00:00,Enrolled,101973
ENR002970,STU006438,SCH032,2021-08-04 00:00:00,Enrolled,159498
ENR002971,STU011136,SCH005,2021-12-04 00:00:00,Enrolled,191349
ENR002972,STU009857,SCH060,2022-12-07 00:00:00,Enrolled,226117
ENR002973,STU011362,SCH040,2024-09-24 00:00:00,Enrolled,164262
ENR002974,STU001736,SCH026,2021-08-09 00:00:00,Enrolled,234620
ENR002975,STU004724,SCH033,2025-05-25 00:00:00,Enrolled,120693
ENR002976,STU014147,SCH060,2024-11-15 00:00:00,Enrolled,120546
ENR002977,STU006368,SCH059,2026-07-21 00:00:00,Enrolled,248664
ENR002978,STU006968,SCH009,2023-10-04 00:00:00,Enrolled,233131
ENR002979,STU016029,SCH042,2022-10-16 00:00:00,Enrolled,45103
ENR002980,STU014265,SCH091,2025-10-23 00:00:00,Enrolled,79752
ENR002981,STU012704,SCH087,2022-03-25 00:00:00,Enrolled,129794
ENR002982,STU000661,SCH041,2026-06-19 00:00:00,Enrolled,210997
ENR002983,STU004514,SCH049,2025-12-02 00:00:00,Enrolled,144538
ENR002984,STU008696,SCH054,2024-04-19 00:00:00,Enrolled,104755
ENR002985,STU002291,SCH093,2024-04-02 00:00:00,Enrolled,233259
ENR002986,STU009895,SCH006,2022-08-02 00:00:00,Withdrawn,206289
ENR002987,STU003283,SCH046,2022-11-11 00:00:00,Enrolled,151044
ENR002988,STU005960,SCH038,2024-03-03 00:00:00,Enrolled,62679
ENR002989,STU024796,SCH080,2025-03-02 00:00:00,Enrolled,101830
ENR002990,STU017535,SCH080,2022-03-21 00:00:00,Enrolled,165311
ENR002991,STU017986,SCH069,2023-11-04 00:00:00,Enrolled,70439
ENR002992,STU014153,SCH020,2026-06-04 00:00:00,Enrolled,105955
ENR002993,STU014891,SCH084,2023-04-09 00:00:00,Enrolled,110663
ENR002994,STU019071,SCH003,2022-06-28 00:00:00,Enrolled,148402
ENR002995,STU009105,SCH061,2024-03-29 00:00:00,Enrolled,69998
ENR002996,STU012096,SCH055,2025-03-28 00:00:00,Enrolled,231304
ENR002997,STU010901,SCH053,2024-02-18 00:00:00,Withdrawn,92876
ENR002998,STU004268,SCH034,2025-07-30 00:00:00,Enrolled,248779
ENR002999,STU010046,SCH090,2022-11-22 00:00:00,Enrolled,111754
ENR003000,STU014679,SCH016,2024-03-24 00:00:00,Enrolled,179743
ENR003001,STU015768,SCH080,2025-09-20 00:00:00,Enrolled,84173
ENR003002,STU004434,SCH008,2022-02-27 00:00:00,Enrolled,236953
ENR003003,STU019400,SCH085,2025-02-12 00:00:00,Enrolled,97869
ENR003004,STU022369,SCH001,2025-07-28 00:00:00,Enrolled,249557
ENR003005,STU021201,SCH015,2026-03-08 00:00:00,Enrolled,93133
ENR003006,STU018447,SCH002,2024-08-28 00:00:00,Enrolled,53806
ENR003007,STU021179,SCH088,2025-04-01 00:00:00,Enrolled,85949
ENR003008,STU010702,SCH021,2021-07-26 00:00:00,Enrolled,188583
ENR003009,STU006106,SCH081,2023-12-21 00:00:00,Enrolled,174830
ENR003010,STU019951,SCH069,2024-04-05 00:00:00,Withdrawn,193610
ENR003011,STU023146,SCH048,2021-10-10 00:00:00,Withdrawn,97647
ENR003012,STU000069,SCH015,2023-03-31 00:00:00,Enrolled,194801
ENR003013,STU020753,SCH027,2024-08-10 00:00:00,Enrolled,162306
ENR003014,STU011829,SCH049,2021-10-01 00:00:00,Enrolled,181802
ENR003015,STU010882,SCH021,2026-01-20 00:00:00,Enrolled,249482
ENR003016,STU022735,SCH021,2024-06-04 00:00:00,Enrolled,132224
ENR003017,STU013734,SCH065,2024-05-10 00:00:00,Enrolled,114636
ENR003018,STU012450,SCH006,2024-01-09 00:00:00,Enrolled,75992
ENR003019,STU010644,SCH090,2025-09-18 00:00:00,Withdrawn,248345
ENR003020,STU012339,SCH003,2023-10-11 00:00:00,Enrolled,134011
ENR003021,STU013816,SCH007,2022-07-23 00:00:00,Enrolled,158565
ENR003022,STU000274,SCH099,2025-11-28 00:00:00,Enrolled,126121
ENR003023,STU018305,SCH038,2022-08-21 00:00:00,Enrolled,131695
ENR003024,STU014532,SCH005,2025-12-17 00:00:00,Enrolled,228291
ENR003025,STU001129,SCH034,2026-02-21 00:00:00,Enrolled,222517
ENR003026,STU011612,SCH016,2023-04-25 00:00:00,Enrolled,85252
ENR003027,STU008541,SCH091,2023-12-10 00:00:00,Enrolled,83917
ENR003028,STU019577,SCH069,2024-12-31 00:00:00,Enrolled,45327
ENR003029,STU014821,SCH095,2022-03-05 00:00:00,Enrolled,153482
ENR003030,STU004243,SCH050,2023-03-12 00:00:00,Enrolled,177926
ENR003031,STU015928,SCH069,2023-09-24 00:00:00,Enrolled,110742
ENR003032,STU018081,SCH043,2022-08-27 00:00:00,Enrolled,60477
ENR003033,STU021738,SCH073,2023-07-31 00:00:00,Enrolled,45677
ENR003034,STU002268,SCH065,2023-02-19 00:00:00,Enrolled,89429
ENR003035,STU006704,SCH063,2023-03-08 00:00:00,Withdrawn,84491
ENR003036,STU011496,SCH040,2021-10-30 00:00:00,Enrolled,116716
ENR003037,STU011491,SCH041,2024-02-03 00:00:00,Enrolled,198174
ENR003038,STU009753,SCH011,2023-05-08 00:00:00,Enrolled,49361
ENR003039,STU000180,SCH031,2025-02-20 00:00:00,Enrolled,210580
ENR003040,STU001172,SCH048,2024-12-02 00:00:00,Enrolled,71896
ENR003041,STU022637,SCH028,2026-04-10 00:00:00,Enrolled,87785
ENR003042,STU023845,SCH041,2024-07-28 00:00:00,Enrolled,179984
ENR003043,STU018564,SCH013,2026-05-19 00:00:00,Enrolled,169603
ENR003044,STU010855,SCH043,2025-11-08 00:00:00,Withdrawn,136221
ENR003045,STU024326,SCH076,2025-07-17 00:00:00,Enrolled,55929
ENR003046,STU006659,SCH052,2024-11-12 00:00:00,Enrolled,63675
ENR003047,STU012136,SCH071,2022-10-20 00:00:00,Enrolled,64136
ENR003048,STU020746,SCH059,2022-01-19 00:00:00,Enrolled,188290
ENR003049,STU024354,SCH011,2024-12-29 00:00:00,Enrolled,74696
ENR003050,STU000482,SCH052,2022-04-01 00:00:00,Enrolled,171245
ENR003051,STU008019,SCH094,2024-06-17 00:00:00,Enrolled,57670
ENR003052,STU003256,SCH006,2024-01-04 00:00:00,Enrolled,108058
ENR003053,STU006688,SCH080,2024-01-01 00:00:00,Enrolled,121976
ENR003054,STU003469,SCH030,2024-07-17 00:00:00,Enrolled,116481
ENR003055,STU014741,SCH082,2023-05-18 00:00:00,Enrolled,185561
ENR003056,STU015452,SCH092,2021-08-01 00:00:00,Enrolled,53356
ENR003057,STU023700,SCH053,2021-09-04 00:00:00,Enrolled,198441
ENR003058,STU001528,SCH023,2026-05-04 00:00:00,Enrolled,70729
ENR003059,STU004304,SCH029,2025-12-06 00:00:00,Enrolled,125178
ENR003060,STU019831,SCH086,2026-04-04 00:00:00,Withdrawn,177267
ENR003061,STU001132,SCH093,2025-11-28 00:00:00,Enrolled,96010
ENR003062,STU015389,SCH099,2021-09-10 00:00:00,Enrolled,150293
ENR003063,STU024365,SCH099,2024-09-16 00:00:00,Enrolled,221766
ENR003064,STU019010,SCH079,2021-09-27 00:00:00,Withdrawn,176561
ENR003065,STU001824,SCH046,2022-03-04 00:00:00,Enrolled,55943
ENR003066,STU014666,SCH050,2024-11-30 00:00:00,Enrolled,149917
ENR003067,STU001136,SCH090,2024-01-09 00:00:00,Enrolled,84399
ENR003068,STU007232,SCH100,2022-06-03 00:00:00,Enrolled,132119
ENR003069,STU023435,SCH069,2021-07-18 00:00:00,Enrolled,192485
ENR003070,STU010320,SCH060,2026-08-06 00:00:00,Enrolled,109360
ENR003071,STU019616,SCH100,2022-06-29 00:00:00,Withdrawn,122750
ENR003072,STU020033,SCH069,2023-12-05 00:00:00,Enrolled,159219
ENR003073,STU002402,SCH056,2026-10-22 00:00:00,Enrolled,201090
ENR003074,STU018683,SCH066,2021-10-29 00:00:00,Enrolled,111061
ENR003075,STU017908,SCH058,2024-02-04 00:00:00,Enrolled,63164
ENR003076,STU010650,SCH069,2025-08-09 00:00:00,Withdrawn,147455
ENR003077,STU022979,SCH061,2022-03-15 00:00:00,Enrolled,232167
ENR003078,STU008247,SCH023,2022-04-27 00:00:00,Enrolled,76220
ENR003079,STU009007,SCH004,2024-08-18 00:00:00,Enrolled,78623
ENR003080,STU017249,SCH050,2026-09-06 00:00:00,Enrolled,97914
ENR003081,STU006729,SCH068,2025-01-08 00:00:00,Enrolled,179665
ENR003082,STU005106,SCH002,2024-01-14 00:00:00,Enrolled,208077
ENR003083,STU008694,SCH046,2025-07-05 00:00:00,Enrolled,98147
ENR003084,STU020265,SCH074,2024-12-22 00:00:00,Withdrawn,149595
ENR003085,STU024092,SCH019,2024-04-08 00:00:00,Enrolled,194735
ENR003086,STU006399,SCH055,2025-05-15 00:00:00,Enrolled,128073
ENR003087,STU001379,SCH088,2026-08-15 00:00:00,Enrolled,205287
ENR003088,STU006658,SCH003,2024-05-15 00:00:00,Withdrawn,50642
ENR003089,STU009481,SCH048,2024-03-13 00:00:00,Enrolled,224926
ENR003090,STU010736,SCH023,2024-06-18 00:00:00,Enrolled,238576
ENR003091,STU012770,SCH085,2026-07-22 00:00:00,Enrolled,239402
ENR003092,STU011457,SCH014,2024-11-04 00:00:00,Enrolled,56464
ENR003093,STU009699,SCH030,2025-02-03 00:00:00,Enrolled,74341
ENR003094,STU018550,SCH017,2022-12-27 00:00:00,Enrolled,150011
ENR003095,STU020726,SCH070,2023-02-16 00:00:00,Enrolled,84949
ENR003096,STU024090,SCH033,2021-06-03 00:00:00,Enrolled,206819
ENR003097,STU020998,SCH035,2022-12-21 00:00:00,Enrolled,106326
ENR003098,STU002192,SCH085,2023-06-18 00:00:00,Enrolled,129033
ENR003099,STU006081,SCH033,2023-10-10 00:00:00,Enrolled,152406
ENR003100,STU015513,SCH011,2025-02-25 00:00:00,Enrolled,226474
ENR003101,STU021097,SCH085,2024-10-01 00:00:00,Enrolled,81694
ENR003102,STU014912,SCH030,2026-06-12 00:00:00,Enrolled,190522
ENR003103,STU004291,SCH023,2024-08-23 00:00:00,Enrolled,193937
ENR003104,STU002639,SCH080,2024-05-28 00:00:00,Enrolled,215853
ENR003105,STU018562,SCH074,2023-08-05 00:00:00,Enrolled,216976
ENR003106,STU005305,SCH033,2024-07-13 00:00:00,Enrolled,208256
ENR003107,STU000627,SCH037,2025-11-14 00:00:00,Enrolled,152811
ENR003108,STU005817,SCH075,2021-11-26 00:00:00,Enrolled,107627
ENR003109,STU012271,SCH045,2025-05-25 00:00:00,Withdrawn,147278
ENR003110,STU009341,SCH082,2023-04-11 00:00:00,Enrolled,99622
ENR003111,STU016574,SCH001,2026-02-26 00:00:00,Enrolled,78989
ENR003112,STU007954,SCH039,2024-08-16 00:00:00,Enrolled,185016
ENR003113,STU020361,SCH066,2021-12-02 00:00:00,Enrolled,135400
ENR003114,STU009386,SCH098,2025-01-17 00:00:00,Enrolled,153352
ENR003115,STU014715,SCH082,2023-09-25 00:00:00,Enrolled,232811
ENR003116,STU018127,SCH013,2023-12-14 00:00:00,Enrolled,75584
ENR003117,STU003986,SCH081,2026-03-06 00:00:00,Enrolled,248954
ENR003118,STU007727,SCH099,2023-10-21 00:00:00,Enrolled,198927
ENR003119,STU003192,SCH062,2026-05-15 00:00:00,Enrolled,114695
ENR003120,STU008539,SCH094,2023-01-16 00:00:00,Enrolled,177601
ENR003121,STU001222,SCH018,2024-09-30 00:00:00,Enrolled,113316
ENR003122,STU015993,SCH079,2021-12-31 00:00:00,Enrolled,223740
ENR003123,STU003875,SCH061,2025-12-29 00:00:00,Enrolled,67306
ENR003124,STU024638,SCH032,2022-02-09 00:00:00,Enrolled,234930
ENR003125,STU019390,SCH005,2023-09-08 00:00:00,Enrolled,111668
ENR003126,STU001268,SCH090,2025-10-16 00:00:00,Enrolled,54296
ENR003127,STU000559,SCH072,2023-06-01 00:00:00,Enrolled,61947
ENR003128,STU016224,SCH068,2021-09-27 00:00:00,Enrolled,120299
ENR003129,STU020416,SCH088,2022-01-14 00:00:00,Enrolled,202511
ENR003130,STU017532,SCH027,2025-10-01 00:00:00,Enrolled,245175
ENR003131,STU022378,SCH027,2022-05-16 00:00:00,Enrolled,106733
ENR003132,STU019856,SCH046,2023-07-13 00:00:00,Enrolled,165184
ENR003133,STU001395,SCH042,2026-07-29 00:00:00,Enrolled,145974
ENR003134,STU017359,SCH085,2025-01-13 00:00:00,Enrolled,244013
ENR003135,STU021272,SCH021,2024-08-24 00:00:00,Enrolled,47231
ENR003136,STU000323,SCH093,2021-05-05 00:00:00,Enrolled,228345
ENR003137,STU014932,SCH031,2023-09-05 00:00:00,Enrolled,136693
ENR003138,STU003435,SCH087,2024-09-30 00:00:00,Enrolled,180833
ENR003139,STU003258,SCH056,2022-07-19 00:00:00,Enrolled,206801
ENR003140,STU014981,SCH096,2023-10-15 00:00:00,Enrolled,69418
ENR003141,STU020830,SCH083,2024-08-29 00:00:00,Enrolled,126875
ENR003142,STU003153,SCH099,2025-04-20 00:00:00,Withdrawn,175458
ENR003143,STU022052,SCH061,2021-10-04 00:00:00,Enrolled,128234
ENR003144,STU003238,SCH029,2024-09-10 00:00:00,Enrolled,208430
ENR003145,STU012509,SCH036,2025-07-23 00:00:00,Enrolled,147790
ENR003146,STU005871,SCH090,2022-04-02 00:00:00,Enrolled,134888
ENR003147,STU000800,SCH007,2024-06-30 00:00:00,Enrolled,211782
ENR003148,STU006037,SCH012,2022-02-23 00:00:00,Enrolled,196552
ENR003149,STU015058,SCH029,2024-02-26 00:00:00,Enrolled,45098
ENR003150,STU000932,SCH087,2021-11-04 00:00:00,Enrolled,159877
ENR003151,STU006100,SCH073,2026-01-06 00:00:00,Enrolled,159370
ENR003152,STU007934,SCH066,2023-10-20 00:00:00,Enrolled,57969
ENR003153,STU004813,SCH048,2023-04-29 00:00:00,Enrolled,179379
ENR003154,STU013923,SCH053,2021-06-28 00:00:00,Enrolled,58343
ENR003155,STU023138,SCH075,2021-07-18 00:00:00,Enrolled,51431
ENR003156,STU009534,SCH080,2021-11-24 00:00:00,Withdrawn,110650
ENR003157,STU011153,SCH097,2024-11-13 00:00:00,Enrolled,198364
ENR003158,STU001532,SCH032,2024-11-24 00:00:00,Enrolled,80882
ENR003159,STU000252,SCH094,2026-04-26 00:00:00,Enrolled,102548
ENR003160,STU013551,SCH099,2023-06-08 00:00:00,Enrolled,84054
ENR003161,STU014980,SCH031,2026-06-12 00:00:00,Enrolled,124364
ENR003162,STU020838,SCH002,2026-08-03 00:00:00,Enrolled,96712
ENR003163,STU014229,SCH006,2022-11-25 00:00:00,Enrolled,86728
ENR003164,STU001105,SCH073,2021-08-24 00:00:00,Enrolled,148625
ENR003165,STU017440,SCH033,2021-04-17 00:00:00,Enrolled,234377
ENR003166,STU001789,SCH092,2021-10-02 00:00:00,Enrolled,168098
ENR003167,STU008712,SCH093,2024-12-21 00:00:00,Enrolled,205187
ENR003168,STU003459,SCH047,2022-03-13 00:00:00,Enrolled,181399
ENR003169,STU003730,SCH001,2025-01-15 00:00:00,Enrolled,108755
ENR003170,STU019137,SCH086,2025-03-19 00:00:00,Enrolled,75033
ENR003171,STU010577,SCH064,2022-05-13 00:00:00,Enrolled,84316
ENR003172,STU017971,SCH082,2023-07-08 00:00:00,Withdrawn,180385
ENR003173,STU021419,SCH027,2023-03-03 00:00:00,Enrolled,184339
ENR003174,STU020755,SCH049,2024-09-23 00:00:00,Withdrawn,53838
ENR003175,STU003510,SCH091,2025-12-02 00:00:00,Enrolled,200365
ENR003176,STU004506,SCH044,2024-01-10 00:00:00,Enrolled,61158
ENR003177,STU018131,SCH055,2023-03-16 00:00:00,Enrolled,67743
ENR003178,STU001750,SCH059,2022-11-03 00:00:00,Enrolled,92633
ENR003179,STU024219,SCH095,2021-12-28 00:00:00,Enrolled,171510
ENR003180,STU010889,SCH024,2023-02-14 00:00:00,Enrolled,126542
ENR003181,STU016301,SCH044,2023-02-26 00:00:00,Enrolled,57125
ENR003182,STU014483,SCH071,2022-02-02 00:00:00,Enrolled,163615
ENR003183,STU022329,SCH100,2022-10-30 00:00:00,Enrolled,160814
ENR003184,STU024088,SCH068,2023-06-09 00:00:00,Withdrawn,73811
ENR003185,STU018211,SCH003,2024-08-24 00:00:00,Withdrawn,92054
ENR003186,STU013469,SCH011,2023-05-08 00:00:00,Enrolled,140948
ENR003187,STU021971,SCH097,2024-04-28 00:00:00,Enrolled,99199
ENR003188,STU009160,SCH091,2021-04-22 00:00:00,Enrolled,75565
ENR003189,STU024296,SCH051,2024-01-24 00:00:00,Enrolled,191568
ENR003190,STU020928,SCH091,2025-01-22 00:00:00,Enrolled,148119
ENR003191,STU023922,SCH042,2021-12-19 00:00:00,Enrolled,191842
ENR003192,STU006617,SCH097,2021-11-19 00:00:00,Enrolled,219477
ENR003193,STU020368,SCH080,2023-01-02 00:00:00,Enrolled,162481
ENR003194,STU017303,SCH037,2024-12-19 00:00:00,Enrolled,73181
ENR003195,STU018201,SCH027,2022-09-16 00:00:00,Enrolled,86366
ENR003196,STU014657,SCH025,2023-06-10 00:00:00,Enrolled,71623
ENR003197,STU018277,SCH056,2022-08-30 00:00:00,Enrolled,201555
ENR003198,STU003433,SCH050,2023-08-10 00:00:00,Enrolled,132394
ENR003199,STU023028,SCH088,2022-11-23 00:00:00,Enrolled,223538
ENR003200,STU008104,SCH011,2021-09-26 00:00:00,Enrolled,108356
ENR003201,STU008907,SCH018,2021-04-07 00:00:00,Enrolled,147147
ENR003202,STU014178,SCH006,2023-06-02 00:00:00,Enrolled,245302
ENR003203,STU016008,SCH086,2022-10-25 00:00:00,Enrolled,145529
ENR003204,STU023013,SCH095,2023-12-10 00:00:00,Enrolled,106805
ENR003205,STU020816,SCH007,2023-10-12 00:00:00,Enrolled,110911
ENR003206,STU023389,SCH051,2022-10-12 00:00:00,Enrolled,163001
ENR003207,STU015321,SCH018,2024-06-03 00:00:00,Enrolled,107544
ENR003208,STU007664,SCH089,2022-12-20 00:00:00,Withdrawn,147389
ENR003209,STU003129,SCH022,2021-06-30 00:00:00,Enrolled,91366
ENR003210,STU023121,SCH025,2023-04-27 00:00:00,Enrolled,241334
ENR003211,STU017227,SCH041,2021-05-25 00:00:00,Enrolled,95445
ENR003212,STU016039,SCH041,2024-06-15 00:00:00,Enrolled,242030
ENR003213,STU003645,SCH064,2024-10-10 00:00:00,Enrolled,219581
ENR003214,STU005379,SCH082,2025-06-29 00:00:00,Withdrawn,118257
ENR003215,STU020538,SCH071,2023-06-16 00:00:00,Enrolled,108980
ENR003216,STU012648,SCH091,2024-05-13 00:00:00,Withdrawn,96325
ENR003217,STU024758,SCH063,2026-05-23 00:00:00,Enrolled,57833
ENR003218,STU024409,SCH067,2024-03-29 00:00:00,Enrolled,159790
ENR003219,STU010722,SCH043,2025-08-29 00:00:00,Enrolled,77586
ENR003220,STU007937,SCH034,2023-01-28 00:00:00,Enrolled,154317
ENR003221,STU009035,SCH064,2026-03-27 00:00:00,Enrolled,112384
ENR003222,STU016705,SCH046,2024-01-01 00:00:00,Withdrawn,78897
ENR003223,STU016850,SCH001,2026-05-01 00:00:00,Enrolled,154015
ENR003224,STU002900,SCH014,2025-04-14 00:00:00,Enrolled,204327
ENR003225,STU011347,SCH060,2026-08-15 00:00:00,Enrolled,92257
ENR003226,STU012852,SCH069,2025-02-21 00:00:00,Withdrawn,46955
ENR003227,STU023973,SCH020,2023-08-25 00:00:00,Enrolled,228707
ENR003228,STU023551,SCH086,2022-06-07 00:00:00,Enrolled,70399
ENR003229,STU009860,SCH015,2025-02-12 00:00:00,Enrolled,242840
ENR003230,STU001268,SCH077,2024-04-10 00:00:00,Enrolled,183477
ENR003231,STU013041,SCH001,2022-01-29 00:00:00,Withdrawn,246554
ENR003232,STU008067,SCH007,2024-09-10 00:00:00,Enrolled,51727
ENR003233,STU023195,SCH082,2021-11-12 00:00:00,Enrolled,188716
ENR003234,STU008893,SCH065,2026-06-12 00:00:00,Enrolled,142757
ENR003235,STU014182,SCH015,2021-05-29 00:00:00,Withdrawn,177681
ENR003236,STU019471,SCH034,2024-09-20 00:00:00,Enrolled,246629
ENR003237,STU012844,SCH073,2021-06-15 00:00:00,Enrolled,178852
ENR003238,STU014534,SCH049,2022-07-20 00:00:00,Enrolled,57429
ENR003239,STU024855,SCH020,2021-09-24 00:00:00,Enrolled,175484
ENR003240,STU024986,SCH016,2021-09-10 00:00:00,Enrolled,83951
ENR003241,STU003430,SCH026,2021-07-15 00:00:00,Enrolled,84300
ENR003242,STU007852,SCH063,2021-05-29 00:00:00,Enrolled,235816
ENR003243,STU018273,SCH024,2025-01-31 00:00:00,Enrolled,137582
ENR003244,STU013263,SCH046,2025-07-19 00:00:00,Enrolled,95530
ENR003245,STU018487,SCH076,2024-12-21 00:00:00,Enrolled,137109
ENR003246,STU007463,SCH002,2026-04-25 00:00:00,Enrolled,140363
ENR003247,STU009248,SCH013,2026-04-19 00:00:00,Enrolled,89983
ENR003248,STU023622,SCH081,2022-08-11 00:00:00,Enrolled,120479
ENR003249,STU005713,SCH006,2023-05-03 00:00:00,Withdrawn,235690
ENR003250,STU019210,SCH016,2024-08-04 00:00:00,Enrolled,151603
ENR003251,STU009824,SCH050,2023-01-05 00:00:00,Enrolled,198485
ENR003252,STU005233,SCH009,2023-01-08 00:00:00,Enrolled,134673
ENR003253,STU022827,SCH055,2026-02-04 00:00:00,Enrolled,177332
ENR003254,STU012229,SCH096,2021-04-03 00:00:00,Enrolled,63130
ENR003255,STU016964,SCH068,2026-02-10 00:00:00,Enrolled,147880
ENR003256,STU003430,SCH058,2022-12-14 00:00:00,Enrolled,90420
ENR003257,STU021476,SCH009,2026-04-19 00:00:00,Enrolled,246255
ENR003258,STU011403,SCH048,2026-04-30 00:00:00,Enrolled,109142
ENR003259,STU003706,SCH033,2024-06-20 00:00:00,Enrolled,100695
ENR003260,STU005638,SCH003,2025-01-07 00:00:00,Enrolled,68205
ENR003261,STU019748,SCH095,2026-04-14 00:00:00,Enrolled,106831
ENR003262,STU020249,SCH091,2026-09-09 00:00:00,Enrolled,153238
ENR003263,STU007077,SCH019,2024-05-24 00:00:00,Enrolled,111197
ENR003264,STU000787,SCH048,2025-12-16 00:00:00,Withdrawn,162779
ENR003265,STU003191,SCH004,2026-05-24 00:00:00,Enrolled,69615
ENR003266,STU003807,SCH098,2024-04-09 00:00:00,Enrolled,162425
ENR003267,STU012780,SCH039,2026-06-16 00:00:00,Enrolled,169586
ENR003268,STU015098,SCH045,2022-03-28 00:00:00,Enrolled,245119
ENR003269,STU007843,SCH077,2024-10-15 00:00:00,Enrolled,160933
ENR003270,STU006218,SCH012,2025-05-01 00:00:00,Enrolled,126386
ENR003271,STU015217,SCH051,2024-04-06 00:00:00,Enrolled,116233
ENR003272,STU020794,SCH047,2023-04-15 00:00:00,Enrolled,53022
ENR003273,STU002024,SCH047,2026-01-13 00:00:00,Enrolled,151386
ENR003274,STU015227,SCH050,2026-01-29 00:00:00,Enrolled,194243
ENR003275,STU009795,SCH089,2022-05-24 00:00:00,Enrolled,213790
ENR003276,STU022037,SCH039,2023-09-06 00:00:00,Enrolled,98425
ENR003277,STU009524,SCH092,2022-09-01 00:00:00,Enrolled,178117
ENR003278,STU020477,SCH002,2024-12-29 00:00:00,Enrolled,160944
ENR003279,STU024711,SCH077,2021-10-23 00:00:00,Enrolled,164091
ENR003280,STU015079,SCH016,2022-03-06 00:00:00,Enrolled,165036
ENR003281,STU011307,SCH041,2022-12-07 00:00:00,Enrolled,125826
ENR003282,STU016280,SCH020,2022-10-06 00:00:00,Enrolled,105825
ENR003283,STU004403,SCH052,2024-04-21 00:00:00,Enrolled,182039
ENR003284,STU013680,SCH074,2024-10-10 00:00:00,Enrolled,57544
ENR003285,STU023251,SCH033,2022-01-20 00:00:00,Enrolled,84634
ENR003286,STU010405,SCH043,2022-12-20 00:00:00,Enrolled,141804
ENR003287,STU008981,SCH092,2025-08-19 00:00:00,Enrolled,242695
ENR003288,STU017476,SCH038,2026-04-17 00:00:00,Enrolled,116944
ENR003289,STU016564,SCH056,2024-07-15 00:00:00,Enrolled,81262
ENR003290,STU010955,SCH016,2025-07-21 00:00:00,Enrolled,121508
ENR003291,STU022538,SCH038,2025-12-27 00:00:00,Enrolled,220671
ENR003292,STU020174,SCH023,2024-12-10 00:00:00,Enrolled,158937
ENR003293,STU006594,SCH014,2024-07-03 00:00:00,Enrolled,135491
ENR003294,STU021783,SCH049,2023-09-16 00:00:00,Enrolled,50660
ENR003295,STU011857,SCH072,2025-02-06 00:00:00,Enrolled,229194
ENR003296,STU003513,SCH018,2024-12-17 00:00:00,Enrolled,221002
ENR003297,STU007168,SCH085,2023-11-22 00:00:00,Enrolled,120184
ENR003298,STU019168,SCH098,2022-08-01 00:00:00,Enrolled,229575
ENR003299,STU019760,SCH082,2026-06-16 00:00:00,Enrolled,75013
ENR003300,STU010559,SCH023,2026-06-29 00:00:00,Enrolled,100891
ENR003301,STU006199,SCH084,2024-07-08 00:00:00,Enrolled,218890
ENR003302,STU009152,SCH041,2021-04-11 00:00:00,Enrolled,63471
ENR003303,STU013673,SCH029,2025-01-01 00:00:00,Enrolled,104257
ENR003304,STU012515,SCH059,2023-10-31 00:00:00,Enrolled,229135
ENR003305,STU002931,SCH049,2024-02-05 00:00:00,Enrolled,83222
ENR003306,STU009638,SCH062,2025-06-17 00:00:00,Enrolled,239442
ENR003307,STU011423,SCH013,2024-04-21 00:00:00,Enrolled,52185
ENR003308,STU015293,SCH048,2022-08-24 00:00:00,Enrolled,152734
ENR003309,STU012594,SCH028,2021-12-20 00:00:00,Enrolled,106349
ENR003310,STU002684,SCH038,2025-07-15 00:00:00,Enrolled,242746
ENR003311,STU010111,SCH024,2025-02-26 00:00:00,Enrolled,164287
ENR003312,STU007753,SCH009,2026-07-24 00:00:00,Enrolled,47760
ENR003313,STU013427,SCH032,2024-01-01 00:00:00,Withdrawn,51711
ENR003314,STU004979,SCH021,2021-06-04 00:00:00,Enrolled,145516
ENR003315,STU016151,SCH058,2025-03-27 00:00:00,Enrolled,63374
ENR003316,STU016681,SCH072,2023-10-10 00:00:00,Enrolled,150507
ENR003317,STU021230,SCH055,2026-01-28 00:00:00,Withdrawn,68337
ENR003318,STU006889,SCH059,2021-12-11 00:00:00,Enrolled,185723
ENR003319,STU010913,SCH078,2025-04-08 00:00:00,Enrolled,130558
ENR003320,STU018583,SCH080,2022-09-18 00:00:00,Enrolled,96614
ENR003321,STU013290,SCH022,2022-07-22 00:00:00,Enrolled,203392
ENR003322,STU014882,SCH069,2024-12-21 00:00:00,Enrolled,179858
ENR003323,STU019366,SCH061,2026-08-19 00:00:00,Enrolled,165881
ENR003324,STU019803,SCH040,2022-10-23 00:00:00,Enrolled,123464
ENR003325,STU024338,SCH070,2022-06-21 00:00:00,Enrolled,248237
ENR003326,STU001017,SCH070,2023-10-29 00:00:00,Enrolled,215647
ENR003327,STU007555,SCH074,2021-12-21 00:00:00,Enrolled,137031
ENR003328,STU013364,SCH098,2025-11-30 00:00:00,Enrolled,196599
ENR003329,STU023513,SCH088,2026-09-21 00:00:00,Enrolled,108477
ENR003330,STU000028,SCH066,2021-07-29 00:00:00,Enrolled,171505
ENR003331,STU008358,SCH087,2022-05-17 00:00:00,Enrolled,49655
ENR003332,STU013444,SCH005,2024-09-24 00:00:00,Enrolled,152977
ENR003333,STU002062,SCH059,2022-05-01 00:00:00,Enrolled,54261
ENR003334,STU012580,SCH075,2021-10-06 00:00:00,Withdrawn,168542
ENR003335,STU012413,SCH033,2023-03-05 00:00:00,Enrolled,125209
ENR003336,STU007219,SCH014,2025-03-17 00:00:00,Withdrawn,118350
ENR003337,STU020176,SCH034,2022-05-18 00:00:00,Enrolled,146369
ENR003338,STU011852,SCH076,2022-02-27 00:00:00,Enrolled,129987
ENR003339,STU016693,SCH100,2022-04-10 00:00:00,Enrolled,226729
ENR003340,STU007231,SCH077,2022-11-20 00:00:00,Withdrawn,238100
ENR003341,STU015624,SCH014,2025-05-30 00:00:00,Enrolled,59056
ENR003342,STU024296,SCH075,2021-11-29 00:00:00,Withdrawn,233156
ENR003343,STU014275,SCH058,2022-07-12 00:00:00,Enrolled,158532
ENR003344,STU010601,SCH090,2022-04-22 00:00:00,Enrolled,91518
ENR003345,STU004905,SCH021,2021-12-09 00:00:00,Enrolled,217707
ENR003346,STU019185,SCH044,2021-09-27 00:00:00,Withdrawn,229060
ENR003347,STU023654,SCH083,2023-08-24 00:00:00,Enrolled,210435
ENR003348,STU014143,SCH004,2024-06-21 00:00:00,Enrolled,163444
ENR003349,STU008771,SCH076,2025-12-24 00:00:00,Enrolled,192914
ENR003350,STU015107,SCH057,2024-04-24 00:00:00,Enrolled,91427
ENR003351,STU005128,SCH058,2026-04-23 00:00:00,Enrolled,237413
ENR003352,STU022411,SCH050,2021-09-09 00:00:00,Enrolled,221735
ENR003353,STU009882,SCH005,2022-03-23 00:00:00,Enrolled,162268
ENR003354,STU000137,SCH042,2025-06-19 00:00:00,Enrolled,196888
ENR003355,STU000186,SCH071,2026-05-19 00:00:00,Enrolled,148056
ENR003356,STU017980,SCH031,2022-06-18 00:00:00,Enrolled,152305
ENR003357,STU019790,SCH083,2024-03-18 00:00:00,Enrolled,116199
ENR003358,STU019629,SCH006,2023-05-17 00:00:00,Enrolled,149941
ENR003359,STU000625,SCH075,2026-05-27 00:00:00,Enrolled,165162
ENR003360,STU007726,SCH038,2022-12-10 00:00:00,Enrolled,165224
ENR003361,STU000709,SCH006,2024-05-09 00:00:00,Enrolled,143491
ENR003362,STU010823,SCH032,2024-03-26 00:00:00,Enrolled,90287
ENR003363,STU005973,SCH064,2026-08-04 00:00:00,Enrolled,136320
ENR003364,STU019225,SCH073,2021-08-22 00:00:00,Enrolled,79570
ENR003365,STU021860,SCH071,2021-12-27 00:00:00,Enrolled,52642
ENR003366,STU016841,SCH049,2022-11-12 00:00:00,Enrolled,140327
ENR003367,STU002414,SCH049,2024-10-22 00:00:00,Enrolled,195724
ENR003368,STU004059,SCH063,2021-03-17 00:00:00,Enrolled,148581
ENR003369,STU005319,SCH018,2026-05-02 00:00:00,Enrolled,140210
ENR003370,STU014625,SCH084,2024-09-04 00:00:00,Enrolled,178375
ENR003371,STU005608,SCH077,2025-06-02 00:00:00,Enrolled,138632
ENR003372,STU009008,SCH060,2023-07-31 00:00:00,Enrolled,162932
ENR003373,STU022991,SCH076,2024-03-26 00:00:00,Enrolled,168353
ENR003374,STU002110,SCH065,2026-07-03 00:00:00,Enrolled,86788
ENR003375,STU010878,SCH049,2025-06-11 00:00:00,Enrolled,190139
ENR003376,STU002172,SCH068,2021-06-04 00:00:00,Enrolled,72851
ENR003377,STU007284,SCH051,2023-08-15 00:00:00,Enrolled,222821
ENR003378,STU004880,SCH048,2022-11-17 00:00:00,Enrolled,206582
ENR003379,STU006609,SCH084,2024-05-21 00:00:00,Enrolled,152918
ENR003380,STU004592,SCH037,2026-08-28 00:00:00,Enrolled,201864
ENR003381,STU013380,SCH099,2025-08-26 00:00:00,Enrolled,135219
ENR003382,STU008935,SCH082,2025-01-22 00:00:00,Enrolled,176471
ENR003383,STU005935,SCH046,2023-02-08 00:00:00,Enrolled,54569
ENR003384,STU019413,SCH086,2022-10-11 00:00:00,Enrolled,144215
ENR003385,STU001237,SCH010,2021-12-31 00:00:00,Enrolled,181396
ENR003386,STU003885,SCH052,2024-06-17 00:00:00,Enrolled,107167
ENR003387,STU015711,SCH041,2025-10-15 00:00:00,Enrolled,116253
ENR003388,STU005655,SCH029,2023-11-16 00:00:00,Enrolled,194667
ENR003389,STU008478,SCH068,2025-05-09 00:00:00,Enrolled,49889
ENR003390,STU007339,SCH014,2021-05-10 00:00:00,Enrolled,123685
ENR003391,STU009841,SCH093,2021-06-29 00:00:00,Enrolled,165981
ENR003392,STU015943,SCH100,2022-06-07 00:00:00,Enrolled,99593
ENR003393,STU006462,SCH008,2025-06-25 00:00:00,Enrolled,157296
ENR003394,STU000993,SCH034,2025-10-29 00:00:00,Enrolled,239264
ENR003395,STU009355,SCH049,2025-04-24 00:00:00,Enrolled,52254
ENR003396,STU017196,SCH072,2021-02-07 00:00:00,Enrolled,67392
ENR003397,STU009801,SCH020,2022-10-22 00:00:00,Enrolled,204943
ENR003398,STU021163,SCH011,2025-10-27 00:00:00,Enrolled,117002
ENR003399,STU013863,SCH046,2026-04-05 00:00:00,Enrolled,109600
ENR003400,STU018775,SCH059,2023-01-23 00:00:00,Enrolled,74713
ENR003401,STU004559,SCH043,2024-05-15 00:00:00,Enrolled,94889
ENR003402,STU016798,SCH056,2023-03-21 00:00:00,Enrolled,108720
ENR003403,STU022974,SCH034,2022-11-21 00:00:00,Enrolled,55089
ENR003404,STU024807,SCH031,2026-08-11 00:00:00,Enrolled,147921
ENR003405,STU023881,SCH043,2025-09-08 00:00:00,Enrolled,180913
ENR003406,STU016537,SCH009,2024-11-18 00:00:00,Enrolled,197198
ENR003407,STU020110,SCH043,2024-03-20 00:00:00,Enrolled,68734
ENR003408,STU000257,SCH052,2022-05-17 00:00:00,Enrolled,96455
ENR003409,STU015795,SCH068,2026-07-24 00:00:00,Enrolled,158824
ENR003410,STU015174,SCH023,2026-05-24 00:00:00,Enrolled,126938
ENR003411,STU021888,SCH063,2024-05-05 00:00:00,Enrolled,199993
ENR003412,STU014468,SCH030,2025-03-17 00:00:00,Withdrawn,61613
ENR003413,STU002191,SCH029,2024-08-12 00:00:00,Enrolled,126224
ENR003414,STU009845,SCH095,2022-05-11 00:00:00,Enrolled,183578
ENR003415,STU024289,SCH052,2024-08-22 00:00:00,Enrolled,194334
ENR003416,STU000332,SCH063,2026-10-04 00:00:00,Enrolled,75736
ENR003417,STU012183,SCH079,2024-08-08 00:00:00,Enrolled,188210
ENR003418,STU000393,SCH066,2024-04-03 00:00:00,Enrolled,222065
ENR003419,STU009509,SCH037,2022-04-27 00:00:00,Enrolled,50678
ENR003420,STU019233,SCH091,2021-11-21 00:00:00,Enrolled,180209
ENR003421,STU004378,SCH053,2025-02-26 00:00:00,Enrolled,226999
ENR003422,STU008432,SCH091,2025-09-22 00:00:00,Enrolled,228008
ENR003423,STU003996,SCH067,2023-04-03 00:00:00,Enrolled,222415
ENR003424,STU009445,SCH060,2022-12-03 00:00:00,Enrolled,183798
ENR003425,STU008179,SCH095,2025-01-06 00:00:00,Enrolled,90617
ENR003426,STU019429,SCH072,2024-03-12 00:00:00,Enrolled,81453
ENR003427,STU013558,SCH067,2024-07-07 00:00:00,Enrolled,131048
ENR003428,STU017223,SCH098,2024-02-06 00:00:00,Enrolled,85672
ENR003429,STU016470,SCH085,2025-04-07 00:00:00,Withdrawn,220419
ENR003430,STU023668,SCH001,2023-08-12 00:00:00,Enrolled,155244
ENR003431,STU013469,SCH081,2021-03-20 00:00:00,Enrolled,204846
ENR003432,STU008281,SCH097,2025-08-05 00:00:00,Enrolled,208549
ENR003433,STU005101,SCH035,2025-09-07 00:00:00,Enrolled,205914
ENR003434,STU003158,SCH003,2025-11-25 00:00:00,Enrolled,142051
ENR003435,STU020516,SCH100,2023-07-15 00:00:00,Enrolled,68048
ENR003436,STU023951,SCH034,2021-09-26 00:00:00,Enrolled,207949
ENR003437,STU006664,SCH049,2026-04-06 00:00:00,Enrolled,54521
ENR003438,STU014152,SCH062,2025-06-05 00:00:00,Enrolled,75091
ENR003439,STU011961,SCH063,2026-05-01 00:00:00,Enrolled,173164
ENR003440,STU004301,SCH008,2025-01-15 00:00:00,Enrolled,76690
ENR003441,STU004020,SCH085,2026-08-19 00:00:00,Enrolled,218991
ENR003442,STU008822,SCH001,2022-10-17 00:00:00,Enrolled,179100
ENR003443,STU006840,SCH039,2021-12-15 00:00:00,Withdrawn,203889
ENR003444,STU005630,SCH057,2021-04-25 00:00:00,Enrolled,72245
ENR003445,STU013605,SCH051,2022-06-12 00:00:00,Enrolled,84717
ENR003446,STU021245,SCH056,2023-12-13 00:00:00,Enrolled,232908
ENR003447,STU013563,SCH052,2025-03-20 00:00:00,Enrolled,157345
ENR003448,STU009046,SCH017,2021-05-18 00:00:00,Enrolled,51254
ENR003449,STU024381,SCH060,2021-02-14 00:00:00,Enrolled,190230
ENR003450,STU001504,SCH031,2024-10-18 00:00:00,Enrolled,135165
ENR003451,STU004221,SCH018,2025-12-12 00:00:00,Enrolled,248291
ENR003452,STU005843,SCH066,2025-07-26 00:00:00,Enrolled,166502
ENR003453,STU010933,SCH057,2024-01-21 00:00:00,Enrolled,67001
ENR003454,STU024682,SCH004,2026-02-05 00:00:00,Withdrawn,177329
ENR003455,STU010985,SCH063,2022-06-09 00:00:00,Enrolled,50740
ENR003456,STU008033,SCH025,2021-05-11 00:00:00,Enrolled,183293
ENR003457,STU009090,SCH010,2023-02-24 00:00:00,Enrolled,134153
ENR003458,STU016849,SCH056,2022-09-02 00:00:00,Enrolled,129021
ENR003459,STU014362,SCH020,2021-09-05 00:00:00,Enrolled,240709
ENR003460,STU019656,SCH007,2022-12-05 00:00:00,Enrolled,68148
ENR003461,STU011532,SCH062,2024-08-14 00:00:00,Enrolled,61898
ENR003462,STU013597,SCH085,2024-11-09 00:00:00,Enrolled,145681
ENR003463,STU004134,SCH093,2021-07-05 00:00:00,Enrolled,119368
ENR003464,STU006667,SCH088,2021-10-04 00:00:00,Enrolled,194223
ENR003465,STU021314,SCH078,2023-07-16 00:00:00,Enrolled,174371
ENR003466,STU004363,SCH018,2021-12-07 00:00:00,Enrolled,200601
ENR003467,STU009453,SCH072,2022-05-01 00:00:00,Enrolled,228372
ENR003468,STU013290,SCH016,2023-02-13 00:00:00,Enrolled,146668
ENR003469,STU020163,SCH009,2023-06-01 00:00:00,Enrolled,169905
ENR003470,STU024919,SCH080,2022-01-15 00:00:00,Enrolled,74591
ENR003471,STU004706,SCH071,2022-09-05 00:00:00,Withdrawn,227656
ENR003472,STU006274,SCH096,2023-05-19 00:00:00,Enrolled,116700
ENR003473,STU016433,SCH009,2022-07-06 00:00:00,Enrolled,204785
ENR003474,STU010552,SCH040,2026-08-07 00:00:00,Enrolled,154561
ENR003475,STU020683,SCH021,2025-05-23 00:00:00,Enrolled,190948
ENR003476,STU024806,SCH048,2021-03-23 00:00:00,Enrolled,172813
ENR003477,STU004420,SCH084,2025-08-20 00:00:00,Enrolled,100928
ENR003478,STU016140,SCH087,2024-12-05 00:00:00,Enrolled,114347
ENR003479,STU007365,SCH067,2022-11-04 00:00:00,Enrolled,191401
ENR003480,STU023183,SCH003,2025-03-29 00:00:00,Enrolled,235700
ENR003481,STU007014,SCH081,2021-10-15 00:00:00,Enrolled,109530
ENR003482,STU016257,SCH064,2024-04-20 00:00:00,Enrolled,150804
ENR003483,STU024362,SCH021,2025-06-27 00:00:00,Enrolled,215974
ENR003484,STU008079,SCH002,2024-05-06 00:00:00,Enrolled,147573
ENR003485,STU013396,SCH072,2025-12-12 00:00:00,Enrolled,58342
ENR003486,STU002714,SCH034,2022-12-06 00:00:00,Enrolled,56311
ENR003487,STU001613,SCH055,2025-06-08 00:00:00,Enrolled,51071
ENR003488,STU014495,SCH086,2025-12-27 00:00:00,Enrolled,152937
ENR003489,STU010884,SCH060,2026-03-15 00:00:00,Enrolled,138417
ENR003490,STU010491,SCH093,2025-07-03 00:00:00,Enrolled,164381
ENR003491,STU020869,SCH013,2024-11-02 00:00:00,Enrolled,245733
ENR003492,STU022804,SCH012,2022-04-22 00:00:00,Enrolled,214419
ENR003493,STU005288,SCH078,2026-04-20 00:00:00,Enrolled,123516
ENR003494,STU012935,SCH098,2022-06-26 00:00:00,Enrolled,144318
ENR003495,STU012869,SCH091,2024-04-06 00:00:00,Enrolled,175946
ENR003496,STU001682,SCH014,2023-10-25 00:00:00,Enrolled,163035
ENR003497,STU004881,SCH051,2025-06-18 00:00:00,Enrolled,209796
ENR003498,STU010027,SCH060,2025-08-22 00:00:00,Enrolled,47165
ENR003499,STU007728,SCH076,2021-05-08 00:00:00,Enrolled,218242
ENR003500,STU016423,SCH091,2023-12-20 00:00:00,Enrolled,222698
ENR003501,STU020384,SCH032,2024-06-18 00:00:00,Enrolled,134675
ENR003502,STU018965,SCH003,2021-05-04 00:00:00,Enrolled,94132
ENR003503,STU005200,SCH011,2023-03-07 00:00:00,Enrolled,112037
ENR003504,STU014855,SCH031,2024-07-09 00:00:00,Enrolled,204733
ENR003505,STU011606,SCH009,2021-11-09 00:00:00,Enrolled,215960
ENR003506,STU001158,SCH081,2023-02-06 00:00:00,Withdrawn,57493
ENR003507,STU006851,SCH002,2022-06-23 00:00:00,Enrolled,80504
ENR003508,STU008118,SCH064,2025-05-04 00:00:00,Enrolled,225205
ENR003509,STU014217,SCH038,2025-01-22 00:00:00,Enrolled,105683
ENR003510,STU017760,SCH059,2025-11-18 00:00:00,Enrolled,86189
ENR003511,STU009791,SCH024,2021-08-12 00:00:00,Enrolled,203773
ENR003512,STU016907,SCH056,2022-07-05 00:00:00,Enrolled,161385
ENR003513,STU009229,SCH077,2021-07-17 00:00:00,Enrolled,129478
ENR003514,STU010052,SCH006,2022-03-22 00:00:00,Enrolled,121782
ENR003515,STU014864,SCH097,2025-03-04 00:00:00,Enrolled,46099
ENR003516,STU023836,SCH086,2021-10-05 00:00:00,Enrolled,152906
ENR003517,STU006513,SCH021,2021-02-23 00:00:00,Enrolled,58879
ENR003518,STU013591,SCH042,2021-06-12 00:00:00,Enrolled,216819
ENR003519,STU005411,SCH093,2023-05-06 00:00:00,Enrolled,157292
ENR003520,STU002115,SCH052,2024-12-17 00:00:00,Enrolled,194146
ENR003521,STU024409,SCH030,2025-11-07 00:00:00,Enrolled,113153
ENR003522,STU011544,SCH026,2022-01-04 00:00:00,Withdrawn,230641
ENR003523,STU024642,SCH078,2026-03-11 00:00:00,Enrolled,73125
ENR003524,STU015991,SCH050,2024-06-14 00:00:00,Enrolled,114823
ENR003525,STU020729,SCH094,2024-07-30 00:00:00,Enrolled,157032
ENR003526,STU007392,SCH066,2022-01-04 00:00:00,Withdrawn,180416
ENR003527,STU005517,SCH039,2023-01-08 00:00:00,Enrolled,185824
ENR003528,STU007117,SCH092,2022-01-04 00:00:00,Enrolled,195797
ENR003529,STU014546,SCH044,2024-12-19 00:00:00,Enrolled,62382
ENR003530,STU009125,SCH015,2025-03-17 00:00:00,Enrolled,148424
ENR003531,STU004199,SCH028,2022-09-16 00:00:00,Enrolled,207083
ENR003532,STU023709,SCH054,2022-05-02 00:00:00,Withdrawn,145752
ENR003533,STU004698,SCH004,2026-08-20 00:00:00,Enrolled,221273
ENR003534,STU020058,SCH006,2023-05-26 00:00:00,Enrolled,50546
ENR003535,STU003274,SCH018,2024-03-06 00:00:00,Enrolled,177487
ENR003536,STU019950,SCH049,2025-11-04 00:00:00,Enrolled,45796
ENR003537,STU007879,SCH036,2024-02-21 00:00:00,Enrolled,248104
ENR003538,STU004145,SCH078,2025-06-05 00:00:00,Enrolled,242148
ENR003539,STU008393,SCH043,2025-06-30 00:00:00,Enrolled,209759
ENR003540,STU000390,SCH069,2025-11-27 00:00:00,Enrolled,64931
ENR003541,STU008113,SCH022,2023-02-22 00:00:00,Enrolled,93860
ENR003542,STU012118,SCH008,2025-03-11 00:00:00,Enrolled,111381
ENR003543,STU006398,SCH074,2024-09-29 00:00:00,Enrolled,222646
ENR003544,STU007516,SCH024,2025-05-17 00:00:00,Enrolled,129566
ENR003545,STU000073,SCH059,2023-05-30 00:00:00,Enrolled,183963
ENR003546,STU018129,SCH051,2026-01-23 00:00:00,Enrolled,62803
ENR003547,STU004978,SCH027,2026-02-19 00:00:00,Enrolled,197615
ENR003548,STU006323,SCH003,2023-05-19 00:00:00,Enrolled,170390
ENR003549,STU006548,SCH045,2023-12-19 00:00:00,Enrolled,140979
ENR003550,STU007404,SCH031,2024-01-04 00:00:00,Enrolled,140950
ENR003551,STU012968,SCH051,2021-10-16 00:00:00,Enrolled,67615
ENR003552,STU008512,SCH066,2026-04-25 00:00:00,Withdrawn,93178
ENR003553,STU018715,SCH055,2026-01-02 00:00:00,Withdrawn,189916
ENR003554,STU019742,SCH030,2022-07-03 00:00:00,Enrolled,168221
ENR003555,STU002898,SCH009,2025-07-14 00:00:00,Enrolled,112635
ENR003556,STU016208,SCH088,2026-03-13 00:00:00,Enrolled,139867
ENR003557,STU013077,SCH068,2021-07-23 00:00:00,Enrolled,248523
ENR003558,STU003935,SCH027,2021-06-14 00:00:00,Enrolled,181861
ENR003559,STU003637,SCH070,2021-08-21 00:00:00,Enrolled,81313
ENR003560,STU022938,SCH086,2022-07-31 00:00:00,Enrolled,127582
ENR003561,STU012716,SCH098,2024-09-27 00:00:00,Enrolled,237197
ENR003562,STU015618,SCH018,2022-05-29 00:00:00,Enrolled,181971
ENR003563,STU014870,SCH005,2025-01-06 00:00:00,Enrolled,163704
ENR003564,STU010398,SCH008,2026-09-25 00:00:00,Enrolled,245593
ENR003565,STU010269,SCH083,2024-09-14 00:00:00,Enrolled,110491
ENR003566,STU010600,SCH037,2024-05-03 00:00:00,Enrolled,117491
ENR003567,STU012250,SCH023,2021-03-20 00:00:00,Enrolled,83171
ENR003568,STU012172,SCH089,2025-04-27 00:00:00,Enrolled,134098
ENR003569,STU011015,SCH052,2026-09-19 00:00:00,Enrolled,249248
ENR003570,STU017192,SCH021,2026-06-03 00:00:00,Enrolled,55598
ENR003571,STU006196,SCH022,2025-12-05 00:00:00,Enrolled,246708
ENR003572,STU001267,SCH026,2024-04-16 00:00:00,Enrolled,220833
ENR003573,STU014886,SCH029,2023-07-12 00:00:00,Enrolled,217795
ENR003574,STU005627,SCH004,2022-01-06 00:00:00,Withdrawn,105955
ENR003575,STU001442,SCH081,2021-02-19 00:00:00,Enrolled,196958
ENR003576,STU022627,SCH099,2022-01-29 00:00:00,Enrolled,244791
ENR003577,STU019716,SCH036,2026-06-11 00:00:00,Enrolled,171006
ENR003578,STU011689,SCH040,2023-04-06 00:00:00,Enrolled,125225
ENR003579,STU002705,SCH079,2022-03-29 00:00:00,Enrolled,212123
ENR003580,STU019861,SCH036,2023-09-22 00:00:00,Enrolled,142852
ENR003581,STU009715,SCH056,2025-10-09 00:00:00,Enrolled,110748
ENR003582,STU010162,SCH041,2022-02-04 00:00:00,Enrolled,123314
ENR003583,STU013172,SCH049,2023-04-19 00:00:00,Enrolled,240780
ENR003584,STU013726,SCH002,2024-12-27 00:00:00,Enrolled,179039
ENR003585,STU011080,SCH055,2026-01-26 00:00:00,Enrolled,119133
ENR003586,STU000664,SCH080,2025-12-15 00:00:00,Enrolled,232477
ENR003587,STU000157,SCH027,2025-06-13 00:00:00,Enrolled,245155
ENR003588,STU020538,SCH038,2025-02-12 00:00:00,Enrolled,81102
ENR003589,STU017947,SCH093,2025-09-21 00:00:00,Enrolled,78843
ENR003590,STU007745,SCH007,2024-11-14 00:00:00,Withdrawn,100365
ENR003591,STU023437,SCH004,2023-06-04 00:00:00,Enrolled,221060
ENR003592,STU000355,SCH063,2025-12-07 00:00:00,Enrolled,120026
ENR003593,STU021312,SCH028,2023-02-17 00:00:00,Enrolled,161483
ENR003594,STU019605,SCH029,2025-10-04 00:00:00,Enrolled,208117
ENR003595,STU005343,SCH087,2022-06-04 00:00:00,Enrolled,114463
ENR003596,STU015924,SCH023,2024-12-31 00:00:00,Enrolled,138805
ENR003597,STU017271,SCH095,2024-02-03 00:00:00,Withdrawn,243240
ENR003598,STU013373,SCH074,2022-12-07 00:00:00,Withdrawn,50397
ENR003599,STU014138,SCH057,2023-04-04 00:00:00,Enrolled,219035
ENR003600,STU020682,SCH070,2021-06-07 00:00:00,Enrolled,45124
ENR003601,STU004082,SCH019,2026-04-07 00:00:00,Enrolled,85199
ENR003602,STU000270,SCH026,2025-09-20 00:00:00,Enrolled,201286
ENR003603,STU017717,SCH054,2025-10-28 00:00:00,Enrolled,180111
ENR003604,STU021393,SCH031,2023-02-25 00:00:00,Enrolled,195266
ENR003605,STU024269,SCH034,2024-10-14 00:00:00,Enrolled,72362
ENR003606,STU001507,SCH018,2023-08-26 00:00:00,Enrolled,96254
ENR003607,STU018744,SCH053,2023-03-26 00:00:00,Enrolled,147083
ENR003608,STU024143,SCH017,2023-09-14 00:00:00,Enrolled,202113
ENR003609,STU001864,SCH011,2024-01-16 00:00:00,Enrolled,166487
ENR003610,STU018405,SCH097,2024-08-19 00:00:00,Enrolled,220803
ENR003611,STU010512,SCH072,2021-04-02 00:00:00,Enrolled,53412
ENR003612,STU024451,SCH085,2022-02-07 00:00:00,Enrolled,54903
ENR003613,STU010865,SCH078,2024-10-15 00:00:00,Enrolled,123201
ENR003614,STU002921,SCH072,2024-12-30 00:00:00,Enrolled,204062
ENR003615,STU018014,SCH048,2021-06-23 00:00:00,Withdrawn,97031
ENR003616,STU000221,SCH059,2023-11-04 00:00:00,Enrolled,156934
ENR003617,STU020979,SCH058,2023-09-04 00:00:00,Enrolled,142204
ENR003618,STU005984,SCH012,2021-12-16 00:00:00,Enrolled,141135
ENR003619,STU017654,SCH052,2025-08-14 00:00:00,Enrolled,231206
ENR003620,STU020695,SCH089,2025-01-31 00:00:00,Enrolled,50504
ENR003621,STU015551,SCH073,2024-06-24 00:00:00,Enrolled,140994
ENR003622,STU023371,SCH014,2024-12-08 00:00:00,Enrolled,213128
ENR003623,STU018540,SCH080,2023-08-11 00:00:00,Enrolled,148352
ENR003624,STU015468,SCH029,2025-12-22 00:00:00,Enrolled,110774
ENR003625,STU009346,SCH087,2024-02-04 00:00:00,Enrolled,138886
ENR003626,STU002126,SCH100,2023-12-08 00:00:00,Enrolled,168663
ENR003627,STU009550,SCH016,2021-09-19 00:00:00,Withdrawn,59685
ENR003628,STU003099,SCH028,2025-02-23 00:00:00,Enrolled,151300
ENR003629,STU013511,SCH026,2024-07-27 00:00:00,Enrolled,132157
ENR003630,STU021069,SCH013,2025-05-22 00:00:00,Enrolled,64458
ENR003631,STU023500,SCH091,2022-07-02 00:00:00,Enrolled,231527
ENR003632,STU019102,SCH004,2025-12-17 00:00:00,Withdrawn,152661
ENR003633,STU021661,SCH069,2023-12-25 00:00:00,Enrolled,236010
ENR003634,STU007875,SCH063,2026-07-08 00:00:00,Enrolled,58650
ENR003635,STU015761,SCH037,2022-11-13 00:00:00,Enrolled,231680
ENR003636,STU016039,SCH024,2024-11-15 00:00:00,Enrolled,100606
ENR003637,STU022318,SCH055,2023-10-21 00:00:00,Enrolled,206464
ENR003638,STU022024,SCH080,2025-04-05 00:00:00,Enrolled,158559
ENR003639,STU023696,SCH089,2022-05-29 00:00:00,Enrolled,239745
ENR003640,STU024165,SCH022,2024-09-24 00:00:00,Enrolled,183316
ENR003641,STU011508,SCH089,2024-03-31 00:00:00,Enrolled,53445
ENR003642,STU010913,SCH040,2023-11-01 00:00:00,Withdrawn,202327
ENR003643,STU016699,SCH096,2021-02-23 00:00:00,Enrolled,113933
ENR003644,STU000285,SCH093,2025-10-04 00:00:00,Enrolled,96916
ENR003645,STU016178,SCH072,2023-02-19 00:00:00,Enrolled,101187
ENR003646,STU020100,SCH032,2022-12-03 00:00:00,Enrolled,173682
ENR003647,STU006714,SCH060,2021-11-25 00:00:00,Withdrawn,242228
ENR003648,STU013861,SCH040,2021-03-23 00:00:00,Enrolled,82424
ENR003649,STU006266,SCH045,2023-04-16 00:00:00,Enrolled,93579
ENR003650,STU000462,SCH100,2024-07-01 00:00:00,Enrolled,233494
ENR003651,STU011621,SCH011,2021-12-06 00:00:00,Enrolled,53614
ENR003652,STU009057,SCH034,2023-09-10 00:00:00,Enrolled,246811
ENR003653,STU016284,SCH007,2022-08-24 00:00:00,Enrolled,216571
ENR003654,STU021642,SCH027,2024-08-27 00:00:00,Enrolled,86852
ENR003655,STU003895,SCH001,2025-02-24 00:00:00,Enrolled,136999
ENR003656,STU021583,SCH094,2023-03-26 00:00:00,Enrolled,231695
ENR003657,STU019293,SCH051,2021-08-29 00:00:00,Enrolled,81577
ENR003658,STU004671,SCH054,2025-06-06 00:00:00,Enrolled,132017
ENR003659,STU015630,SCH071,2023-01-18 00:00:00,Enrolled,80068
ENR003660,STU005126,SCH037,2026-03-26 00:00:00,Enrolled,152445
ENR003661,STU024094,SCH075,2022-08-14 00:00:00,Enrolled,200614
ENR003662,STU017061,SCH091,2022-09-15 00:00:00,Enrolled,124922
ENR003663,STU015316,SCH062,2023-07-07 00:00:00,Enrolled,158381
ENR003664,STU011650,SCH095,2023-01-23 00:00:00,Enrolled,130092
ENR003665,STU011220,SCH020,2022-09-11 00:00:00,Enrolled,185659
ENR003666,STU022892,SCH080,2023-07-22 00:00:00,Enrolled,136719
ENR003667,STU008240,SCH031,2024-06-21 00:00:00,Enrolled,184742
ENR003668,STU016935,SCH053,2025-07-26 00:00:00,Enrolled,67004
ENR003669,STU009893,SCH017,2024-05-21 00:00:00,Enrolled,219775
ENR003670,STU010683,SCH074,2022-11-14 00:00:00,Enrolled,111855
ENR003671,STU006471,SCH037,2021-04-01 00:00:00,Enrolled,147698
ENR003672,STU000710,SCH029,2021-12-17 00:00:00,Enrolled,81403
ENR003673,STU000086,SCH076,2021-10-11 00:00:00,Enrolled,178188
ENR003674,STU010179,SCH003,2023-06-07 00:00:00,Enrolled,90378
ENR003675,STU001800,SCH040,2021-10-13 00:00:00,Enrolled,187755
ENR003676,STU006008,SCH083,2021-12-04 00:00:00,Enrolled,240707
ENR003677,STU001153,SCH023,2023-02-01 00:00:00,Enrolled,138652
ENR003678,STU010601,SCH018,2022-08-07 00:00:00,Enrolled,188342
ENR003679,STU008979,SCH080,2025-03-02 00:00:00,Enrolled,227420
ENR003680,STU005430,SCH017,2024-10-16 00:00:00,Enrolled,148390
ENR003681,STU017227,SCH066,2023-11-10 00:00:00,Enrolled,61944
ENR003682,STU004850,SCH013,2024-01-10 00:00:00,Enrolled,70514
ENR003683,STU021625,SCH061,2022-06-06 00:00:00,Enrolled,122767
ENR003684,STU002498,SCH098,2021-06-15 00:00:00,Enrolled,216143
ENR003685,STU014511,SCH072,2024-01-25 00:00:00,Withdrawn,247785
ENR003686,STU020252,SCH099,2021-10-17 00:00:00,Enrolled,106154
ENR003687,STU022984,SCH064,2023-04-03 00:00:00,Enrolled,207674
ENR003688,STU019410,SCH017,2023-09-03 00:00:00,Enrolled,58591
ENR003689,STU024381,SCH004,2024-08-16 00:00:00,Enrolled,84236
ENR003690,STU014221,SCH062,2022-11-24 00:00:00,Enrolled,181235
ENR003691,STU022146,SCH037,2021-08-03 00:00:00,Enrolled,93481
ENR003692,STU009135,SCH047,2025-01-21 00:00:00,Enrolled,199833
ENR003693,STU018974,SCH052,2025-08-06 00:00:00,Enrolled,227253
ENR003694,STU005044,SCH097,2023-02-13 00:00:00,Withdrawn,154390
ENR003695,STU017827,SCH048,2024-10-01 00:00:00,Withdrawn,120608
ENR003696,STU012190,SCH080,2024-03-06 00:00:00,Withdrawn,158174
ENR003697,STU004250,SCH017,2024-01-23 00:00:00,Enrolled,45422
ENR003698,STU009155,SCH054,2026-02-27 00:00:00,Enrolled,193338
ENR003699,STU002135,SCH012,2022-01-14 00:00:00,Enrolled,163410
ENR003700,STU001917,SCH028,2022-01-10 00:00:00,Enrolled,192000
ENR003701,STU014572,SCH087,2025-03-24 00:00:00,Enrolled,168468
ENR003702,STU003730,SCH041,2025-01-08 00:00:00,Withdrawn,180473
ENR003703,STU016545,SCH026,2021-11-27 00:00:00,Enrolled,197640
ENR003704,STU021517,SCH093,2026-03-22 00:00:00,Enrolled,103607
ENR003705,STU011180,SCH088,2023-07-22 00:00:00,Enrolled,237510
ENR003706,STU019297,SCH090,2026-06-13 00:00:00,Enrolled,71597
ENR003707,STU010135,SCH009,2023-11-06 00:00:00,Enrolled,198204
ENR003708,STU011738,SCH021,2023-08-07 00:00:00,Enrolled,198416
ENR003709,STU004489,SCH094,2023-12-22 00:00:00,Enrolled,176228
ENR003710,STU024036,SCH057,2023-04-13 00:00:00,Enrolled,148184
ENR003711,STU015561,SCH046,2021-04-23 00:00:00,Enrolled,249718
ENR003712,STU000978,SCH042,2025-08-08 00:00:00,Enrolled,83079
ENR003713,STU022457,SCH019,2022-05-20 00:00:00,Enrolled,173730
ENR003714,STU006243,SCH023,2026-03-04 00:00:00,Enrolled,113019
ENR003715,STU016633,SCH051,2023-12-22 00:00:00,Enrolled,174578
ENR003716,STU022052,SCH077,2026-01-01 00:00:00,Enrolled,202238
ENR003717,STU004815,SCH019,2026-05-24 00:00:00,Enrolled,179543
ENR003718,STU020771,SCH017,2021-04-30 00:00:00,Enrolled,219150
ENR003719,STU009875,SCH018,2023-09-26 00:00:00,Withdrawn,121948
ENR003720,STU016339,SCH038,2025-10-06 00:00:00,Enrolled,122540
ENR003721,STU008620,SCH062,2025-12-03 00:00:00,Enrolled,183686
ENR003722,STU000369,SCH012,2023-03-07 00:00:00,Enrolled,227407
ENR003723,STU009993,SCH063,2024-04-18 00:00:00,Enrolled,198129
ENR003724,STU001547,SCH046,2024-12-24 00:00:00,Enrolled,80420
ENR003725,STU012824,SCH035,2023-04-26 00:00:00,Withdrawn,194387
ENR003726,STU016563,SCH064,2023-12-02 00:00:00,Enrolled,125441
ENR003727,STU020651,SCH049,2026-01-20 00:00:00,Enrolled,170820
ENR003728,STU006982,SCH072,2023-07-21 00:00:00,Enrolled,158664
ENR003729,STU007425,SCH025,2024-05-15 00:00:00,Enrolled,162111
ENR003730,STU024334,SCH083,2023-02-28 00:00:00,Enrolled,57064
ENR003731,STU010957,SCH093,2024-10-06 00:00:00,Enrolled,153075
ENR003732,STU013176,SCH092,2025-12-03 00:00:00,Enrolled,189171
ENR003733,STU018602,SCH006,2021-10-12 00:00:00,Enrolled,68451
ENR003734,STU020023,SCH087,2025-11-10 00:00:00,Enrolled,209404
ENR003735,STU009705,SCH046,2022-02-07 00:00:00,Enrolled,130497
ENR003736,STU021103,SCH029,2021-11-04 00:00:00,Enrolled,145289
ENR003737,STU011436,SCH045,2024-05-01 00:00:00,Enrolled,140494
ENR003738,STU016206,SCH097,2026-08-20 00:00:00,Enrolled,236100
ENR003739,STU015468,SCH063,2022-05-23 00:00:00,Withdrawn,88400
ENR003740,STU023095,SCH007,2023-05-07 00:00:00,Enrolled,201415
ENR003741,STU021972,SCH063,2022-08-18 00:00:00,Enrolled,195235
ENR003742,STU007086,SCH079,2025-08-11 00:00:00,Enrolled,103397
ENR003743,STU000653,SCH027,2026-04-03 00:00:00,Enrolled,186863
ENR003744,STU000430,SCH016,2023-12-13 00:00:00,Enrolled,182694
ENR003745,STU010820,SCH091,2024-02-20 00:00:00,Enrolled,199662
ENR003746,STU011557,SCH007,2024-09-11 00:00:00,Enrolled,157082
ENR003747,STU019647,SCH001,2024-08-08 00:00:00,Enrolled,175545
ENR003748,STU008090,SCH097,2023-12-17 00:00:00,Enrolled,108210
ENR003749,STU002689,SCH066,2024-06-11 00:00:00,Enrolled,226036
ENR003750,STU016145,SCH050,2022-01-20 00:00:00,Enrolled,222287
ENR003751,STU020232,SCH049,2026-05-25 00:00:00,Enrolled,213363
ENR003752,STU004700,SCH063,2022-08-05 00:00:00,Enrolled,114539
ENR003753,STU005446,SCH077,2023-01-12 00:00:00,Enrolled,152247
ENR003754,STU008954,SCH003,2021-09-04 00:00:00,Enrolled,132322
ENR003755,STU022787,SCH031,2024-08-06 00:00:00,Enrolled,83167
ENR003756,STU022545,SCH032,2024-02-12 00:00:00,Enrolled,61268
ENR003757,STU006456,SCH087,2024-02-25 00:00:00,Enrolled,60162
ENR003758,STU005645,SCH004,2022-03-26 00:00:00,Withdrawn,233398
ENR003759,STU014225,SCH009,2023-06-29 00:00:00,Enrolled,149725
ENR003760,STU004682,SCH065,2023-02-01 00:00:00,Enrolled,73447
ENR003761,STU008169,SCH037,2024-08-31 00:00:00,Enrolled,209290
ENR003762,STU016111,SCH006,2022-07-01 00:00:00,Enrolled,148644
ENR003763,STU018137,SCH077,2023-08-23 00:00:00,Enrolled,49762
ENR003764,STU007237,SCH052,2026-09-28 00:00:00,Enrolled,69715
ENR003765,STU010648,SCH010,2022-04-22 00:00:00,Enrolled,49331
ENR003766,STU010655,SCH049,2024-12-20 00:00:00,Enrolled,238157
ENR003767,STU008163,SCH063,2021-12-03 00:00:00,Withdrawn,142537
ENR003768,STU003897,SCH089,2024-05-18 00:00:00,Enrolled,239957
ENR003769,STU018874,SCH065,2022-09-22 00:00:00,Enrolled,153070
ENR003770,STU015683,SCH006,2021-06-09 00:00:00,Enrolled,134118
ENR003771,STU021013,SCH093,2022-09-17 00:00:00,Enrolled,151877
ENR003772,STU020814,SCH051,2024-12-13 00:00:00,Enrolled,198422
ENR003773,STU013793,SCH044,2024-03-26 00:00:00,Enrolled,105557
ENR003774,STU001069,SCH031,2022-08-29 00:00:00,Enrolled,51833
ENR003775,STU005866,SCH001,2024-12-19 00:00:00,Enrolled,79088
ENR003776,STU010525,SCH086,2022-08-02 00:00:00,Enrolled,130992
ENR003777,STU011439,SCH001,2021-11-12 00:00:00,Enrolled,132116
ENR003778,STU024360,SCH081,2024-01-07 00:00:00,Enrolled,128031
ENR003779,STU008835,SCH012,2022-10-15 00:00:00,Enrolled,148418
ENR003780,STU002376,SCH050,2023-04-14 00:00:00,Enrolled,163218
ENR003781,STU013638,SCH100,2023-12-11 00:00:00,Enrolled,103439
ENR003782,STU001346,SCH093,2026-09-15 00:00:00,Enrolled,172088
ENR003783,STU014822,SCH015,2023-02-18 00:00:00,Enrolled,202639
ENR003784,STU008757,SCH066,2021-10-02 00:00:00,Enrolled,244563
ENR003785,STU011853,SCH043,2022-12-02 00:00:00,Enrolled,78751
ENR003786,STU020729,SCH080,2021-09-09 00:00:00,Enrolled,129549
ENR003787,STU010078,SCH033,2024-09-06 00:00:00,Enrolled,226093
ENR003788,STU013673,SCH081,2023-05-11 00:00:00,Enrolled,173040
ENR003789,STU000797,SCH008,2025-03-23 00:00:00,Enrolled,218830
ENR003790,STU011670,SCH071,2022-11-21 00:00:00,Enrolled,221424
ENR003791,STU019588,SCH090,2023-02-12 00:00:00,Enrolled,53852
ENR003792,STU006079,SCH055,2021-10-11 00:00:00,Enrolled,84037
ENR003793,STU021670,SCH020,2025-02-14 00:00:00,Enrolled,177780
ENR003794,STU002439,SCH085,2025-09-19 00:00:00,Enrolled,104484
ENR003795,STU000701,SCH065,2022-12-13 00:00:00,Enrolled,60941
ENR003796,STU024509,SCH082,2021-07-29 00:00:00,Enrolled,217274
ENR003797,STU013365,SCH076,2023-11-19 00:00:00,Enrolled,226013
ENR003798,STU015830,SCH074,2026-07-15 00:00:00,Enrolled,61749
ENR003799,STU010807,SCH033,2021-04-20 00:00:00,Enrolled,225368
ENR003800,STU015405,SCH094,2023-03-26 00:00:00,Enrolled,236784
ENR003801,STU023950,SCH084,2023-11-12 00:00:00,Enrolled,216356
ENR003802,STU008375,SCH050,2023-11-20 00:00:00,Enrolled,217304
ENR003803,STU016120,SCH019,2023-07-10 00:00:00,Enrolled,132863
ENR003804,STU018296,SCH067,2022-09-05 00:00:00,Enrolled,177559
ENR003805,STU006992,SCH052,2024-04-19 00:00:00,Enrolled,86120
ENR003806,STU005914,SCH096,2022-06-15 00:00:00,Withdrawn,113389
ENR003807,STU011915,SCH041,2026-03-05 00:00:00,Enrolled,245354
ENR003808,STU020576,SCH023,2025-08-30 00:00:00,Enrolled,180054
ENR003809,STU016251,SCH023,2023-02-23 00:00:00,Withdrawn,133049
ENR003810,STU019276,SCH032,2026-04-01 00:00:00,Enrolled,105239
ENR003811,STU018623,SCH057,2021-06-17 00:00:00,Enrolled,219308
ENR003812,STU002982,SCH076,2023-05-18 00:00:00,Enrolled,221845
ENR003813,STU002185,SCH044,2025-11-22 00:00:00,Enrolled,59518
ENR003814,STU006633,SCH041,2025-05-28 00:00:00,Enrolled,237002
ENR003815,STU000413,SCH066,2025-08-03 00:00:00,Enrolled,144985
ENR003816,STU002513,SCH016,2023-01-30 00:00:00,Enrolled,136006
ENR003817,STU002857,SCH022,2024-03-02 00:00:00,Enrolled,135053
ENR003818,STU016265,SCH030,2021-07-14 00:00:00,Enrolled,183622
ENR003819,STU017277,SCH067,2021-06-03 00:00:00,Enrolled,160648
ENR003820,STU003903,SCH069,2021-08-02 00:00:00,Enrolled,115577
ENR003821,STU008970,SCH046,2022-12-20 00:00:00,Withdrawn,68022
ENR003822,STU014860,SCH091,2023-11-11 00:00:00,Enrolled,119824
ENR003823,STU006207,SCH088,2023-05-30 00:00:00,Enrolled,204930
ENR003824,STU002596,SCH088,2022-09-28 00:00:00,Enrolled,116794
ENR003825,STU011380,SCH002,2022-07-18 00:00:00,Enrolled,247558
ENR003826,STU016047,SCH091,2026-05-23 00:00:00,Enrolled,107733
ENR003827,STU005815,SCH061,2022-02-01 00:00:00,Enrolled,93232
ENR003828,STU020615,SCH063,2023-03-07 00:00:00,Enrolled,158526
ENR003829,STU011463,SCH081,2022-08-28 00:00:00,Enrolled,215115
ENR003830,STU023950,SCH009,2025-05-24 00:00:00,Enrolled,103109
ENR003831,STU020963,SCH051,2026-02-15 00:00:00,Enrolled,184916
ENR003832,STU014653,SCH058,2026-10-09 00:00:00,Enrolled,179971
ENR003833,STU014903,SCH017,2021-02-12 00:00:00,Enrolled,95825
ENR003834,STU022919,SCH028,2021-11-23 00:00:00,Enrolled,171850
ENR003835,STU002654,SCH027,2025-08-23 00:00:00,Enrolled,83093
ENR003836,STU007092,SCH046,2023-03-03 00:00:00,Enrolled,120578
ENR003837,STU022957,SCH026,2026-06-11 00:00:00,Enrolled,157169
ENR003838,STU003622,SCH056,2022-09-26 00:00:00,Enrolled,147158
ENR003839,STU023977,SCH048,2024-02-18 00:00:00,Enrolled,112861
ENR003840,STU003692,SCH023,2024-03-06 00:00:00,Enrolled,98431
ENR003841,STU011706,SCH016,2022-09-14 00:00:00,Enrolled,142553
ENR003842,STU008112,SCH038,2023-01-08 00:00:00,Enrolled,220359
ENR003843,STU024170,SCH003,2026-05-06 00:00:00,Enrolled,157775
ENR003844,STU012224,SCH032,2024-05-01 00:00:00,Enrolled,97370
ENR003845,STU007575,SCH089,2026-08-03 00:00:00,Enrolled,216012
ENR003846,STU001541,SCH015,2023-09-08 00:00:00,Enrolled,69514
ENR003847,STU013698,SCH081,2022-06-22 00:00:00,Enrolled,211926
ENR003848,STU005617,SCH085,2022-05-15 00:00:00,Enrolled,233393
ENR003849,STU014132,SCH068,2022-04-04 00:00:00,Enrolled,225128
ENR003850,STU001219,SCH079,2024-10-13 00:00:00,Enrolled,86731
ENR003851,STU014791,SCH088,2025-04-07 00:00:00,Enrolled,103244
ENR003852,STU022474,SCH048,2026-02-14 00:00:00,Enrolled,215584
ENR003853,STU007304,SCH089,2024-12-27 00:00:00,Enrolled,144325
ENR003854,STU005212,SCH047,2025-09-22 00:00:00,Enrolled,171660
ENR003855,STU007916,SCH019,2021-04-25 00:00:00,Enrolled,217690
ENR003856,STU017705,SCH098,2023-07-16 00:00:00,Enrolled,91171
ENR003857,STU024860,SCH071,2023-12-18 00:00:00,Enrolled,190630
ENR003858,STU000778,SCH094,2021-02-26 00:00:00,Enrolled,238313
ENR003859,STU013287,SCH020,2025-12-22 00:00:00,Enrolled,80402
ENR003860,STU014430,SCH007,2024-09-16 00:00:00,Enrolled,214741
ENR003861,STU008959,SCH002,2023-08-02 00:00:00,Withdrawn,168507
ENR003862,STU017626,SCH064,2021-12-29 00:00:00,Enrolled,108778
ENR003863,STU018182,SCH059,2024-01-31 00:00:00,Enrolled,47498
ENR003864,STU002933,SCH004,2021-10-24 00:00:00,Enrolled,123215
ENR003865,STU022203,SCH048,2021-10-15 00:00:00,Enrolled,249255
ENR003866,STU002514,SCH100,2024-08-27 00:00:00,Enrolled,130543
ENR003867,STU012407,SCH023,2022-03-08 00:00:00,Enrolled,186681
ENR003868,STU023776,SCH023,2025-01-23 00:00:00,Enrolled,212055
ENR003869,STU001527,SCH036,2026-04-12 00:00:00,Enrolled,53288
ENR003870,STU001393,SCH082,2021-05-22 00:00:00,Enrolled,144969
ENR003871,STU005791,SCH002,2022-07-10 00:00:00,Enrolled,93558
ENR003872,STU013750,SCH093,2026-03-28 00:00:00,Enrolled,47145
ENR003873,STU001521,SCH054,2023-11-17 00:00:00,Enrolled,181374
ENR003874,STU012575,SCH028,2023-07-04 00:00:00,Enrolled,165034
ENR003875,STU016390,SCH039,2025-09-01 00:00:00,Enrolled,131322
ENR003876,STU000102,SCH098,2023-11-02 00:00:00,Enrolled,95343
ENR003877,STU002447,SCH049,2025-08-15 00:00:00,Enrolled,229336
ENR003878,STU012611,SCH100,2021-02-10 00:00:00,Enrolled,211781
ENR003879,STU010084,SCH095,2025-05-05 00:00:00,Enrolled,63071
ENR003880,STU018536,SCH071,2023-04-07 00:00:00,Enrolled,205813
ENR003881,STU024346,SCH061,2021-10-14 00:00:00,Enrolled,227155
ENR003882,STU024760,SCH088,2026-01-25 00:00:00,Enrolled,113866
ENR003883,STU017310,SCH008,2025-05-03 00:00:00,Withdrawn,64189
ENR003884,STU001621,SCH014,2024-10-20 00:00:00,Enrolled,75472
ENR003885,STU006110,SCH056,2025-02-01 00:00:00,Enrolled,131338
ENR003886,STU020296,SCH039,2022-06-05 00:00:00,Enrolled,84303
ENR003887,STU002104,SCH061,2021-03-18 00:00:00,Enrolled,118881
ENR003888,STU018663,SCH083,2024-09-30 00:00:00,Enrolled,79384
ENR003889,STU001020,SCH028,2024-01-04 00:00:00,Enrolled,126882
ENR003890,STU005798,SCH029,2026-04-24 00:00:00,Enrolled,76229
ENR003891,STU017800,SCH074,2023-08-08 00:00:00,Enrolled,167422
ENR003892,STU010855,SCH030,2024-08-29 00:00:00,Enrolled,163520
ENR003893,STU003047,SCH007,2023-02-24 00:00:00,Enrolled,96377
ENR003894,STU020040,SCH063,2025-08-07 00:00:00,Enrolled,80648
ENR003895,STU010409,SCH096,2026-06-01 00:00:00,Enrolled,92985
ENR003896,STU013106,SCH066,2022-10-01 00:00:00,Enrolled,171307
ENR003897,STU000010,SCH023,2024-02-19 00:00:00,Withdrawn,245055
ENR003898,STU002767,SCH012,2021-03-05 00:00:00,Enrolled,135594
ENR003899,STU019507,SCH033,2023-09-21 00:00:00,Enrolled,147456
ENR003900,STU017474,SCH074,2022-01-13 00:00:00,Enrolled,197988
ENR003901,STU024660,SCH092,2023-07-09 00:00:00,Enrolled,131351
ENR003902,STU002111,SCH092,2025-01-19 00:00:00,Enrolled,160417
ENR003903,STU012206,SCH031,2025-12-26 00:00:00,Enrolled,113685
ENR003904,STU005037,SCH002,2024-08-21 00:00:00,Enrolled,240253
ENR003905,STU021814,SCH100,2022-04-16 00:00:00,Enrolled,113679
ENR003906,STU012681,SCH002,2025-03-18 00:00:00,Enrolled,211111
ENR003907,STU000002,SCH093,2021-05-04 00:00:00,Enrolled,139988
ENR003908,STU019607,SCH069,2022-04-24 00:00:00,Enrolled,146245
ENR003909,STU000927,SCH023,2025-04-11 00:00:00,Enrolled,142387
ENR003910,STU005748,SCH004,2022-07-15 00:00:00,Enrolled,245822
ENR003911,STU002822,SCH025,2022-02-17 00:00:00,Enrolled,166372
ENR003912,STU016239,SCH059,2021-12-12 00:00:00,Withdrawn,126650
ENR003913,STU002093,SCH007,2026-08-31 00:00:00,Enrolled,190751
ENR003914,STU004500,SCH061,2025-03-07 00:00:00,Enrolled,184672
ENR003915,STU018750,SCH042,2024-03-13 00:00:00,Withdrawn,145006
ENR003916,STU019931,SCH050,2026-01-26 00:00:00,Enrolled,102260
ENR003917,STU003547,SCH091,2023-07-16 00:00:00,Enrolled,185364
ENR003918,STU005904,SCH016,2024-03-28 00:00:00,Enrolled,247025
ENR003919,STU016632,SCH025,2021-09-01 00:00:00,Enrolled,53865
ENR003920,STU007498,SCH006,2021-12-15 00:00:00,Enrolled,191431
ENR003921,STU023531,SCH021,2021-12-22 00:00:00,Enrolled,199411
ENR003922,STU004068,SCH069,2023-08-18 00:00:00,Enrolled,190058
ENR003923,STU018394,SCH082,2024-11-12 00:00:00,Enrolled,91394
ENR003924,STU014570,SCH053,2023-02-20 00:00:00,Enrolled,49092
ENR003925,STU008358,SCH009,2022-02-05 00:00:00,Enrolled,90920
ENR003926,STU011914,SCH035,2022-12-21 00:00:00,Enrolled,206271
ENR003927,STU006057,SCH091,2026-05-31 00:00:00,Enrolled,118439
ENR003928,STU007183,SCH075,2025-11-18 00:00:00,Enrolled,77261
ENR003929,STU018935,SCH046,2023-02-21 00:00:00,Enrolled,243978
ENR003930,STU014464,SCH030,2022-05-09 00:00:00,Enrolled,128031
ENR003931,STU019024,SCH073,2022-03-09 00:00:00,Withdrawn,81370
ENR003932,STU016607,SCH003,2025-10-31 00:00:00,Enrolled,180496
ENR003933,STU015634,SCH023,2024-05-13 00:00:00,Enrolled,113641
ENR003934,STU012931,SCH080,2022-11-13 00:00:00,Enrolled,152042
ENR003935,STU004259,SCH029,2026-09-06 00:00:00,Enrolled,248256
ENR003936,STU010357,SCH072,2025-11-12 00:00:00,Enrolled,72908
ENR003937,STU011177,SCH049,2023-08-17 00:00:00,Enrolled,249752
ENR003938,STU008562,SCH049,2025-03-03 00:00:00,Enrolled,175594
ENR003939,STU013894,SCH001,2021-11-05 00:00:00,Enrolled,219454
ENR003940,STU005819,SCH080,2025-12-06 00:00:00,Enrolled,101405
ENR003941,STU008068,SCH051,2022-02-02 00:00:00,Enrolled,229327
ENR003942,STU024624,SCH100,2022-09-17 00:00:00,Enrolled,199905
ENR003943,STU018184,SCH095,2023-11-11 00:00:00,Enrolled,172081
ENR003944,STU008577,SCH033,2025-11-04 00:00:00,Enrolled,152655
ENR003945,STU020183,SCH064,2023-12-29 00:00:00,Enrolled,240557
ENR003946,STU016013,SCH081,2024-12-30 00:00:00,Enrolled,145517
ENR003947,STU018269,SCH015,2023-10-30 00:00:00,Enrolled,141634
ENR003948,STU015643,SCH096,2023-03-10 00:00:00,Enrolled,246051
ENR003949,STU017955,SCH081,2022-12-29 00:00:00,Enrolled,146901
ENR003950,STU012838,SCH013,2024-02-21 00:00:00,Enrolled,66932
ENR003951,STU007012,SCH063,2023-09-12 00:00:00,Enrolled,75047
ENR003952,STU000845,SCH049,2023-05-29 00:00:00,Enrolled,55378
ENR003953,STU011423,SCH068,2025-09-10 00:00:00,Enrolled,178025
ENR003954,STU013464,SCH036,2025-06-17 00:00:00,Enrolled,143954
ENR003955,STU021045,SCH008,2022-11-28 00:00:00,Enrolled,193567
ENR003956,STU015001,SCH041,2023-07-17 00:00:00,Enrolled,167461
ENR003957,STU021110,SCH020,2024-06-05 00:00:00,Enrolled,105952
ENR003958,STU022752,SCH040,2022-04-29 00:00:00,Enrolled,127618
ENR003959,STU007558,SCH094,2022-03-08 00:00:00,Enrolled,72160
ENR003960,STU009572,SCH091,2025-08-14 00:00:00,Enrolled,45560
ENR003961,STU000034,SCH083,2023-11-05 00:00:00,Enrolled,192972
ENR003962,STU024859,SCH027,2021-09-06 00:00:00,Enrolled,207941
ENR003963,STU022593,SCH030,2022-01-31 00:00:00,Withdrawn,209945
ENR003964,STU023499,SCH036,2021-04-29 00:00:00,Enrolled,75778
ENR003965,STU020062,SCH055,2025-08-07 00:00:00,Enrolled,146019
ENR003966,STU021685,SCH013,2022-08-10 00:00:00,Enrolled,80209
ENR003967,STU024229,SCH039,2024-03-16 00:00:00,Withdrawn,114995
ENR003968,STU019316,SCH078,2026-05-14 00:00:00,Enrolled,228036
ENR003969,STU021313,SCH073,2024-08-06 00:00:00,Enrolled,178196
ENR003970,STU012683,SCH090,2025-12-06 00:00:00,Enrolled,185146
ENR003971,STU007544,SCH024,2023-06-28 00:00:00,Enrolled,189074
ENR003972,STU019187,SCH010,2025-12-07 00:00:00,Enrolled,239868
ENR003973,STU003972,SCH074,2026-03-10 00:00:00,Enrolled,165086
ENR003974,STU013204,SCH068,2021-08-19 00:00:00,Enrolled,49940
ENR003975,STU024688,SCH039,2022-11-12 00:00:00,Enrolled,184868
ENR003976,STU012903,SCH083,2026-03-27 00:00:00,Enrolled,90882
ENR003977,STU004857,SCH071,2022-04-17 00:00:00,Enrolled,108615
ENR003978,STU005812,SCH049,2025-03-21 00:00:00,Enrolled,206832
ENR003979,STU002586,SCH097,2023-07-13 00:00:00,Enrolled,180164
ENR003980,STU007646,SCH001,2024-04-18 00:00:00,Withdrawn,142395
ENR003981,STU008510,SCH070,2025-12-14 00:00:00,Withdrawn,76773
ENR003982,STU022534,SCH087,2025-12-07 00:00:00,Enrolled,205354
ENR003983,STU022164,SCH087,2025-09-28 00:00:00,Withdrawn,162117
ENR003984,STU013796,SCH094,2022-11-23 00:00:00,Enrolled,206243
ENR003985,STU014474,SCH009,2023-05-05 00:00:00,Enrolled,185440
ENR003986,STU024195,SCH092,2023-09-28 00:00:00,Enrolled,205081
ENR003987,STU019110,SCH010,2021-07-30 00:00:00,Enrolled,169027
ENR003988,STU002530,SCH058,2024-01-08 00:00:00,Enrolled,98162
ENR003989,STU009555,SCH012,2025-12-09 00:00:00,Enrolled,120314
ENR003990,STU015543,SCH020,2024-01-24 00:00:00,Enrolled,153593
ENR003991,STU019468,SCH094,2022-08-23 00:00:00,Enrolled,183927
ENR003992,STU005341,SCH067,2022-08-02 00:00:00,Enrolled,118158
ENR003993,STU003697,SCH020,2022-02-02 00:00:00,Enrolled,184345
ENR003994,STU000766,SCH028,2024-09-01 00:00:00,Enrolled,118373
ENR003995,STU019623,SCH027,2023-01-30 00:00:00,Withdrawn,129165
ENR003996,STU017218,SCH032,2022-08-07 00:00:00,Enrolled,91760
ENR003997,STU009452,SCH064,2026-01-24 00:00:00,Enrolled,78768
ENR003998,STU003993,SCH088,2022-01-22 00:00:00,Enrolled,166017
ENR003999,STU003963,SCH055,2023-04-15 00:00:00,Enrolled,163750
ENR004000,STU005747,SCH042,2026-01-03 00:00:00,Enrolled,71281
ENR004001,STU004039,SCH050,2022-10-28 00:00:00,Withdrawn,223624
ENR004002,STU023331,SCH023,2022-09-15 00:00:00,Enrolled,179482
ENR004003,STU012460,SCH036,2024-05-10 00:00:00,Enrolled,76385
ENR004004,STU016061,SCH025,2026-02-23 00:00:00,Enrolled,61937
ENR004005,STU014098,SCH063,2023-03-16 00:00:00,Withdrawn,53918
ENR004006,STU003534,SCH054,2025-10-26 00:00:00,Enrolled,238787
ENR004007,STU006360,SCH015,2023-09-16 00:00:00,Enrolled,188712
ENR004008,STU018477,SCH080,2024-11-17 00:00:00,Enrolled,172295
ENR004009,STU010938,SCH090,2026-01-13 00:00:00,Enrolled,114484
ENR004010,STU019280,SCH062,2025-12-18 00:00:00,Enrolled,109341
ENR004011,STU010322,SCH081,2023-01-04 00:00:00,Withdrawn,248358
ENR004012,STU014051,SCH031,2025-02-21 00:00:00,Enrolled,194199
ENR004013,STU023224,SCH089,2024-09-12 00:00:00,Enrolled,206586
ENR004014,STU002914,SCH073,2022-05-10 00:00:00,Enrolled,137998
ENR004015,STU001467,SCH056,2022-05-03 00:00:00,Enrolled,247484
ENR004016,STU012120,SCH047,2023-03-22 00:00:00,Enrolled,107097
ENR004017,STU024797,SCH081,2023-09-19 00:00:00,Enrolled,57787
ENR004018,STU023832,SCH002,2026-03-31 00:00:00,Enrolled,232864
ENR004019,STU013133,SCH046,2024-06-01 00:00:00,Enrolled,127025
ENR004020,STU007196,SCH091,2026-03-10 00:00:00,Enrolled,238637
ENR004021,STU000996,SCH022,2021-09-03 00:00:00,Enrolled,75725
ENR004022,STU008490,SCH068,2022-11-04 00:00:00,Enrolled,118565
ENR004023,STU009979,SCH094,2022-09-29 00:00:00,Enrolled,148832
ENR004024,STU000702,SCH100,2023-07-09 00:00:00,Enrolled,96400
ENR004025,STU023539,SCH022,2022-08-08 00:00:00,Enrolled,181989
ENR004026,STU019847,SCH061,2022-08-24 00:00:00,Enrolled,225951
ENR004027,STU000748,SCH077,2021-09-25 00:00:00,Enrolled,197426
ENR004028,STU011012,SCH089,2023-08-28 00:00:00,Enrolled,58403
ENR004029,STU003929,SCH074,2021-12-01 00:00:00,Enrolled,183737
ENR004030,STU023298,SCH087,2021-09-20 00:00:00,Enrolled,156946
ENR004031,STU005225,SCH053,2023-07-20 00:00:00,Withdrawn,102244
ENR004032,STU022281,SCH057,2026-07-30 00:00:00,Enrolled,57457
ENR004033,STU024646,SCH071,2024-10-07 00:00:00,Enrolled,96027
ENR004034,STU015738,SCH021,2024-12-07 00:00:00,Enrolled,147841
ENR004035,STU011888,SCH052,2022-09-10 00:00:00,Enrolled,194080
ENR004036,STU003795,SCH051,2025-04-07 00:00:00,Enrolled,215511
ENR004037,STU012817,SCH010,2023-12-14 00:00:00,Enrolled,45821
ENR004038,STU016802,SCH090,2024-04-10 00:00:00,Enrolled,150592
ENR004039,STU021067,SCH055,2022-07-05 00:00:00,Enrolled,87696
ENR004040,STU009746,SCH034,2024-04-16 00:00:00,Enrolled,45327
ENR004041,STU007391,SCH087,2023-01-03 00:00:00,Enrolled,193435
ENR004042,STU023830,SCH006,2022-02-05 00:00:00,Enrolled,104246
ENR004043,STU011006,SCH021,2022-06-09 00:00:00,Withdrawn,226237
ENR004044,STU015129,SCH081,2026-07-12 00:00:00,Enrolled,207062
ENR004045,STU021236,SCH010,2025-04-16 00:00:00,Enrolled,165380
ENR004046,STU001057,SCH091,2025-06-09 00:00:00,Enrolled,166747
ENR004047,STU010818,SCH055,2021-06-13 00:00:00,Enrolled,121626
ENR004048,STU011631,SCH095,2023-07-31 00:00:00,Enrolled,168668
ENR004049,STU019877,SCH078,2021-07-26 00:00:00,Enrolled,200757
ENR004050,STU001637,SCH004,2024-06-01 00:00:00,Enrolled,181907
ENR004051,STU005153,SCH045,2021-09-02 00:00:00,Enrolled,183006
ENR004052,STU012918,SCH098,2024-01-21 00:00:00,Enrolled,165471
ENR004053,STU013201,SCH070,2021-04-02 00:00:00,Enrolled,145731
ENR004054,STU006267,SCH042,2023-10-12 00:00:00,Withdrawn,53433
ENR004055,STU020239,SCH064,2023-12-20 00:00:00,Enrolled,144033
ENR004056,STU007767,SCH093,2023-10-31 00:00:00,Enrolled,246991
ENR004057,STU007090,SCH018,2025-06-24 00:00:00,Enrolled,49955
ENR004058,STU023888,SCH035,2022-07-22 00:00:00,Enrolled,198371
ENR004059,STU024839,SCH091,2024-11-01 00:00:00,Enrolled,205930
ENR004060,STU010858,SCH072,2023-03-06 00:00:00,Enrolled,150977
ENR004061,STU021350,SCH009,2021-04-03 00:00:00,Enrolled,245972
ENR004062,STU002695,SCH085,2021-04-07 00:00:00,Enrolled,165824
ENR004063,STU016677,SCH084,2024-02-21 00:00:00,Enrolled,121568
ENR004064,STU012467,SCH058,2021-09-28 00:00:00,Enrolled,231856
ENR004065,STU018805,SCH029,2024-05-29 00:00:00,Enrolled,67515
ENR004066,STU001054,SCH055,2025-08-12 00:00:00,Enrolled,52240
ENR004067,STU017756,SCH064,2023-08-06 00:00:00,Enrolled,219787
ENR004068,STU003962,SCH073,2022-07-27 00:00:00,Enrolled,121149
ENR004069,STU021255,SCH090,2023-12-10 00:00:00,Enrolled,83831
ENR004070,STU021116,SCH022,2024-01-20 00:00:00,Enrolled,223376
ENR004071,STU004366,SCH055,2025-07-03 00:00:00,Enrolled,85155
ENR004072,STU008053,SCH089,2024-09-28 00:00:00,Enrolled,171611
ENR004073,STU013705,SCH080,2026-07-04 00:00:00,Enrolled,86371
ENR004074,STU021348,SCH029,2021-04-16 00:00:00,Enrolled,162828
ENR004075,STU013545,SCH064,2022-05-09 00:00:00,Enrolled,117365
ENR004076,STU023880,SCH048,2025-07-29 00:00:00,Enrolled,101008
ENR004077,STU010666,SCH069,2024-07-05 00:00:00,Enrolled,80037
ENR004078,STU016052,SCH048,2022-10-07 00:00:00,Enrolled,152499
ENR004079,STU000321,SCH100,2024-02-20 00:00:00,Enrolled,240625
ENR004080,STU005434,SCH094,2024-04-30 00:00:00,Enrolled,183173
ENR004081,STU022661,SCH006,2025-11-22 00:00:00,Enrolled,162758
ENR004082,STU011777,SCH058,2021-05-07 00:00:00,Enrolled,128197
ENR004083,STU008663,SCH009,2024-07-02 00:00:00,Enrolled,75198
ENR004084,STU020515,SCH079,2021-04-03 00:00:00,Enrolled,183784
ENR004085,STU014244,SCH033,2021-07-26 00:00:00,Enrolled,155743
ENR004086,STU012074,SCH019,2025-03-31 00:00:00,Enrolled,190076
ENR004087,STU024324,SCH090,2022-08-09 00:00:00,Enrolled,189299
ENR004088,STU000444,SCH086,2023-05-06 00:00:00,Enrolled,243756
ENR004089,STU020419,SCH043,2021-10-30 00:00:00,Enrolled,94266
ENR004090,STU018191,SCH100,2022-07-12 00:00:00,Enrolled,164370
ENR004091,STU021474,SCH011,2023-10-02 00:00:00,Enrolled,48029
ENR004092,STU011723,SCH092,2022-12-19 00:00:00,Enrolled,70141
ENR004093,STU009737,SCH093,2024-07-24 00:00:00,Enrolled,80397
ENR004094,STU022903,SCH082,2022-05-03 00:00:00,Enrolled,241315
ENR004095,STU009032,SCH070,2023-07-21 00:00:00,Withdrawn,94808
ENR004096,STU024750,SCH019,2026-01-08 00:00:00,Enrolled,95927
ENR004097,STU000651,SCH092,2024-03-21 00:00:00,Enrolled,80267
ENR004098,STU011625,SCH078,2024-04-27 00:00:00,Enrolled,133533
ENR004099,STU019861,SCH016,2023-10-24 00:00:00,Enrolled,224974
ENR004100,STU021272,SCH067,2021-07-15 00:00:00,Enrolled,159149
ENR004101,STU002567,SCH094,2023-10-04 00:00:00,Withdrawn,210197
ENR004102,STU002064,SCH092,2022-04-20 00:00:00,Withdrawn,213028
ENR004103,STU006276,SCH047,2022-03-18 00:00:00,Enrolled,184707
ENR004104,STU018009,SCH085,2022-06-05 00:00:00,Enrolled,165803
ENR004105,STU023948,SCH082,2026-03-26 00:00:00,Enrolled,113143
ENR004106,STU024521,SCH052,2024-08-20 00:00:00,Enrolled,61059
ENR004107,STU011026,SCH098,2021-11-20 00:00:00,Enrolled,147131
ENR004108,STU013571,SCH023,2024-11-02 00:00:00,Enrolled,137773
ENR004109,STU000043,SCH098,2021-06-18 00:00:00,Enrolled,153915
ENR004110,STU023085,SCH008,2023-07-28 00:00:00,Enrolled,143350
ENR004111,STU005102,SCH070,2021-09-18 00:00:00,Enrolled,46556
ENR004112,STU017311,SCH035,2024-11-13 00:00:00,Enrolled,157098
ENR004113,STU003106,SCH025,2025-12-20 00:00:00,Enrolled,186361
ENR004114,STU021576,SCH023,2023-10-15 00:00:00,Enrolled,83101
ENR004115,STU016467,SCH030,2024-02-10 00:00:00,Enrolled,138753
ENR004116,STU017898,SCH062,2021-03-17 00:00:00,Enrolled,50273
ENR004117,STU004802,SCH077,2021-06-22 00:00:00,Enrolled,150066
ENR004118,STU021113,SCH006,2026-06-02 00:00:00,Enrolled,168297
ENR004119,STU013988,SCH089,2022-06-02 00:00:00,Enrolled,133992
ENR004120,STU010414,SCH041,2024-09-18 00:00:00,Enrolled,191942
ENR004121,STU003909,SCH063,2023-10-18 00:00:00,Enrolled,91297
ENR004122,STU024401,SCH009,2023-05-29 00:00:00,Enrolled,99779
ENR004123,STU007632,SCH072,2024-12-16 00:00:00,Enrolled,170666
ENR004124,STU015431,SCH040,2021-12-31 00:00:00,Withdrawn,70170
ENR004125,STU020753,SCH052,2024-06-23 00:00:00,Enrolled,174167
ENR004126,STU015227,SCH033,2026-03-27 00:00:00,Enrolled,240900
ENR004127,STU008547,SCH042,2024-01-08 00:00:00,Enrolled,236534
ENR004128,STU017496,SCH095,2022-06-26 00:00:00,Enrolled,181969
ENR004129,STU008008,SCH002,2024-03-30 00:00:00,Enrolled,63274
ENR004130,STU018052,SCH005,2024-03-21 00:00:00,Enrolled,57643
ENR004131,STU010394,SCH034,2024-03-25 00:00:00,Enrolled,215412
ENR004132,STU014857,SCH018,2026-08-25 00:00:00,Enrolled,131685
ENR004133,STU006261,SCH049,2022-08-17 00:00:00,Enrolled,215192
ENR004134,STU013266,SCH062,2021-09-29 00:00:00,Enrolled,228125
ENR004135,STU022741,SCH028,2025-01-04 00:00:00,Enrolled,161136
ENR004136,STU000424,SCH017,2022-03-31 00:00:00,Enrolled,101075
ENR004137,STU023824,SCH040,2025-02-04 00:00:00,Enrolled,78011
ENR004138,STU015104,SCH084,2022-10-07 00:00:00,Enrolled,156837
ENR004139,STU000407,SCH007,2023-04-30 00:00:00,Enrolled,241917
ENR004140,STU007577,SCH057,2022-09-26 00:00:00,Withdrawn,188010
ENR004141,STU020127,SCH053,2025-02-23 00:00:00,Enrolled,55782
ENR004142,STU006518,SCH038,2021-12-09 00:00:00,Enrolled,119458
ENR004143,STU012362,SCH041,2022-06-29 00:00:00,Enrolled,187814
ENR004144,STU006233,SCH062,2022-05-28 00:00:00,Enrolled,121592
ENR004145,STU018244,SCH056,2023-06-12 00:00:00,Enrolled,228225
ENR004146,STU022928,SCH033,2022-12-26 00:00:00,Enrolled,94393
ENR004147,STU004641,SCH006,2025-02-04 00:00:00,Enrolled,147232
ENR004148,STU011548,SCH020,2023-09-30 00:00:00,Enrolled,160196
ENR004149,STU007982,SCH008,2023-10-09 00:00:00,Enrolled,66279
ENR004150,STU020001,SCH017,2025-07-06 00:00:00,Enrolled,168988
ENR004151,STU007287,SCH025,2021-06-05 00:00:00,Withdrawn,229331
ENR004152,STU019894,SCH010,2021-07-12 00:00:00,Enrolled,179426
ENR004153,STU024424,SCH028,2021-10-01 00:00:00,Enrolled,224551
ENR004154,STU000901,SCH058,2022-02-24 00:00:00,Enrolled,176437
ENR004155,STU008477,SCH006,2023-11-30 00:00:00,Enrolled,131991
ENR004156,STU015897,SCH014,2022-09-16 00:00:00,Enrolled,215318
ENR004157,STU007547,SCH063,2022-01-01 00:00:00,Enrolled,114408
ENR004158,STU011563,SCH089,2021-09-09 00:00:00,Enrolled,189936
ENR004159,STU014708,SCH073,2023-02-19 00:00:00,Enrolled,206450
ENR004160,STU015556,SCH058,2026-01-06 00:00:00,Enrolled,75862
ENR004161,STU014771,SCH037,2021-08-04 00:00:00,Withdrawn,60169
ENR004162,STU004132,SCH088,2025-01-23 00:00:00,Enrolled,54772
ENR004163,STU021410,SCH096,2022-05-27 00:00:00,Enrolled,173326
ENR004164,STU018357,SCH087,2022-06-11 00:00:00,Enrolled,125424
ENR004165,STU020972,SCH066,2021-10-02 00:00:00,Enrolled,229707
ENR004166,STU019538,SCH020,2021-04-27 00:00:00,Enrolled,95355
ENR004167,STU000225,SCH100,2021-03-05 00:00:00,Enrolled,238394
ENR004168,STU007565,SCH026,2024-11-30 00:00:00,Enrolled,144235
ENR004169,STU001358,SCH072,2026-05-29 00:00:00,Enrolled,183402
ENR004170,STU008839,SCH044,2021-12-28 00:00:00,Enrolled,203885
ENR004171,STU009883,SCH022,2026-07-20 00:00:00,Enrolled,60729
ENR004172,STU008351,SCH060,2025-09-07 00:00:00,Enrolled,52585
ENR004173,STU005505,SCH020,2021-12-23 00:00:00,Enrolled,195761
ENR004174,STU020026,SCH052,2026-09-19 00:00:00,Enrolled,47155
ENR004175,STU013634,SCH039,2022-07-27 00:00:00,Enrolled,118541
ENR004176,STU004246,SCH012,2025-07-17 00:00:00,Enrolled,196911
ENR004177,STU004379,SCH033,2021-11-28 00:00:00,Enrolled,235509
ENR004178,STU018483,SCH003,2023-04-28 00:00:00,Enrolled,54740
ENR004179,STU008906,SCH093,2024-09-16 00:00:00,Enrolled,51173
ENR004180,STU005420,SCH033,2026-08-09 00:00:00,Enrolled,177707
ENR004181,STU017558,SCH010,2021-10-22 00:00:00,Enrolled,176782
ENR004182,STU012992,SCH098,2021-07-04 00:00:00,Enrolled,114425
ENR004183,STU016504,SCH039,2023-10-29 00:00:00,Enrolled,205040
ENR004184,STU017103,SCH042,2023-11-01 00:00:00,Enrolled,199013
ENR004185,STU003363,SCH019,2023-05-18 00:00:00,Enrolled,74492
ENR004186,STU018398,SCH055,2024-03-23 00:00:00,Enrolled,162115
ENR004187,STU006245,SCH100,2026-04-30 00:00:00,Enrolled,163196
ENR004188,STU012077,SCH002,2024-11-14 00:00:00,Enrolled,46958
ENR004189,STU010291,SCH073,2026-06-07 00:00:00,Enrolled,108037
ENR004190,STU023793,SCH078,2024-01-10 00:00:00,Enrolled,201998
ENR004191,STU001997,SCH057,2025-05-22 00:00:00,Enrolled,201144
ENR004192,STU022970,SCH054,2024-05-19 00:00:00,Enrolled,230401
ENR004193,STU019527,SCH050,2023-09-30 00:00:00,Enrolled,67033
ENR004194,STU018538,SCH018,2022-06-10 00:00:00,Enrolled,71007
ENR004195,STU019315,SCH063,2022-12-29 00:00:00,Enrolled,95523
ENR004196,STU023228,SCH017,2024-01-22 00:00:00,Withdrawn,122092
ENR004197,STU003952,SCH068,2023-05-18 00:00:00,Enrolled,159439
ENR004198,STU013606,SCH068,2025-05-16 00:00:00,Enrolled,57745
ENR004199,STU007296,SCH021,2022-10-16 00:00:00,Enrolled,233166
ENR004200,STU004237,SCH043,2023-10-19 00:00:00,Enrolled,158202
ENR004201,STU024826,SCH088,2025-04-01 00:00:00,Enrolled,178264
ENR004202,STU017602,SCH053,2026-04-18 00:00:00,Enrolled,238389
ENR004203,STU006211,SCH062,2021-07-03 00:00:00,Enrolled,100630
ENR004204,STU009022,SCH033,2025-08-31 00:00:00,Withdrawn,111878
ENR004205,STU011204,SCH071,2025-12-19 00:00:00,Enrolled,112897
ENR004206,STU020884,SCH081,2023-07-27 00:00:00,Enrolled,54901
ENR004207,STU007421,SCH062,2024-02-26 00:00:00,Enrolled,162275
ENR004208,STU005245,SCH033,2026-05-14 00:00:00,Enrolled,164050
ENR004209,STU021083,SCH049,2026-02-26 00:00:00,Enrolled,75093
ENR004210,STU023095,SCH077,2021-07-11 00:00:00,Enrolled,106219
ENR004211,STU020061,SCH078,2024-01-25 00:00:00,Enrolled,170557
ENR004212,STU016944,SCH088,2026-05-07 00:00:00,Enrolled,67352
ENR004213,STU002892,SCH071,2022-04-05 00:00:00,Enrolled,135214
ENR004214,STU020421,SCH068,2022-12-28 00:00:00,Enrolled,69952
ENR004215,STU020235,SCH065,2025-10-06 00:00:00,Enrolled,79292
ENR004216,STU013927,SCH042,2023-10-18 00:00:00,Enrolled,176973
ENR004217,STU022353,SCH055,2023-06-05 00:00:00,Enrolled,146704
ENR004218,STU007596,SCH055,2021-12-28 00:00:00,Enrolled,117137
ENR004219,STU008321,SCH023,2022-08-05 00:00:00,Enrolled,61700
ENR004220,STU012413,SCH034,2026-08-28 00:00:00,Enrolled,124212
ENR004221,STU008320,SCH081,2025-08-11 00:00:00,Enrolled,124972
ENR004222,STU020206,SCH063,2025-07-22 00:00:00,Enrolled,238806
ENR004223,STU015367,SCH066,2021-08-25 00:00:00,Enrolled,122098
ENR004224,STU012681,SCH041,2023-07-19 00:00:00,Enrolled,138200
ENR004225,STU019091,SCH085,2024-10-10 00:00:00,Enrolled,202964
ENR004226,STU005572,SCH082,2024-11-06 00:00:00,Enrolled,127136
ENR004227,STU000398,SCH025,2022-03-05 00:00:00,Enrolled,71311
ENR004228,STU007449,SCH051,2021-02-14 00:00:00,Enrolled,229456
ENR004229,STU022570,SCH033,2026-07-21 00:00:00,Enrolled,105132
ENR004230,STU002659,SCH094,2023-09-12 00:00:00,Enrolled,46146
ENR004231,STU018552,SCH009,2023-04-13 00:00:00,Enrolled,69138
ENR004232,STU016260,SCH052,2024-03-19 00:00:00,Enrolled,165301
ENR004233,STU023266,SCH100,2026-02-21 00:00:00,Enrolled,247311
ENR004234,STU016581,SCH074,2026-04-11 00:00:00,Enrolled,129831
ENR004235,STU004040,SCH049,2023-08-31 00:00:00,Enrolled,123209
ENR004236,STU023537,SCH074,2025-05-14 00:00:00,Enrolled,74864
ENR004237,STU016947,SCH069,2021-05-28 00:00:00,Enrolled,81706
ENR004238,STU005314,SCH030,2025-06-01 00:00:00,Enrolled,181749
ENR004239,STU009737,SCH083,2022-04-08 00:00:00,Enrolled,137245
ENR004240,STU017417,SCH058,2021-05-18 00:00:00,Enrolled,222272
ENR004241,STU015150,SCH068,2022-01-15 00:00:00,Enrolled,57471
ENR004242,STU018813,SCH064,2022-05-14 00:00:00,Enrolled,228930
ENR004243,STU022958,SCH053,2023-01-01 00:00:00,Withdrawn,56598
ENR004244,STU021764,SCH063,2025-03-26 00:00:00,Enrolled,84114
ENR004245,STU003479,SCH065,2023-01-12 00:00:00,Enrolled,130932
ENR004246,STU016881,SCH021,2022-10-17 00:00:00,Enrolled,95724
ENR004247,STU019064,SCH080,2024-07-29 00:00:00,Enrolled,213675
ENR004248,STU005329,SCH029,2023-08-16 00:00:00,Enrolled,112951
ENR004249,STU024139,SCH069,2022-02-26 00:00:00,Enrolled,150222
ENR004250,STU016197,SCH059,2024-01-20 00:00:00,Enrolled,162703
ENR004251,STU021928,SCH023,2025-05-20 00:00:00,Enrolled,178513
ENR004252,STU019396,SCH013,2024-01-01 00:00:00,Enrolled,47337
ENR004253,STU014591,SCH022,2023-01-05 00:00:00,Enrolled,207458
ENR004254,STU015486,SCH053,2026-09-30 00:00:00,Enrolled,154144
ENR004255,STU014053,SCH039,2026-09-03 00:00:00,Enrolled,114310
ENR004256,STU023046,SCH038,2021-03-01 00:00:00,Enrolled,249665
ENR004257,STU015688,SCH029,2026-01-15 00:00:00,Enrolled,76811
ENR004258,STU017301,SCH071,2024-09-16 00:00:00,Enrolled,222915
ENR004259,STU011633,SCH067,2024-04-05 00:00:00,Enrolled,238130
ENR004260,STU010448,SCH083,2024-07-25 00:00:00,Enrolled,132647
ENR004261,STU021447,SCH069,2022-11-30 00:00:00,Enrolled,209368
ENR004262,STU005308,SCH091,2025-11-07 00:00:00,Enrolled,231966
ENR004263,STU018257,SCH012,2021-05-28 00:00:00,Withdrawn,95307
ENR004264,STU000944,SCH097,2025-10-07 00:00:00,Enrolled,52591
ENR004265,STU017152,SCH082,2021-11-18 00:00:00,Enrolled,83835
ENR004266,STU019023,SCH004,2022-04-20 00:00:00,Withdrawn,206380
ENR004267,STU005622,SCH077,2021-06-14 00:00:00,Enrolled,230660
ENR004268,STU003813,SCH018,2024-10-25 00:00:00,Enrolled,82375
ENR004269,STU007034,SCH096,2022-05-17 00:00:00,Enrolled,64551
ENR004270,STU021598,SCH082,2021-07-15 00:00:00,Enrolled,211222
ENR004271,STU012032,SCH061,2026-02-14 00:00:00,Enrolled,85703
ENR004272,STU006186,SCH075,2021-06-23 00:00:00,Enrolled,62000
ENR004273,STU014454,SCH018,2021-04-02 00:00:00,Enrolled,159706
ENR004274,STU022940,SCH049,2025-03-12 00:00:00,Enrolled,73680
ENR004275,STU020099,SCH086,2024-12-29 00:00:00,Enrolled,207882
ENR004276,STU001840,SCH061,2024-02-19 00:00:00,Enrolled,248854
ENR004277,STU012516,SCH062,2022-05-31 00:00:00,Enrolled,210672
ENR004278,STU002649,SCH032,2026-05-22 00:00:00,Enrolled,223843
ENR004279,STU014713,SCH010,2025-01-04 00:00:00,Enrolled,55733
ENR004280,STU001605,SCH002,2024-12-15 00:00:00,Enrolled,191924
ENR004281,STU011047,SCH067,2025-10-09 00:00:00,Enrolled,83360
ENR004282,STU001835,SCH067,2022-11-11 00:00:00,Enrolled,191837
ENR004283,STU018929,SCH074,2024-06-26 00:00:00,Enrolled,185747
ENR004284,STU021155,SCH059,2021-06-02 00:00:00,Enrolled,206723
ENR004285,STU004447,SCH100,2021-09-29 00:00:00,Enrolled,222467
ENR004286,STU001148,SCH066,2021-12-29 00:00:00,Enrolled,60364
ENR004287,STU010550,SCH008,2023-01-14 00:00:00,Enrolled,106201
ENR004288,STU012783,SCH087,2021-11-15 00:00:00,Enrolled,247219
ENR004289,STU020954,SCH066,2026-07-30 00:00:00,Enrolled,61199
ENR004290,STU007065,SCH003,2023-08-31 00:00:00,Enrolled,124588
ENR004291,STU015898,SCH063,2023-06-07 00:00:00,Enrolled,219463
ENR004292,STU011237,SCH042,2024-02-23 00:00:00,Enrolled,91152
ENR004293,STU013866,SCH060,2025-01-30 00:00:00,Enrolled,228548
ENR004294,STU004922,SCH083,2024-12-24 00:00:00,Withdrawn,204896
ENR004295,STU012092,SCH020,2023-03-17 00:00:00,Enrolled,177022
ENR004296,STU004297,SCH016,2023-08-24 00:00:00,Enrolled,153284
ENR004297,STU001882,SCH044,2024-01-21 00:00:00,Enrolled,229713
ENR004298,STU016560,SCH019,2021-06-28 00:00:00,Enrolled,144274
ENR004299,STU022740,SCH019,2023-03-18 00:00:00,Enrolled,116290
ENR004300,STU000147,SCH084,2025-08-22 00:00:00,Enrolled,121511
ENR004301,STU018464,SCH060,2023-06-20 00:00:00,Enrolled,110905
ENR004302,STU008815,SCH100,2024-08-02 00:00:00,Enrolled,121863
ENR004303,STU009743,SCH014,2026-01-29 00:00:00,Enrolled,55161
ENR004304,STU009928,SCH075,2025-06-16 00:00:00,Enrolled,100644
ENR004305,STU012842,SCH034,2022-10-30 00:00:00,Enrolled,59570
ENR004306,STU020405,SCH039,2023-09-09 00:00:00,Enrolled,138374
ENR004307,STU018353,SCH009,2025-06-30 00:00:00,Enrolled,203776
ENR004308,STU022830,SCH047,2024-03-17 00:00:00,Enrolled,217193
ENR004309,STU007509,SCH019,2022-09-27 00:00:00,Enrolled,100160
ENR004310,STU014935,SCH034,2023-04-02 00:00:00,Enrolled,48605
ENR004311,STU006241,SCH025,2021-06-18 00:00:00,Enrolled,216409
ENR004312,STU016143,SCH054,2024-05-12 00:00:00,Enrolled,89692
ENR004313,STU015739,SCH027,2023-11-26 00:00:00,Enrolled,129039
ENR004314,STU004197,SCH064,2025-07-18 00:00:00,Enrolled,205267
ENR004315,STU000242,SCH053,2024-02-23 00:00:00,Enrolled,213694
ENR004316,STU003708,SCH051,2022-02-19 00:00:00,Enrolled,126041
ENR004317,STU012833,SCH052,2026-08-23 00:00:00,Enrolled,232608
ENR004318,STU015929,SCH078,2025-12-11 00:00:00,Enrolled,96076
ENR004319,STU013484,SCH076,2021-06-23 00:00:00,Enrolled,45378
ENR004320,STU010275,SCH071,2022-06-07 00:00:00,Enrolled,144467
ENR004321,STU018864,SCH077,2024-09-22 00:00:00,Enrolled,116124
ENR004322,STU022349,SCH021,2022-11-21 00:00:00,Enrolled,152351
ENR004323,STU002840,SCH020,2024-03-28 00:00:00,Enrolled,234580
ENR004324,STU019124,SCH067,2022-08-16 00:00:00,Enrolled,145492
ENR004325,STU007573,SCH084,2022-01-20 00:00:00,Enrolled,158579
ENR004326,STU020447,SCH011,2024-10-10 00:00:00,Enrolled,245338
ENR004327,STU016289,SCH014,2024-08-05 00:00:00,Withdrawn,97786
ENR004328,STU020062,SCH099,2021-04-08 00:00:00,Enrolled,206951
ENR004329,STU008150,SCH082,2024-06-07 00:00:00,Withdrawn,69781
ENR004330,STU013613,SCH061,2021-05-01 00:00:00,Enrolled,190818
ENR004331,STU001522,SCH099,2022-07-10 00:00:00,Enrolled,104389
ENR004332,STU022014,SCH094,2026-07-07 00:00:00,Enrolled,79332
ENR004333,STU011803,SCH041,2025-04-30 00:00:00,Enrolled,202140
ENR004334,STU012868,SCH091,2021-11-13 00:00:00,Enrolled,81218
ENR004335,STU012733,SCH095,2021-11-15 00:00:00,Enrolled,87945
ENR004336,STU004598,SCH096,2022-03-18 00:00:00,Enrolled,90107
ENR004337,STU023101,SCH061,2026-06-22 00:00:00,Enrolled,45755
ENR004338,STU019507,SCH069,2024-01-25 00:00:00,Enrolled,70444
ENR004339,STU005507,SCH025,2026-04-01 00:00:00,Withdrawn,141581
ENR004340,STU002642,SCH065,2021-06-28 00:00:00,Enrolled,89020
ENR004341,STU006550,SCH011,2021-08-09 00:00:00,Enrolled,156525
ENR004342,STU012826,SCH051,2025-10-06 00:00:00,Enrolled,237915
ENR004343,STU013002,SCH078,2026-04-15 00:00:00,Enrolled,240304
ENR004344,STU017836,SCH014,2024-01-19 00:00:00,Enrolled,228217
ENR004345,STU000767,SCH047,2023-06-02 00:00:00,Withdrawn,145298
ENR004346,STU004243,SCH100,2024-12-24 00:00:00,Enrolled,245652
ENR004347,STU007190,SCH096,2025-07-03 00:00:00,Enrolled,232098
ENR004348,STU024096,SCH028,2023-03-05 00:00:00,Enrolled,232425
ENR004349,STU007776,SCH014,2021-06-29 00:00:00,Enrolled,85258
ENR004350,STU024755,SCH083,2026-01-06 00:00:00,Enrolled,111749
ENR004351,STU004736,SCH098,2022-07-31 00:00:00,Enrolled,125389
ENR004352,STU015008,SCH091,2023-03-26 00:00:00,Enrolled,219431
ENR004353,STU015570,SCH072,2025-02-22 00:00:00,Enrolled,151207
ENR004354,STU024592,SCH043,2022-06-24 00:00:00,Enrolled,76428
ENR004355,STU008876,SCH093,2025-01-04 00:00:00,Enrolled,169453
ENR004356,STU016751,SCH066,2022-02-02 00:00:00,Enrolled,152675
ENR004357,STU001743,SCH078,2023-03-25 00:00:00,Enrolled,144866
ENR004358,STU004545,SCH013,2024-12-27 00:00:00,Enrolled,191058
ENR004359,STU012119,SCH035,2023-01-08 00:00:00,Enrolled,216534
ENR004360,STU019823,SCH029,2024-11-21 00:00:00,Enrolled,181673
ENR004361,STU009156,SCH056,2021-07-10 00:00:00,Withdrawn,234623
ENR004362,STU013784,SCH019,2022-07-27 00:00:00,Enrolled,136416
ENR004363,STU010863,SCH100,2023-09-09 00:00:00,Enrolled,146589
ENR004364,STU023211,SCH064,2026-06-28 00:00:00,Enrolled,151938
ENR004365,STU002144,SCH037,2023-09-03 00:00:00,Enrolled,102888
ENR004366,STU019469,SCH086,2024-06-27 00:00:00,Enrolled,237783
ENR004367,STU000613,SCH051,2025-04-23 00:00:00,Enrolled,165625
ENR004368,STU000521,SCH079,2024-07-16 00:00:00,Enrolled,168828
ENR004369,STU010193,SCH092,2022-09-06 00:00:00,Enrolled,220536
ENR004370,STU000127,SCH044,2023-12-27 00:00:00,Withdrawn,85550
ENR004371,STU005312,SCH097,2026-05-28 00:00:00,Enrolled,178483
ENR004372,STU020162,SCH018,2022-12-06 00:00:00,Withdrawn,61433
ENR004373,STU020323,SCH079,2025-12-10 00:00:00,Enrolled,78330
ENR004374,STU008346,SCH072,2022-06-10 00:00:00,Enrolled,226527
ENR004375,STU018825,SCH062,2022-02-10 00:00:00,Enrolled,87145
ENR004376,STU000495,SCH038,2024-03-03 00:00:00,Enrolled,155239
ENR004377,STU017786,SCH066,2021-05-08 00:00:00,Withdrawn,57631
ENR004378,STU013037,SCH066,2025-12-23 00:00:00,Enrolled,56294
ENR004379,STU019355,SCH028,2022-08-20 00:00:00,Enrolled,52563
ENR004380,STU008745,SCH080,2025-06-20 00:00:00,Enrolled,61427
ENR004381,STU016549,SCH047,2022-05-01 00:00:00,Enrolled,100390
ENR004382,STU012524,SCH006,2022-11-20 00:00:00,Enrolled,153227
ENR004383,STU011603,SCH050,2023-06-24 00:00:00,Enrolled,116741
ENR004384,STU017402,SCH033,2025-11-05 00:00:00,Enrolled,136976
ENR004385,STU019948,SCH073,2022-04-14 00:00:00,Enrolled,234724
ENR004386,STU001087,SCH037,2021-11-30 00:00:00,Enrolled,103090
ENR004387,STU001672,SCH013,2024-04-13 00:00:00,Enrolled,207955
ENR004388,STU022514,SCH002,2021-06-28 00:00:00,Enrolled,153392
ENR004389,STU024407,SCH015,2023-05-26 00:00:00,Enrolled,248253
ENR004390,STU017077,SCH085,2024-06-08 00:00:00,Enrolled,208389
ENR004391,STU019438,SCH017,2022-07-11 00:00:00,Enrolled,207469
ENR004392,STU023937,SCH019,2022-06-16 00:00:00,Withdrawn,138368
ENR004393,STU021353,SCH090,2021-09-15 00:00:00,Enrolled,110942
ENR004394,STU023512,SCH050,2022-01-28 00:00:00,Enrolled,171321
ENR004395,STU004616,SCH002,2021-07-09 00:00:00,Enrolled,128233
ENR004396,STU010244,SCH098,2022-12-03 00:00:00,Enrolled,243472
ENR004397,STU001589,SCH067,2024-07-05 00:00:00,Enrolled,216560
ENR004398,STU016278,SCH070,2022-01-17 00:00:00,Enrolled,148289
ENR004399,STU004151,SCH028,2022-01-12 00:00:00,Enrolled,182367
ENR004400,STU001809,SCH097,2021-03-24 00:00:00,Enrolled,149219
ENR004401,STU011990,SCH038,2024-11-19 00:00:00,Enrolled,119465
ENR004402,STU007419,SCH086,2021-05-24 00:00:00,Enrolled,230300
ENR004403,STU009614,SCH027,2026-04-20 00:00:00,Enrolled,76354
ENR004404,STU001830,SCH069,2025-02-01 00:00:00,Enrolled,126259
ENR004405,STU016501,SCH097,2023-10-11 00:00:00,Enrolled,232857
ENR004406,STU017878,SCH071,2024-02-01 00:00:00,Enrolled,65006
ENR004407,STU008712,SCH037,2025-09-06 00:00:00,Enrolled,198798
ENR004408,STU003084,SCH005,2021-11-24 00:00:00,Enrolled,245718
ENR004409,STU011139,SCH002,2021-06-28 00:00:00,Enrolled,130337
ENR004410,STU021162,SCH027,2025-10-04 00:00:00,Enrolled,194309
ENR004411,STU003091,SCH009,2026-04-03 00:00:00,Enrolled,67149
ENR004412,STU006249,SCH006,2021-08-20 00:00:00,Enrolled,168021
ENR004413,STU017235,SCH054,2025-08-11 00:00:00,Enrolled,199103
ENR004414,STU018938,SCH070,2025-03-30 00:00:00,Enrolled,188801
ENR004415,STU021211,SCH036,2026-09-20 00:00:00,Enrolled,150734
ENR004416,STU018405,SCH015,2024-10-24 00:00:00,Enrolled,243322
ENR004417,STU015692,SCH081,2022-08-22 00:00:00,Enrolled,49574
ENR004418,STU007406,SCH061,2024-12-09 00:00:00,Enrolled,109758
ENR004419,STU009889,SCH006,2024-08-28 00:00:00,Enrolled,222981
ENR004420,STU008741,SCH026,2022-05-18 00:00:00,Enrolled,125707
ENR004421,STU003414,SCH001,2022-08-15 00:00:00,Enrolled,100183
ENR004422,STU008560,SCH069,2026-06-23 00:00:00,Enrolled,166090
ENR004423,STU018873,SCH034,2025-06-06 00:00:00,Enrolled,108956
ENR004424,STU000904,SCH048,2021-06-20 00:00:00,Enrolled,126554
ENR004425,STU000615,SCH089,2024-03-26 00:00:00,Enrolled,47089
ENR004426,STU011787,SCH048,2026-03-26 00:00:00,Enrolled,214024
ENR004427,STU023273,SCH030,2022-03-06 00:00:00,Enrolled,206980
ENR004428,STU023852,SCH071,2026-01-22 00:00:00,Enrolled,179002
ENR004429,STU014539,SCH074,2024-10-09 00:00:00,Enrolled,107921
ENR004430,STU004214,SCH031,2023-04-23 00:00:00,Enrolled,244385
ENR004431,STU016959,SCH032,2025-10-04 00:00:00,Enrolled,149842
ENR004432,STU019896,SCH095,2024-01-19 00:00:00,Enrolled,195750
ENR004433,STU022197,SCH051,2024-12-21 00:00:00,Enrolled,186929
ENR004434,STU000606,SCH026,2024-12-28 00:00:00,Enrolled,54672
ENR004435,STU004409,SCH008,2025-01-21 00:00:00,Enrolled,147073
ENR004436,STU007419,SCH055,2026-02-22 00:00:00,Enrolled,219630
ENR004437,STU016082,SCH065,2024-11-14 00:00:00,Enrolled,189939
ENR004438,STU008402,SCH001,2024-01-20 00:00:00,Enrolled,170842
ENR004439,STU017306,SCH077,2026-05-11 00:00:00,Enrolled,181538
ENR004440,STU001189,SCH078,2023-01-01 00:00:00,Withdrawn,120535
ENR004441,STU014999,SCH020,2024-04-16 00:00:00,Enrolled,234416
ENR004442,STU008827,SCH082,2026-01-05 00:00:00,Enrolled,109846
ENR004443,STU002412,SCH016,2024-12-04 00:00:00,Withdrawn,188878
ENR004444,STU019254,SCH043,2022-11-12 00:00:00,Enrolled,159261
ENR004445,STU001853,SCH100,2024-03-26 00:00:00,Enrolled,145390
ENR004446,STU013787,SCH013,2026-01-10 00:00:00,Enrolled,131269
ENR004447,STU021408,SCH095,2025-07-25 00:00:00,Enrolled,50905
ENR004448,STU021852,SCH058,2025-03-20 00:00:00,Enrolled,96600
ENR004449,STU019511,SCH073,2023-01-06 00:00:00,Enrolled,142650
ENR004450,STU011109,SCH035,2026-01-19 00:00:00,Enrolled,168281
ENR004451,STU021528,SCH082,2023-08-03 00:00:00,Enrolled,143761
ENR004452,STU018887,SCH064,2022-05-23 00:00:00,Enrolled,218482
ENR004453,STU000009,SCH091,2026-03-28 00:00:00,Enrolled,143661
ENR004454,STU000108,SCH085,2026-08-13 00:00:00,Withdrawn,240640
ENR004455,STU014187,SCH053,2022-12-28 00:00:00,Enrolled,150624
ENR004456,STU014033,SCH082,2021-08-24 00:00:00,Enrolled,126820
ENR004457,STU012207,SCH094,2026-05-20 00:00:00,Withdrawn,80041
ENR004458,STU008349,SCH020,2023-04-11 00:00:00,Enrolled,195889
ENR004459,STU024474,SCH064,2022-01-16 00:00:00,Enrolled,123207
ENR004460,STU001323,SCH075,2025-04-15 00:00:00,Enrolled,148988
ENR004461,STU006354,SCH089,2021-06-21 00:00:00,Enrolled,137456
ENR004462,STU005905,SCH020,2026-09-06 00:00:00,Enrolled,221077
ENR004463,STU014849,SCH031,2022-07-01 00:00:00,Enrolled,240075
ENR004464,STU006611,SCH038,2021-12-27 00:00:00,Enrolled,144344
ENR004465,STU013558,SCH088,2023-11-18 00:00:00,Withdrawn,249287
ENR004466,STU016498,SCH025,2024-12-27 00:00:00,Enrolled,126577
ENR004467,STU016792,SCH046,2026-03-22 00:00:00,Enrolled,79872
ENR004468,STU006862,SCH030,2022-03-06 00:00:00,Enrolled,137353
ENR004469,STU010402,SCH091,2022-03-08 00:00:00,Enrolled,141961
ENR004470,STU001532,SCH067,2026-03-08 00:00:00,Enrolled,88709
ENR004471,STU004129,SCH062,2022-06-14 00:00:00,Enrolled,231172
ENR004472,STU013802,SCH044,2021-06-30 00:00:00,Enrolled,232692
ENR004473,STU009324,SCH041,2023-04-25 00:00:00,Enrolled,142269
ENR004474,STU014765,SCH051,2024-06-23 00:00:00,Enrolled,219044
ENR004475,STU017224,SCH005,2026-04-27 00:00:00,Enrolled,172363
ENR004476,STU010264,SCH095,2023-05-30 00:00:00,Enrolled,176222
ENR004477,STU021511,SCH090,2024-09-28 00:00:00,Enrolled,114641
ENR004478,STU009021,SCH028,2023-06-19 00:00:00,Enrolled,135017
ENR004479,STU003864,SCH036,2021-12-10 00:00:00,Enrolled,132981
ENR004480,STU022926,SCH091,2024-10-24 00:00:00,Enrolled,237743
ENR004481,STU024928,SCH058,2022-12-26 00:00:00,Enrolled,218463
ENR004482,STU013915,SCH006,2023-06-16 00:00:00,Enrolled,138822
ENR004483,STU020721,SCH003,2025-03-10 00:00:00,Enrolled,102114
ENR004484,STU008648,SCH073,2023-10-22 00:00:00,Enrolled,245204
ENR004485,STU014111,SCH100,2021-06-14 00:00:00,Enrolled,161352
ENR004486,STU020564,SCH058,2026-05-21 00:00:00,Enrolled,86814
ENR004487,STU010925,SCH086,2023-04-28 00:00:00,Enrolled,55095
ENR004488,STU018060,SCH049,2025-12-01 00:00:00,Withdrawn,118438
ENR004489,STU011733,SCH031,2021-12-03 00:00:00,Withdrawn,50356
ENR004490,STU007968,SCH068,2025-11-22 00:00:00,Enrolled,114831
ENR004491,STU005782,SCH014,2025-02-01 00:00:00,Enrolled,144638
ENR004492,STU009500,SCH021,2024-10-12 00:00:00,Enrolled,82290
ENR004493,STU013728,SCH005,2025-10-24 00:00:00,Enrolled,211606
ENR004494,STU019568,SCH082,2024-11-09 00:00:00,Enrolled,160924
ENR004495,STU003155,SCH076,2022-12-28 00:00:00,Enrolled,245645
ENR004496,STU020915,SCH038,2024-07-08 00:00:00,Enrolled,95469
ENR004497,STU024196,SCH021,2025-02-16 00:00:00,Enrolled,232670
ENR004498,STU023592,SCH008,2022-11-14 00:00:00,Enrolled,240325
ENR004499,STU009963,SCH004,2024-01-07 00:00:00,Enrolled,88751
ENR004500,STU018382,SCH086,2022-02-16 00:00:00,Enrolled,242702
ENR004501,STU008542,SCH028,2024-07-28 00:00:00,Withdrawn,208667
ENR004502,STU004714,SCH035,2022-12-10 00:00:00,Enrolled,149033
ENR004503,STU003046,SCH058,2023-08-29 00:00:00,Enrolled,244451
ENR004504,STU000116,SCH013,2024-11-09 00:00:00,Enrolled,169217
ENR004505,STU012550,SCH080,2024-07-10 00:00:00,Enrolled,85284
ENR004506,STU015565,SCH044,2021-12-08 00:00:00,Enrolled,131767
ENR004507,STU007711,SCH090,2022-09-11 00:00:00,Enrolled,80260
ENR004508,STU014600,SCH071,2026-07-27 00:00:00,Enrolled,185470
ENR004509,STU008686,SCH094,2021-08-26 00:00:00,Enrolled,175339
ENR004510,STU002329,SCH042,2024-10-09 00:00:00,Enrolled,102539
ENR004511,STU003026,SCH073,2026-06-21 00:00:00,Enrolled,223322
ENR004512,STU019516,SCH015,2023-09-08 00:00:00,Enrolled,152366
ENR004513,STU023755,SCH090,2023-09-04 00:00:00,Withdrawn,216203
ENR004514,STU021395,SCH068,2021-06-28 00:00:00,Enrolled,189461
ENR004515,STU015298,SCH063,2026-05-11 00:00:00,Withdrawn,176251
ENR004516,STU020667,SCH064,2021-10-30 00:00:00,Enrolled,92948
ENR004517,STU004893,SCH084,2023-06-29 00:00:00,Enrolled,79434
ENR004518,STU008945,SCH082,2026-04-19 00:00:00,Enrolled,100887
ENR004519,STU016581,SCH076,2023-12-08 00:00:00,Withdrawn,55911
ENR004520,STU022451,SCH094,2024-03-28 00:00:00,Enrolled,233605
ENR004521,STU002277,SCH043,2021-11-28 00:00:00,Enrolled,87548
ENR004522,STU022062,SCH035,2025-06-01 00:00:00,Enrolled,128819
ENR004523,STU008507,SCH080,2023-12-10 00:00:00,Enrolled,219927
ENR004524,STU023503,SCH072,2022-09-22 00:00:00,Enrolled,195690
ENR004525,STU021507,SCH088,2026-02-08 00:00:00,Enrolled,105146
ENR004526,STU003849,SCH061,2023-07-03 00:00:00,Enrolled,103576
ENR004527,STU008449,SCH040,2025-05-17 00:00:00,Enrolled,170208
ENR004528,STU018685,SCH100,2023-06-23 00:00:00,Enrolled,122445
ENR004529,STU004925,SCH010,2022-04-11 00:00:00,Enrolled,129678
ENR004530,STU001605,SCH064,2024-08-18 00:00:00,Enrolled,217379
ENR004531,STU008852,SCH045,2021-04-01 00:00:00,Enrolled,202009
ENR004532,STU008499,SCH052,2021-11-21 00:00:00,Enrolled,198022
ENR004533,STU018240,SCH009,2025-06-24 00:00:00,Enrolled,234594
ENR004534,STU013139,SCH052,2024-02-01 00:00:00,Enrolled,235934
ENR004535,STU006867,SCH014,2023-02-10 00:00:00,Enrolled,195646
ENR004536,STU021794,SCH050,2023-01-29 00:00:00,Enrolled,46308
ENR004537,STU000889,SCH005,2023-04-23 00:00:00,Enrolled,195678
ENR004538,STU013973,SCH080,2024-07-05 00:00:00,Enrolled,205737
ENR004539,STU006102,SCH003,2025-02-27 00:00:00,Enrolled,112042
ENR004540,STU003810,SCH028,2023-09-12 00:00:00,Enrolled,229793
ENR004541,STU020674,SCH065,2022-12-09 00:00:00,Enrolled,143823
ENR004542,STU005909,SCH047,2024-10-15 00:00:00,Enrolled,113537
ENR004543,STU004642,SCH022,2021-06-20 00:00:00,Enrolled,100287
ENR004544,STU023903,SCH005,2024-08-25 00:00:00,Enrolled,131276
ENR004545,STU016084,SCH084,2024-07-08 00:00:00,Enrolled,167784
ENR004546,STU002609,SCH063,2023-04-15 00:00:00,Enrolled,233283
ENR004547,STU020461,SCH100,2021-05-03 00:00:00,Enrolled,152177
ENR004548,STU021401,SCH006,2022-08-29 00:00:00,Enrolled,193525
ENR004549,STU009825,SCH084,2026-03-03 00:00:00,Enrolled,231220
ENR004550,STU010674,SCH038,2026-07-28 00:00:00,Enrolled,183041
ENR004551,STU002980,SCH093,2025-07-25 00:00:00,Enrolled,154546
ENR004552,STU019943,SCH093,2025-09-04 00:00:00,Enrolled,199604
ENR004553,STU010157,SCH037,2023-11-20 00:00:00,Enrolled,92256
ENR004554,STU013023,SCH083,2023-05-29 00:00:00,Enrolled,95419
ENR004555,STU023795,SCH025,2024-03-22 00:00:00,Enrolled,61594
ENR004556,STU015048,SCH071,2021-03-11 00:00:00,Withdrawn,83644
ENR004557,STU014214,SCH063,2021-10-01 00:00:00,Enrolled,46636
ENR004558,STU018490,SCH050,2025-07-17 00:00:00,Enrolled,157820
ENR004559,STU008410,SCH010,2021-05-28 00:00:00,Enrolled,249700
ENR004560,STU010041,SCH094,2026-03-15 00:00:00,Enrolled,121969
ENR004561,STU008198,SCH057,2024-04-27 00:00:00,Enrolled,139942
ENR004562,STU008893,SCH086,2024-02-19 00:00:00,Enrolled,208924
ENR004563,STU022743,SCH099,2021-11-11 00:00:00,Enrolled,206044
ENR004564,STU002048,SCH071,2022-09-11 00:00:00,Enrolled,190370
ENR004565,STU007256,SCH021,2023-01-08 00:00:00,Enrolled,239235
ENR004566,STU019982,SCH009,2023-12-27 00:00:00,Enrolled,69427
ENR004567,STU018868,SCH056,2024-09-27 00:00:00,Enrolled,67740
ENR004568,STU022405,SCH062,2024-11-11 00:00:00,Enrolled,198718
ENR004569,STU014780,SCH035,2021-08-07 00:00:00,Enrolled,188065
ENR004570,STU020367,SCH082,2021-07-19 00:00:00,Enrolled,195171
ENR004571,STU017001,SCH013,2025-10-28 00:00:00,Enrolled,194741
ENR004572,STU009113,SCH040,2024-05-02 00:00:00,Enrolled,79820
ENR004573,STU000855,SCH039,2026-08-24 00:00:00,Withdrawn,181311
ENR004574,STU007726,SCH083,2024-03-18 00:00:00,Enrolled,243023
ENR004575,STU018663,SCH100,2023-08-06 00:00:00,Enrolled,50467
ENR004576,STU020249,SCH065,2022-05-02 00:00:00,Enrolled,131164
ENR004577,STU019793,SCH008,2025-09-28 00:00:00,Withdrawn,104752
ENR004578,STU006825,SCH006,2023-01-18 00:00:00,Enrolled,71240
ENR004579,STU009794,SCH044,2021-06-08 00:00:00,Enrolled,64762
ENR004580,STU001186,SCH016,2022-12-04 00:00:00,Enrolled,73834
ENR004581,STU014932,SCH090,2024-07-15 00:00:00,Enrolled,182679
ENR004582,STU012127,SCH065,2021-08-31 00:00:00,Enrolled,79731
ENR004583,STU007670,SCH005,2022-06-16 00:00:00,Enrolled,238764
ENR004584,STU002167,SCH058,2023-11-10 00:00:00,Enrolled,55089
ENR004585,STU019420,SCH071,2024-01-28 00:00:00,Enrolled,47111
ENR004586,STU011746,SCH018,2022-10-30 00:00:00,Enrolled,178924
ENR004587,STU004288,SCH090,2023-02-10 00:00:00,Enrolled,132681
ENR004588,STU018287,SCH099,2021-04-16 00:00:00,Enrolled,207940
ENR004589,STU013802,SCH026,2026-06-23 00:00:00,Enrolled,52061
ENR004590,STU019374,SCH006,2024-05-18 00:00:00,Enrolled,244400
ENR004591,STU008929,SCH075,2021-12-15 00:00:00,Enrolled,46678
ENR004592,STU013405,SCH059,2024-10-21 00:00:00,Enrolled,135601
ENR004593,STU013031,SCH056,2025-12-14 00:00:00,Enrolled,159228
ENR004594,STU001529,SCH053,2021-08-31 00:00:00,Enrolled,230133
ENR004595,STU010033,SCH007,2021-11-24 00:00:00,Enrolled,93845
ENR004596,STU009726,SCH047,2023-12-19 00:00:00,Enrolled,159091
ENR004597,STU020044,SCH078,2022-07-18 00:00:00,Enrolled,116804
ENR004598,STU019694,SCH089,2021-11-28 00:00:00,Withdrawn,130723
ENR004599,STU016626,SCH084,2022-04-17 00:00:00,Enrolled,89063
ENR004600,STU005002,SCH039,2024-05-10 00:00:00,Enrolled,173812
ENR004601,STU022505,SCH075,2022-10-29 00:00:00,Enrolled,235489
ENR004602,STU001517,SCH012,2022-11-11 00:00:00,Enrolled,135251
ENR004603,STU017184,SCH079,2023-12-30 00:00:00,Enrolled,177692
ENR004604,STU014771,SCH050,2021-04-22 00:00:00,Enrolled,84634
ENR004605,STU024855,SCH008,2022-11-23 00:00:00,Enrolled,75972
ENR004606,STU000331,SCH005,2024-03-30 00:00:00,Enrolled,132073
ENR004607,STU015099,SCH028,2023-01-19 00:00:00,Enrolled,226307
ENR004608,STU001136,SCH063,2024-07-11 00:00:00,Enrolled,80072
ENR004609,STU012724,SCH067,2022-09-14 00:00:00,Enrolled,115325
ENR004610,STU018574,SCH002,2022-08-01 00:00:00,Enrolled,128047
ENR004611,STU007730,SCH041,2022-01-02 00:00:00,Enrolled,66819
ENR004612,STU023935,SCH016,2026-03-22 00:00:00,Enrolled,212068
ENR004613,STU023868,SCH034,2021-03-27 00:00:00,Enrolled,119856
ENR004614,STU014138,SCH023,2023-09-24 00:00:00,Enrolled,88294
ENR004615,STU017669,SCH007,2025-08-28 00:00:00,Enrolled,212554
ENR004616,STU001937,SCH073,2026-01-16 00:00:00,Enrolled,168576
ENR004617,STU017428,SCH034,2023-02-04 00:00:00,Enrolled,229257
ENR004618,STU022666,SCH070,2022-03-07 00:00:00,Enrolled,181709
ENR004619,STU004868,SCH080,2025-05-22 00:00:00,Enrolled,74488
ENR004620,STU001250,SCH043,2022-09-02 00:00:00,Withdrawn,139490
ENR004621,STU012142,SCH081,2025-08-29 00:00:00,Enrolled,104533
ENR004622,STU005930,SCH065,2024-02-24 00:00:00,Enrolled,237831
ENR004623,STU011085,SCH073,2024-05-24 00:00:00,Enrolled,166796
ENR004624,STU023461,SCH072,2025-11-21 00:00:00,Enrolled,91895
ENR004625,STU013237,SCH078,2021-04-26 00:00:00,Enrolled,175301
ENR004626,STU004520,SCH081,2026-03-31 00:00:00,Enrolled,113300
ENR004627,STU009377,SCH088,2023-02-05 00:00:00,Enrolled,234640
ENR004628,STU014753,SCH091,2023-12-22 00:00:00,Enrolled,83606
ENR004629,STU024500,SCH016,2024-02-14 00:00:00,Enrolled,181062
ENR004630,STU022856,SCH036,2021-11-05 00:00:00,Withdrawn,181951
ENR004631,STU024524,SCH067,2025-10-01 00:00:00,Enrolled,191380
ENR004632,STU013088,SCH009,2021-07-01 00:00:00,Enrolled,101246
ENR004633,STU024684,SCH040,2022-06-02 00:00:00,Enrolled,163532
ENR004634,STU002149,SCH029,2024-09-10 00:00:00,Enrolled,209057
ENR004635,STU004496,SCH068,2023-07-09 00:00:00,Withdrawn,244696
ENR004636,STU009768,SCH003,2025-12-31 00:00:00,Enrolled,141901
ENR004637,STU002476,SCH003,2021-07-01 00:00:00,Enrolled,58929
ENR004638,STU003432,SCH047,2023-06-03 00:00:00,Enrolled,190734
ENR004639,STU005874,SCH077,2021-05-05 00:00:00,Enrolled,165623
ENR004640,STU024429,SCH080,2023-10-29 00:00:00,Withdrawn,147140
ENR004641,STU005602,SCH076,2024-02-21 00:00:00,Enrolled,138797
ENR004642,STU022156,SCH039,2023-11-18 00:00:00,Enrolled,120425
ENR004643,STU000550,SCH051,2024-11-15 00:00:00,Withdrawn,59270
ENR004644,STU011292,SCH072,2025-01-20 00:00:00,Enrolled,115027
ENR004645,STU007896,SCH003,2021-03-22 00:00:00,Enrolled,219124
ENR004646,STU018109,SCH080,2024-08-19 00:00:00,Enrolled,48042
ENR004647,STU017429,SCH039,2022-07-03 00:00:00,Enrolled,233936
ENR004648,STU023659,SCH056,2025-10-03 00:00:00,Enrolled,47566
ENR004649,STU005281,SCH081,2023-10-15 00:00:00,Enrolled,164729
ENR004650,STU016259,SCH088,2026-04-07 00:00:00,Enrolled,169935
ENR004651,STU006826,SCH075,2025-05-29 00:00:00,Enrolled,88850
ENR004652,STU009669,SCH035,2025-01-16 00:00:00,Enrolled,70818
ENR004653,STU023963,SCH067,2023-08-03 00:00:00,Enrolled,62452
ENR004654,STU021255,SCH038,2025-08-09 00:00:00,Enrolled,193339
ENR004655,STU016245,SCH011,2021-05-14 00:00:00,Enrolled,123892
ENR004656,STU019399,SCH057,2023-06-30 00:00:00,Enrolled,181682
ENR004657,STU016367,SCH040,2024-06-13 00:00:00,Enrolled,170198
ENR004658,STU006496,SCH042,2021-06-10 00:00:00,Enrolled,80773
ENR004659,STU016809,SCH053,2025-05-16 00:00:00,Enrolled,213979
ENR004660,STU019080,SCH026,2022-09-03 00:00:00,Enrolled,148303
ENR004661,STU023045,SCH080,2022-09-07 00:00:00,Enrolled,127729
ENR004662,STU017263,SCH050,2023-01-26 00:00:00,Enrolled,68317
ENR004663,STU001806,SCH031,2023-10-22 00:00:00,Enrolled,200671
ENR004664,STU024125,SCH021,2023-07-29 00:00:00,Enrolled,95805
ENR004665,STU024161,SCH079,2022-02-16 00:00:00,Enrolled,133403
ENR004666,STU010926,SCH034,2025-12-05 00:00:00,Enrolled,54156
ENR004667,STU022924,SCH060,2026-07-19 00:00:00,Enrolled,144816
ENR004668,STU015030,SCH094,2021-10-19 00:00:00,Enrolled,144387
ENR004669,STU013635,SCH011,2025-04-14 00:00:00,Enrolled,190605
ENR004670,STU015495,SCH095,2023-01-25 00:00:00,Enrolled,223572
ENR004671,STU019490,SCH028,2022-01-13 00:00:00,Enrolled,77127
ENR004672,STU008077,SCH009,2026-03-30 00:00:00,Enrolled,62866
ENR004673,STU021959,SCH005,2025-01-28 00:00:00,Enrolled,121637
ENR004674,STU022141,SCH053,2024-03-09 00:00:00,Enrolled,91892
ENR004675,STU000807,SCH004,2024-09-30 00:00:00,Enrolled,63016
ENR004676,STU014343,SCH087,2024-03-08 00:00:00,Enrolled,85954
ENR004677,STU015875,SCH076,2026-06-07 00:00:00,Enrolled,190820
ENR004678,STU007492,SCH035,2025-04-01 00:00:00,Enrolled,178938
ENR004679,STU021496,SCH060,2023-03-16 00:00:00,Enrolled,244840
ENR004680,STU024571,SCH041,2021-12-19 00:00:00,Withdrawn,162712
ENR004681,STU009083,SCH027,2024-04-22 00:00:00,Enrolled,47249
ENR004682,STU022273,SCH088,2023-07-18 00:00:00,Enrolled,67337
ENR004683,STU016919,SCH052,2021-07-13 00:00:00,Enrolled,48596
ENR004684,STU005069,SCH080,2024-09-13 00:00:00,Enrolled,248356
ENR004685,STU002678,SCH024,2025-08-13 00:00:00,Enrolled,168540
ENR004686,STU019217,SCH057,2026-08-11 00:00:00,Enrolled,52037
ENR004687,STU024776,SCH028,2025-10-08 00:00:00,Enrolled,100059
ENR004688,STU009860,SCH008,2024-11-03 00:00:00,Enrolled,120439
ENR004689,STU002468,SCH012,2025-09-12 00:00:00,Enrolled,170571
ENR004690,STU005552,SCH051,2021-12-21 00:00:00,Enrolled,228015
ENR004691,STU011399,SCH027,2023-03-09 00:00:00,Enrolled,232015
ENR004692,STU021722,SCH020,2021-06-22 00:00:00,Enrolled,155628
ENR004693,STU020370,SCH056,2021-08-02 00:00:00,Enrolled,121618
ENR004694,STU014376,SCH085,2022-01-26 00:00:00,Enrolled,132010
ENR004695,STU011217,SCH014,2023-08-01 00:00:00,Enrolled,118185
ENR004696,STU006778,SCH035,2023-08-21 00:00:00,Enrolled,241879
ENR004697,STU006877,SCH032,2021-07-14 00:00:00,Enrolled,237576
ENR004698,STU021186,SCH066,2024-04-20 00:00:00,Withdrawn,112728
ENR004699,STU000675,SCH039,2025-09-24 00:00:00,Enrolled,212689
ENR004700,STU017988,SCH054,2025-12-01 00:00:00,Enrolled,126867
ENR004701,STU021853,SCH006,2023-05-03 00:00:00,Enrolled,168175
ENR004702,STU010236,SCH085,2026-01-09 00:00:00,Enrolled,134395
ENR004703,STU016008,SCH046,2025-02-25 00:00:00,Enrolled,216449
ENR004704,STU003014,SCH004,2022-12-31 00:00:00,Enrolled,233269
ENR004705,STU001560,SCH012,2022-07-09 00:00:00,Enrolled,167231
ENR004706,STU021346,SCH096,2022-06-30 00:00:00,Enrolled,222590
ENR004707,STU015959,SCH039,2022-01-19 00:00:00,Enrolled,47162
ENR004708,STU004336,SCH016,2023-09-09 00:00:00,Enrolled,103284
ENR004709,STU021351,SCH071,2024-04-02 00:00:00,Enrolled,240104
ENR004710,STU003907,SCH015,2022-03-13 00:00:00,Enrolled,149766
ENR004711,STU023536,SCH003,2021-07-30 00:00:00,Enrolled,116744
ENR004712,STU011609,SCH097,2022-10-28 00:00:00,Enrolled,92419
ENR004713,STU003489,SCH023,2023-05-31 00:00:00,Enrolled,89959
ENR004714,STU010079,SCH079,2024-07-27 00:00:00,Enrolled,122342
ENR004715,STU000105,SCH095,2025-01-25 00:00:00,Enrolled,97394
ENR004716,STU023105,SCH080,2023-03-01 00:00:00,Enrolled,119475
ENR004717,STU011984,SCH056,2023-09-25 00:00:00,Enrolled,136415
ENR004718,STU010508,SCH065,2026-09-29 00:00:00,Enrolled,87603
ENR004719,STU024528,SCH030,2025-07-06 00:00:00,Enrolled,203859
ENR004720,STU011947,SCH078,2024-12-26 00:00:00,Enrolled,197950
ENR004721,STU024275,SCH012,2026-07-01 00:00:00,Enrolled,127557
ENR004722,STU003544,SCH037,2026-01-28 00:00:00,Enrolled,192454
ENR004723,STU008705,SCH005,2022-02-16 00:00:00,Enrolled,58771
ENR004724,STU014891,SCH077,2022-03-19 00:00:00,Enrolled,60152
ENR004725,STU021182,SCH012,2026-01-09 00:00:00,Enrolled,102382
ENR004726,STU013016,SCH010,2021-05-03 00:00:00,Enrolled,51572
ENR004727,STU000973,SCH023,2024-04-06 00:00:00,Enrolled,238610
ENR004728,STU016892,SCH049,2021-07-05 00:00:00,Withdrawn,151965
ENR004729,STU024971,SCH060,2021-03-09 00:00:00,Enrolled,54421
ENR004730,STU023145,SCH005,2024-01-06 00:00:00,Enrolled,169766
ENR004731,STU011447,SCH069,2022-01-19 00:00:00,Enrolled,247550
ENR004732,STU019578,SCH021,2025-01-25 00:00:00,Enrolled,199961
ENR004733,STU001001,SCH094,2025-07-29 00:00:00,Enrolled,220816
ENR004734,STU020277,SCH038,2022-04-24 00:00:00,Enrolled,90327
ENR004735,STU003423,SCH074,2025-11-07 00:00:00,Enrolled,58037
ENR004736,STU002633,SCH031,2023-10-14 00:00:00,Enrolled,105485
ENR004737,STU013689,SCH002,2022-01-23 00:00:00,Enrolled,132329
ENR004738,STU011786,SCH074,2024-11-04 00:00:00,Enrolled,57313
ENR004739,STU024405,SCH033,2021-07-31 00:00:00,Enrolled,106433
ENR004740,STU005443,SCH038,2026-03-06 00:00:00,Enrolled,215481
ENR004741,STU018040,SCH066,2024-10-14 00:00:00,Enrolled,141109
ENR004742,STU014935,SCH094,2022-11-20 00:00:00,Enrolled,247846
ENR004743,STU016715,SCH004,2024-04-25 00:00:00,Enrolled,214352
ENR004744,STU013456,SCH023,2025-05-26 00:00:00,Enrolled,238388
ENR004745,STU014133,SCH060,2022-12-15 00:00:00,Withdrawn,169267
ENR004746,STU009413,SCH069,2024-06-01 00:00:00,Withdrawn,246379
ENR004747,STU003140,SCH036,2021-03-27 00:00:00,Enrolled,234856
ENR004748,STU012220,SCH081,2023-04-22 00:00:00,Enrolled,135861
ENR004749,STU015708,SCH049,2026-05-16 00:00:00,Enrolled,97686
ENR004750,STU024749,SCH065,2022-06-27 00:00:00,Enrolled,125939
ENR004751,STU023859,SCH073,2026-06-25 00:00:00,Enrolled,228849
ENR004752,STU021945,SCH025,2022-02-14 00:00:00,Enrolled,117122
ENR004753,STU005799,SCH009,2021-08-26 00:00:00,Enrolled,62576
ENR004754,STU004437,SCH001,2021-07-19 00:00:00,Enrolled,207529
ENR004755,STU001344,SCH026,2026-04-13 00:00:00,Enrolled,145990
ENR004756,STU024598,SCH068,2024-06-09 00:00:00,Enrolled,225455
ENR004757,STU024711,SCH072,2024-04-12 00:00:00,Enrolled,172742
ENR004758,STU006763,SCH007,2021-12-31 00:00:00,Enrolled,108241
ENR004759,STU012780,SCH091,2023-03-23 00:00:00,Enrolled,156366
ENR004760,STU000944,SCH063,2023-12-05 00:00:00,Withdrawn,206976
ENR004761,STU013936,SCH088,2023-01-03 00:00:00,Enrolled,135923
ENR004762,STU019759,SCH055,2026-09-24 00:00:00,Enrolled,124049
ENR004763,STU023606,SCH069,2022-01-28 00:00:00,Enrolled,109437
ENR004764,STU004415,SCH008,2024-04-15 00:00:00,Enrolled,111048
ENR004765,STU010396,SCH099,2022-06-14 00:00:00,Enrolled,47634
ENR004766,STU023738,SCH034,2021-11-20 00:00:00,Enrolled,187728
ENR004767,STU007542,SCH056,2026-08-17 00:00:00,Enrolled,219581
ENR004768,STU012015,SCH070,2023-11-12 00:00:00,Enrolled,162670
ENR004769,STU006498,SCH029,2024-11-04 00:00:00,Enrolled,62477
ENR004770,STU001010,SCH093,2023-03-15 00:00:00,Enrolled,191715
ENR004771,STU019671,SCH086,2025-04-15 00:00:00,Enrolled,51166
ENR004772,STU001812,SCH021,2026-07-09 00:00:00,Enrolled,149494
ENR004773,STU021614,SCH040,2023-01-17 00:00:00,Enrolled,209473
ENR004774,STU021068,SCH089,2022-05-14 00:00:00,Withdrawn,133173
ENR004775,STU008069,SCH094,2022-03-16 00:00:00,Enrolled,47796
ENR004776,STU005901,SCH029,2024-08-28 00:00:00,Enrolled,173554
ENR004777,STU001890,SCH058,2026-04-23 00:00:00,Enrolled,100229
ENR004778,STU002992,SCH039,2025-10-18 00:00:00,Enrolled,105992
ENR004779,STU002866,SCH020,2022-04-26 00:00:00,Enrolled,99223
ENR004780,STU006025,SCH010,2024-07-12 00:00:00,Enrolled,218143
ENR004781,STU011086,SCH063,2021-06-15 00:00:00,Enrolled,106484
ENR004782,STU018813,SCH028,2025-01-18 00:00:00,Enrolled,212782
ENR004783,STU019791,SCH066,2026-10-09 00:00:00,Enrolled,92531
ENR004784,STU023588,SCH059,2025-05-15 00:00:00,Enrolled,105721
ENR004785,STU021831,SCH034,2023-02-10 00:00:00,Enrolled,243454
ENR004786,STU009236,SCH016,2026-05-29 00:00:00,Enrolled,167437
ENR004787,STU008102,SCH074,2024-05-27 00:00:00,Enrolled,121716
ENR004788,STU004497,SCH042,2026-09-11 00:00:00,Enrolled,174533
ENR004789,STU013569,SCH095,2022-01-24 00:00:00,Enrolled,60648
ENR004790,STU001878,SCH033,2025-12-26 00:00:00,Enrolled,146444
ENR004791,STU016832,SCH052,2022-07-05 00:00:00,Withdrawn,247577
ENR004792,STU018528,SCH051,2024-08-29 00:00:00,Enrolled,200469
ENR004793,STU011400,SCH059,2025-05-28 00:00:00,Enrolled,63638
ENR004794,STU009811,SCH040,2025-11-21 00:00:00,Enrolled,197941
ENR004795,STU007975,SCH072,2022-04-20 00:00:00,Enrolled,81557
ENR004796,STU018677,SCH034,2022-03-08 00:00:00,Enrolled,63361
ENR004797,STU012791,SCH028,2023-03-06 00:00:00,Enrolled,185065
ENR004798,STU004417,SCH005,2023-05-27 00:00:00,Enrolled,139399
ENR004799,STU019255,SCH038,2025-06-30 00:00:00,Withdrawn,106693
ENR004800,STU020647,SCH040,2022-05-26 00:00:00,Enrolled,140437
ENR004801,STU017541,SCH053,2024-10-29 00:00:00,Enrolled,153191
ENR004802,STU019488,SCH034,2022-07-30 00:00:00,Enrolled,211775
ENR004803,STU019276,SCH092,2026-02-21 00:00:00,Enrolled,158898
ENR004804,STU017149,SCH022,2021-10-14 00:00:00,Enrolled,133570
ENR004805,STU002674,SCH100,2023-12-06 00:00:00,Enrolled,222077
ENR004806,STU021059,SCH016,2026-07-11 00:00:00,Enrolled,131298
ENR004807,STU015596,SCH039,2026-09-12 00:00:00,Enrolled,185002
ENR004808,STU009162,SCH095,2021-10-09 00:00:00,Enrolled,131688
ENR004809,STU010166,SCH057,2026-04-30 00:00:00,Enrolled,222066
ENR004810,STU016055,SCH052,2025-01-07 00:00:00,Withdrawn,151010
ENR004811,STU001140,SCH018,2025-06-12 00:00:00,Enrolled,127248
ENR004812,STU004715,SCH050,2021-09-16 00:00:00,Enrolled,74201
ENR004813,STU006268,SCH067,2024-11-05 00:00:00,Enrolled,235237
ENR004814,STU017432,SCH097,2025-04-22 00:00:00,Withdrawn,146098
ENR004815,STU023035,SCH005,2021-02-28 00:00:00,Enrolled,173596
ENR004816,STU000050,SCH076,2022-12-30 00:00:00,Enrolled,242129
ENR004817,STU013874,SCH073,2025-07-25 00:00:00,Enrolled,125011
ENR004818,STU024439,SCH048,2026-01-30 00:00:00,Enrolled,218636
ENR004819,STU003985,SCH008,2022-08-30 00:00:00,Enrolled,116952
ENR004820,STU005371,SCH007,2026-02-22 00:00:00,Enrolled,176154
ENR004821,STU002661,SCH087,2026-06-12 00:00:00,Withdrawn,132181
ENR004822,STU007645,SCH011,2022-01-22 00:00:00,Withdrawn,173522
ENR004823,STU000419,SCH044,2022-05-11 00:00:00,Enrolled,150782
ENR004824,STU013704,SCH019,2022-07-29 00:00:00,Enrolled,179197
ENR004825,STU006472,SCH082,2021-12-26 00:00:00,Enrolled,166785
ENR004826,STU022190,SCH086,2023-02-22 00:00:00,Enrolled,58940
ENR004827,STU012021,SCH018,2022-11-28 00:00:00,Enrolled,199143
ENR004828,STU000257,SCH092,2026-07-19 00:00:00,Enrolled,193689
ENR004829,STU017251,SCH071,2026-05-03 00:00:00,Enrolled,148833
ENR004830,STU009465,SCH086,2022-07-03 00:00:00,Withdrawn,135241
ENR004831,STU006938,SCH064,2021-10-21 00:00:00,Enrolled,196503
ENR004832,STU001221,SCH008,2023-05-11 00:00:00,Enrolled,225707
ENR004833,STU004425,SCH082,2025-06-12 00:00:00,Enrolled,47025
ENR004834,STU009669,SCH002,2022-05-02 00:00:00,Enrolled,48046
ENR004835,STU017666,SCH059,2023-11-06 00:00:00,Enrolled,233732
ENR004836,STU016919,SCH041,2024-05-08 00:00:00,Enrolled,177220
ENR004837,STU006219,SCH002,2022-08-28 00:00:00,Enrolled,77549
ENR004838,STU008644,SCH002,2024-04-26 00:00:00,Enrolled,193995
ENR004839,STU020685,SCH074,2022-08-26 00:00:00,Enrolled,161012
ENR004840,STU016439,SCH046,2023-08-19 00:00:00,Enrolled,181378
ENR004841,STU019753,SCH089,2025-04-02 00:00:00,Enrolled,88572
ENR004842,STU022212,SCH023,2023-05-30 00:00:00,Enrolled,220487
ENR004843,STU010099,SCH067,2026-05-19 00:00:00,Enrolled,120630
ENR004844,STU006014,SCH076,2022-04-28 00:00:00,Enrolled,147199
ENR004845,STU008583,SCH018,2026-06-19 00:00:00,Enrolled,124707
ENR004846,STU020266,SCH052,2021-03-01 00:00:00,Enrolled,237167
ENR004847,STU015204,SCH097,2022-03-19 00:00:00,Enrolled,65103
ENR004848,STU007326,SCH052,2025-07-02 00:00:00,Enrolled,130959
ENR004849,STU002816,SCH045,2024-08-19 00:00:00,Enrolled,228065
ENR004850,STU008575,SCH076,2023-04-16 00:00:00,Enrolled,51620
ENR004851,STU017193,SCH099,2023-03-08 00:00:00,Enrolled,140122
ENR004852,STU016725,SCH021,2021-08-28 00:00:00,Enrolled,82367
ENR004853,STU011880,SCH014,2026-04-15 00:00:00,Enrolled,134514
ENR004854,STU017426,SCH016,2025-05-31 00:00:00,Enrolled,194783
ENR004855,STU021174,SCH018,2026-01-27 00:00:00,Enrolled,216565
ENR004856,STU006835,SCH085,2024-03-09 00:00:00,Enrolled,51657
ENR004857,STU004714,SCH009,2023-08-04 00:00:00,Enrolled,107825
ENR004858,STU000773,SCH047,2023-03-27 00:00:00,Enrolled,241143
ENR004859,STU014109,SCH042,2021-06-21 00:00:00,Enrolled,129323
ENR004860,STU014933,SCH040,2023-01-31 00:00:00,Enrolled,202146
ENR004861,STU020837,SCH047,2021-10-17 00:00:00,Enrolled,46850
ENR004862,STU014918,SCH004,2021-11-15 00:00:00,Enrolled,46934
ENR004863,STU023862,SCH094,2022-12-17 00:00:00,Withdrawn,211514
ENR004864,STU018412,SCH087,2021-09-16 00:00:00,Enrolled,181459
ENR004865,STU006698,SCH007,2025-09-22 00:00:00,Withdrawn,79152
ENR004866,STU021742,SCH032,2022-01-04 00:00:00,Enrolled,155071
ENR004867,STU009017,SCH036,2021-09-26 00:00:00,Enrolled,206609
ENR004868,STU024197,SCH044,2026-08-01 00:00:00,Enrolled,52148
ENR004869,STU016502,SCH069,2024-09-30 00:00:00,Enrolled,155420
ENR004870,STU019043,SCH049,2023-05-18 00:00:00,Enrolled,86220
ENR004871,STU003882,SCH086,2024-04-20 00:00:00,Enrolled,178067
ENR004872,STU007755,SCH045,2025-11-22 00:00:00,Withdrawn,69766
ENR004873,STU001885,SCH057,2024-03-07 00:00:00,Enrolled,125541
ENR004874,STU024965,SCH021,2025-11-04 00:00:00,Enrolled,201298
ENR004875,STU000663,SCH029,2022-11-26 00:00:00,Enrolled,235320
ENR004876,STU001765,SCH016,2022-04-03 00:00:00,Enrolled,81127
ENR004877,STU016049,SCH067,2024-09-22 00:00:00,Enrolled,192482
ENR004878,STU007260,SCH096,2021-05-05 00:00:00,Enrolled,247839
ENR004879,STU023270,SCH069,2026-08-30 00:00:00,Enrolled,231232
ENR004880,STU011989,SCH026,2026-06-09 00:00:00,Enrolled,220392
ENR004881,STU022044,SCH080,2025-10-12 00:00:00,Enrolled,187868
ENR004882,STU024718,SCH081,2022-02-11 00:00:00,Enrolled,236883
ENR004883,STU013763,SCH037,2025-04-02 00:00:00,Enrolled,189370
ENR004884,STU019309,SCH067,2023-05-04 00:00:00,Enrolled,188826
ENR004885,STU019932,SCH057,2025-05-25 00:00:00,Enrolled,72297
ENR004886,STU013073,SCH022,2021-07-14 00:00:00,Enrolled,241115
ENR004887,STU002640,SCH031,2025-10-27 00:00:00,Enrolled,180328
ENR004888,STU015574,SCH097,2022-12-13 00:00:00,Enrolled,183503
ENR004889,STU006753,SCH001,2021-08-01 00:00:00,Enrolled,247128
ENR004890,STU002922,SCH006,2021-08-21 00:00:00,Enrolled,135004
ENR004891,STU014712,SCH040,2025-02-01 00:00:00,Enrolled,154922
ENR004892,STU024756,SCH025,2025-01-09 00:00:00,Enrolled,77218
ENR004893,STU005144,SCH051,2023-10-09 00:00:00,Enrolled,79150
ENR004894,STU011670,SCH075,2022-04-30 00:00:00,Enrolled,62600
ENR004895,STU004066,SCH023,2025-03-05 00:00:00,Withdrawn,58196
ENR004896,STU007966,SCH011,2021-07-08 00:00:00,Enrolled,116389
ENR004897,STU016991,SCH071,2024-02-02 00:00:00,Enrolled,144725
ENR004898,STU014687,SCH024,2024-07-11 00:00:00,Enrolled,136680
ENR004899,STU002143,SCH080,2021-06-07 00:00:00,Enrolled,190749
ENR004900,STU003697,SCH081,2023-03-16 00:00:00,Enrolled,125553
ENR004901,STU021503,SCH038,2026-05-30 00:00:00,Enrolled,208154
ENR004902,STU003080,SCH009,2025-10-09 00:00:00,Withdrawn,59443
ENR004903,STU015058,SCH017,2025-07-13 00:00:00,Enrolled,83364
ENR004904,STU002668,SCH018,2024-01-19 00:00:00,Enrolled,173066
ENR004905,STU001466,SCH092,2022-10-18 00:00:00,Enrolled,176010
ENR004906,STU006463,SCH097,2025-04-14 00:00:00,Enrolled,249923
ENR004907,STU024059,SCH029,2026-01-28 00:00:00,Enrolled,150215
ENR004908,STU010354,SCH088,2021-11-30 00:00:00,Withdrawn,45274
ENR004909,STU005438,SCH076,2024-06-02 00:00:00,Enrolled,175251
ENR004910,STU005083,SCH081,2025-10-31 00:00:00,Enrolled,218790
ENR004911,STU015421,SCH017,2025-03-14 00:00:00,Enrolled,149178
ENR004912,STU001493,SCH026,2024-04-04 00:00:00,Enrolled,238590
ENR004913,STU004598,SCH058,2022-01-24 00:00:00,Enrolled,224820
ENR004914,STU016456,SCH070,2023-10-03 00:00:00,Enrolled,52978
ENR004915,STU005398,SCH081,2022-03-01 00:00:00,Enrolled,131383
ENR004916,STU018181,SCH001,2024-04-12 00:00:00,Withdrawn,73752
ENR004917,STU008193,SCH099,2024-03-06 00:00:00,Enrolled,107581
ENR004918,STU016395,SCH097,2025-04-10 00:00:00,Enrolled,117817
ENR004919,STU013969,SCH088,2021-12-29 00:00:00,Enrolled,75436
ENR004920,STU023449,SCH036,2024-12-27 00:00:00,Enrolled,186645
ENR004921,STU024104,SCH050,2024-01-07 00:00:00,Enrolled,81033
ENR004922,STU012519,SCH021,2023-01-02 00:00:00,Enrolled,203341
ENR004923,STU010440,SCH068,2021-02-02 00:00:00,Enrolled,208549
ENR004924,STU009513,SCH052,2025-02-11 00:00:00,Enrolled,162754
ENR004925,STU013670,SCH037,2024-01-27 00:00:00,Enrolled,143526
ENR004926,STU022464,SCH048,2021-06-28 00:00:00,Enrolled,91510
ENR004927,STU000551,SCH036,2025-11-28 00:00:00,Enrolled,45366
ENR004928,STU021642,SCH068,2025-07-19 00:00:00,Enrolled,158593
ENR004929,STU002748,SCH068,2026-06-02 00:00:00,Enrolled,158180
ENR004930,STU000324,SCH030,2022-11-21 00:00:00,Enrolled,219860
ENR004931,STU008066,SCH075,2026-09-04 00:00:00,Enrolled,86553
ENR004932,STU007759,SCH090,2021-06-08 00:00:00,Withdrawn,140476
ENR004933,STU011216,SCH085,2022-11-19 00:00:00,Withdrawn,238623
ENR004934,STU020632,SCH049,2026-06-15 00:00:00,Enrolled,92350
ENR004935,STU006856,SCH005,2022-06-27 00:00:00,Enrolled,217475
ENR004936,STU002212,SCH093,2022-04-24 00:00:00,Enrolled,234413
ENR004937,STU009243,SCH036,2025-02-18 00:00:00,Enrolled,131210
ENR004938,STU000207,SCH016,2023-01-26 00:00:00,Enrolled,98744
ENR004939,STU012145,SCH015,2022-04-04 00:00:00,Enrolled,184593
ENR004940,STU014902,SCH045,2021-04-11 00:00:00,Enrolled,141178
ENR004941,STU003911,SCH056,2024-06-10 00:00:00,Enrolled,61577
ENR004942,STU023662,SCH007,2024-03-25 00:00:00,Enrolled,62445
ENR004943,STU001886,SCH026,2023-05-24 00:00:00,Enrolled,80854
ENR004944,STU010015,SCH068,2024-11-25 00:00:00,Enrolled,177400
ENR004945,STU011737,SCH071,2025-12-10 00:00:00,Enrolled,51336
ENR004946,STU000504,SCH067,2024-03-19 00:00:00,Enrolled,180045
ENR004947,STU021609,SCH015,2026-03-14 00:00:00,Enrolled,137281
ENR004948,STU016366,SCH026,2023-11-26 00:00:00,Enrolled,170788
ENR004949,STU020496,SCH017,2026-02-12 00:00:00,Enrolled,107278
ENR004950,STU003701,SCH068,2021-05-19 00:00:00,Enrolled,191443
ENR004951,STU017144,SCH035,2023-12-19 00:00:00,Enrolled,54844
ENR004952,STU012799,SCH025,2021-06-20 00:00:00,Withdrawn,109878
ENR004953,STU008149,SCH029,2021-03-26 00:00:00,Enrolled,186896
ENR004954,STU021197,SCH031,2021-07-31 00:00:00,Withdrawn,87289
ENR004955,STU017694,SCH054,2022-04-25 00:00:00,Enrolled,80600
ENR004956,STU024193,SCH055,2026-07-09 00:00:00,Enrolled,221091
ENR004957,STU008765,SCH053,2022-02-27 00:00:00,Enrolled,178860
ENR004958,STU002840,SCH004,2026-04-24 00:00:00,Enrolled,181260
ENR004959,STU002504,SCH008,2025-05-11 00:00:00,Enrolled,191670
ENR004960,STU019303,SCH024,2021-07-03 00:00:00,Enrolled,113549
ENR004961,STU008808,SCH035,2026-01-06 00:00:00,Enrolled,183819
ENR004962,STU003541,SCH011,2026-08-03 00:00:00,Enrolled,174559
ENR004963,STU022608,SCH098,2022-06-09 00:00:00,Enrolled,161596
ENR004964,STU008243,SCH014,2022-07-11 00:00:00,Enrolled,230900
ENR004965,STU010759,SCH066,2023-09-29 00:00:00,Enrolled,214913
ENR004966,STU023120,SCH011,2024-07-16 00:00:00,Enrolled,106084
ENR004967,STU013847,SCH051,2022-05-14 00:00:00,Enrolled,175287
ENR004968,STU021228,SCH023,2024-09-13 00:00:00,Enrolled,78761
ENR004969,STU021788,SCH097,2023-12-15 00:00:00,Withdrawn,59020
ENR004970,STU007810,SCH056,2025-02-17 00:00:00,Enrolled,134385
ENR004971,STU023609,SCH002,2021-05-14 00:00:00,Enrolled,53113
ENR004972,STU013485,SCH043,2023-04-08 00:00:00,Enrolled,171558
ENR004973,STU012644,SCH091,2025-01-03 00:00:00,Enrolled,156899
ENR004974,STU022577,SCH001,2025-06-19 00:00:00,Enrolled,74007
ENR004975,STU012913,SCH032,2026-08-30 00:00:00,Withdrawn,69659
ENR004976,STU019575,SCH020,2025-01-05 00:00:00,Enrolled,152176
ENR004977,STU011259,SCH026,2022-03-26 00:00:00,Enrolled,84604
ENR004978,STU015162,SCH096,2025-10-09 00:00:00,Enrolled,211778
ENR004979,STU016476,SCH036,2022-02-15 00:00:00,Enrolled,109131
ENR004980,STU015646,SCH008,2024-10-01 00:00:00,Withdrawn,69298
ENR004981,STU018114,SCH077,2023-10-30 00:00:00,Enrolled,170943
ENR004982,STU019861,SCH017,2022-04-14 00:00:00,Enrolled,177906
ENR004983,STU012548,SCH047,2026-07-29 00:00:00,Enrolled,224696
ENR004984,STU005321,SCH011,2022-01-28 00:00:00,Enrolled,60337
ENR004985,STU009764,SCH065,2025-01-09 00:00:00,Enrolled,121501
ENR004986,STU003849,SCH090,2024-10-15 00:00:00,Withdrawn,118891
ENR004987,STU008221,SCH045,2024-02-25 00:00:00,Enrolled,193654
ENR004988,STU011848,SCH061,2021-05-07 00:00:00,Enrolled,53674
ENR004989,STU017919,SCH009,2023-10-03 00:00:00,Enrolled,178976
ENR004990,STU022301,SCH076,2024-10-09 00:00:00,Enrolled,154036
ENR004991,STU024610,SCH071,2021-02-03 00:00:00,Enrolled,126046
ENR004992,STU010013,SCH050,2023-12-15 00:00:00,Enrolled,198603
ENR004993,STU021467,SCH052,2024-07-19 00:00:00,Withdrawn,150637
ENR004994,STU009971,SCH045,2021-09-11 00:00:00,Enrolled,241694
ENR004995,STU014367,SCH082,2023-02-27 00:00:00,Enrolled,169070
ENR004996,STU024970,SCH077,2023-03-06 00:00:00,Enrolled,50259
ENR004997,STU001560,SCH035,2025-07-11 00:00:00,Enrolled,237476
ENR004998,STU003623,SCH039,2024-07-08 00:00:00,Enrolled,187578
ENR004999,STU011770,SCH085,2026-02-22 00:00:00,Enrolled,61010
ENR005000,STU015217,SCH022,2026-06-28 00:00:00,Enrolled,51337
ENR005001,STU011299,SCH075,2024-08-30 00:00:00,Enrolled,149019
ENR005002,STU017562,SCH068,2023-11-12 00:00:00,Enrolled,136190
ENR005003,STU018987,SCH089,2023-08-10 00:00:00,Enrolled,236314
ENR005004,STU007339,SCH007,2021-08-01 00:00:00,Enrolled,147189
ENR005005,STU010235,SCH091,2024-09-02 00:00:00,Enrolled,86585
ENR005006,STU004484,SCH085,2021-12-11 00:00:00,Enrolled,195271
ENR005007,STU008838,SCH053,2026-09-25 00:00:00,Enrolled,77313
ENR005008,STU019003,SCH043,2025-12-18 00:00:00,Enrolled,106935
ENR005009,STU004786,SCH070,2026-10-17 00:00:00,Enrolled,231380
ENR005010,STU023039,SCH068,2023-06-13 00:00:00,Enrolled,142967
ENR005011,STU011616,SCH007,2023-07-02 00:00:00,Enrolled,104570
ENR005012,STU012477,SCH011,2022-07-30 00:00:00,Enrolled,57851
ENR005013,STU004486,SCH002,2022-06-21 00:00:00,Enrolled,223736
ENR005014,STU002409,SCH030,2023-12-31 00:00:00,Enrolled,107215
ENR005015,STU013612,SCH079,2026-05-17 00:00:00,Enrolled,198116
ENR005016,STU012681,SCH062,2022-10-16 00:00:00,Enrolled,49044
ENR005017,STU001884,SCH039,2023-05-29 00:00:00,Enrolled,67121
ENR005018,STU018931,SCH044,2022-01-01 00:00:00,Enrolled,49117
ENR005019,STU010462,SCH066,2024-04-05 00:00:00,Enrolled,225680
ENR005020,STU010689,SCH022,2025-01-28 00:00:00,Enrolled,217221
ENR005021,STU019839,SCH057,2022-01-09 00:00:00,Enrolled,181181
ENR005022,STU000934,SCH060,2022-06-19 00:00:00,Enrolled,248084
ENR005023,STU014423,SCH035,2025-01-17 00:00:00,Enrolled,121680
ENR005024,STU019023,SCH026,2023-05-02 00:00:00,Enrolled,169661
ENR005025,STU008551,SCH064,2023-03-31 00:00:00,Enrolled,221737
ENR005026,STU012750,SCH027,2022-12-10 00:00:00,Enrolled,48227
ENR005027,STU016740,SCH043,2026-07-04 00:00:00,Enrolled,243031
ENR005028,STU001231,SCH084,2022-12-19 00:00:00,Enrolled,210197
ENR005029,STU007393,SCH098,2024-07-19 00:00:00,Enrolled,138136
ENR005030,STU010361,SCH025,2023-01-29 00:00:00,Enrolled,97020
ENR005031,STU010541,SCH075,2024-05-23 00:00:00,Enrolled,58633
ENR005032,STU011166,SCH020,2026-02-18 00:00:00,Enrolled,225478
ENR005033,STU012282,SCH035,2022-10-07 00:00:00,Enrolled,229260
ENR005034,STU002274,SCH021,2022-01-01 00:00:00,Enrolled,76363
ENR005035,STU023301,SCH080,2025-10-19 00:00:00,Enrolled,244076
ENR005036,STU023910,SCH079,2026-02-21 00:00:00,Enrolled,113924
ENR005037,STU011012,SCH009,2023-08-21 00:00:00,Enrolled,248442
ENR005038,STU015636,SCH066,2023-04-28 00:00:00,Enrolled,143907
ENR005039,STU024344,SCH056,2023-05-26 00:00:00,Enrolled,222132
ENR005040,STU001486,SCH058,2021-10-03 00:00:00,Enrolled,159865
ENR005041,STU020899,SCH088,2025-12-16 00:00:00,Enrolled,181951
ENR005042,STU015527,SCH057,2024-05-14 00:00:00,Enrolled,91733
ENR005043,STU003801,SCH075,2023-08-29 00:00:00,Enrolled,80323
ENR005044,STU002196,SCH072,2022-04-04 00:00:00,Enrolled,61276
ENR005045,STU004314,SCH069,2022-01-01 00:00:00,Enrolled,233328
ENR005046,STU004368,SCH054,2025-08-19 00:00:00,Enrolled,55487
ENR005047,STU008743,SCH098,2022-11-18 00:00:00,Enrolled,95317
ENR005048,STU005455,SCH030,2025-06-18 00:00:00,Enrolled,221310
ENR005049,STU012167,SCH044,2021-12-21 00:00:00,Enrolled,127399
ENR005050,STU016848,SCH007,2023-08-08 00:00:00,Enrolled,237736
ENR005051,STU005602,SCH027,2026-10-03 00:00:00,Enrolled,107676
ENR005052,STU001450,SCH011,2021-10-26 00:00:00,Enrolled,54886
ENR005053,STU013252,SCH011,2025-04-01 00:00:00,Enrolled,108993
ENR005054,STU016024,SCH054,2025-01-17 00:00:00,Enrolled,64062
ENR005055,STU001425,SCH056,2023-05-10 00:00:00,Enrolled,182496
ENR005056,STU018415,SCH004,2024-03-04 00:00:00,Enrolled,82066
ENR005057,STU008019,SCH091,2023-08-15 00:00:00,Enrolled,83959
ENR005058,STU004683,SCH011,2021-08-03 00:00:00,Enrolled,211565
ENR005059,STU005961,SCH097,2022-01-14 00:00:00,Enrolled,197151
ENR005060,STU012127,SCH020,2024-02-12 00:00:00,Enrolled,65714
ENR005061,STU011377,SCH005,2022-01-10 00:00:00,Enrolled,84883
ENR005062,STU013351,SCH007,2022-10-13 00:00:00,Enrolled,132474
ENR005063,STU018349,SCH018,2021-11-17 00:00:00,Enrolled,161675
ENR005064,STU015360,SCH013,2023-05-29 00:00:00,Enrolled,45527
ENR005065,STU007307,SCH064,2022-09-16 00:00:00,Enrolled,161770
ENR005066,STU006091,SCH043,2024-09-24 00:00:00,Enrolled,211806
ENR005067,STU012768,SCH008,2025-12-19 00:00:00,Withdrawn,141459
ENR005068,STU020563,SCH085,2022-07-04 00:00:00,Enrolled,181704
ENR005069,STU014549,SCH020,2026-06-09 00:00:00,Enrolled,121722
ENR005070,STU001821,SCH002,2021-08-04 00:00:00,Enrolled,161192
ENR005071,STU004918,SCH040,2025-08-06 00:00:00,Enrolled,216956
ENR005072,STU000067,SCH025,2022-10-16 00:00:00,Enrolled,98033
ENR005073,STU003624,SCH028,2022-06-08 00:00:00,Enrolled,243112
ENR005074,STU011283,SCH070,2024-12-24 00:00:00,Enrolled,164235
ENR005075,STU010782,SCH091,2023-05-05 00:00:00,Enrolled,114416
ENR005076,STU017371,SCH003,2024-11-29 00:00:00,Enrolled,213071
ENR005077,STU006360,SCH093,2024-04-16 00:00:00,Enrolled,109830
ENR005078,STU005946,SCH023,2022-10-18 00:00:00,Enrolled,216446
ENR005079,STU023359,SCH015,2024-11-09 00:00:00,Enrolled,228993
ENR005080,STU009631,SCH087,2024-12-13 00:00:00,Enrolled,237612
ENR005081,STU005855,SCH049,2021-04-15 00:00:00,Withdrawn,166656
ENR005082,STU015034,SCH046,2026-06-13 00:00:00,Enrolled,206403
ENR005083,STU023472,SCH085,2024-10-11 00:00:00,Enrolled,198803
ENR005084,STU017465,SCH097,2025-12-24 00:00:00,Enrolled,181816
ENR005085,STU012726,SCH001,2024-09-14 00:00:00,Enrolled,179599
ENR005086,STU003360,SCH096,2025-09-29 00:00:00,Enrolled,209960
ENR005087,STU020111,SCH069,2022-12-04 00:00:00,Enrolled,76436
ENR005088,STU004343,SCH090,2026-08-16 00:00:00,Enrolled,199116
ENR005089,STU000429,SCH063,2025-03-23 00:00:00,Enrolled,49277
ENR005090,STU015796,SCH088,2023-01-28 00:00:00,Enrolled,124221
ENR005091,STU018556,SCH068,2021-08-25 00:00:00,Enrolled,154003
ENR005092,STU007866,SCH016,2021-10-27 00:00:00,Enrolled,75253
ENR005093,STU006651,SCH024,2024-11-18 00:00:00,Enrolled,196172
ENR005094,STU022060,SCH017,2022-03-05 00:00:00,Enrolled,178230
ENR005095,STU017929,SCH079,2026-08-15 00:00:00,Enrolled,126892
ENR005096,STU021715,SCH092,2025-05-02 00:00:00,Enrolled,184624
ENR005097,STU007866,SCH009,2022-09-06 00:00:00,Enrolled,49859
ENR005098,STU010926,SCH010,2025-08-14 00:00:00,Enrolled,153645
ENR005099,STU013835,SCH061,2023-06-09 00:00:00,Enrolled,185894
ENR005100,STU005153,SCH083,2024-09-20 00:00:00,Enrolled,125472
ENR005101,STU003277,SCH064,2025-04-01 00:00:00,Enrolled,176624
ENR005102,STU010089,SCH035,2023-04-28 00:00:00,Enrolled,160398
ENR005103,STU004784,SCH093,2026-08-12 00:00:00,Enrolled,121036
ENR005104,STU005192,SCH018,2022-02-11 00:00:00,Enrolled,173448
ENR005105,STU020176,SCH011,2021-09-18 00:00:00,Enrolled,200150
ENR005106,STU006826,SCH057,2022-04-05 00:00:00,Enrolled,228872
ENR005107,STU020660,SCH044,2025-09-27 00:00:00,Enrolled,183162
ENR005108,STU019375,SCH075,2024-11-17 00:00:00,Enrolled,166881
ENR005109,STU021989,SCH058,2026-02-12 00:00:00,Enrolled,114526
ENR005110,STU000127,SCH067,2021-04-06 00:00:00,Withdrawn,111367
ENR005111,STU013428,SCH017,2026-05-21 00:00:00,Enrolled,187591
ENR005112,STU003538,SCH093,2022-05-19 00:00:00,Enrolled,130721
ENR005113,STU012025,SCH096,2024-06-26 00:00:00,Enrolled,222056
ENR005114,STU002170,SCH066,2022-07-31 00:00:00,Enrolled,225808
ENR005115,STU021668,SCH012,2021-09-17 00:00:00,Enrolled,79588
ENR005116,STU009011,SCH090,2024-11-11 00:00:00,Enrolled,168118
ENR005117,STU020789,SCH091,2022-12-01 00:00:00,Enrolled,61101
ENR005118,STU019969,SCH040,2026-01-18 00:00:00,Enrolled,249098
ENR005119,STU014128,SCH054,2025-09-04 00:00:00,Enrolled,93507
ENR005120,STU010221,SCH084,2024-12-15 00:00:00,Enrolled,200175
ENR005121,STU015338,SCH013,2021-06-27 00:00:00,Enrolled,138830
ENR005122,STU018739,SCH045,2026-05-22 00:00:00,Enrolled,72967
ENR005123,STU011419,SCH027,2021-08-17 00:00:00,Enrolled,145201
ENR005124,STU023325,SCH028,2022-03-19 00:00:00,Enrolled,68868
ENR005125,STU018058,SCH035,2024-05-21 00:00:00,Enrolled,184936
ENR005126,STU017114,SCH055,2024-01-26 00:00:00,Enrolled,244064
ENR005127,STU022564,SCH030,2024-08-10 00:00:00,Enrolled,114197
ENR005128,STU007703,SCH028,2021-06-23 00:00:00,Enrolled,125098
ENR005129,STU017546,SCH053,2024-02-05 00:00:00,Enrolled,154677
ENR005130,STU019605,SCH083,2025-05-22 00:00:00,Enrolled,96842
ENR005131,STU021068,SCH023,2025-07-25 00:00:00,Enrolled,77314
ENR005132,STU014976,SCH100,2024-06-22 00:00:00,Enrolled,185054
ENR005133,STU023913,SCH080,2021-04-25 00:00:00,Enrolled,173111
ENR005134,STU000200,SCH003,2022-08-26 00:00:00,Enrolled,118499
ENR005135,STU016342,SCH028,2023-04-27 00:00:00,Enrolled,212931
ENR005136,STU006946,SCH084,2022-01-04 00:00:00,Withdrawn,64796
ENR005137,STU011961,SCH053,2023-01-19 00:00:00,Enrolled,150069
ENR005138,STU006820,SCH034,2021-04-13 00:00:00,Enrolled,133970
ENR005139,STU003426,SCH079,2023-12-18 00:00:00,Enrolled,45967
ENR005140,STU013845,SCH019,2022-10-11 00:00:00,Enrolled,80878
ENR005141,STU001957,SCH060,2023-04-15 00:00:00,Enrolled,64091
ENR005142,STU003973,SCH092,2026-08-24 00:00:00,Enrolled,163796
ENR005143,STU017382,SCH022,2024-02-10 00:00:00,Withdrawn,88604
ENR005144,STU012121,SCH077,2022-11-12 00:00:00,Enrolled,45266
ENR005145,STU009842,SCH053,2022-05-24 00:00:00,Enrolled,119081
ENR005146,STU004351,SCH019,2023-07-11 00:00:00,Enrolled,221291
ENR005147,STU010283,SCH090,2026-04-22 00:00:00,Enrolled,139361
ENR005148,STU004502,SCH020,2025-10-16 00:00:00,Enrolled,237769
ENR005149,STU001860,SCH093,2022-11-15 00:00:00,Enrolled,168035
ENR005150,STU024445,SCH028,2025-11-05 00:00:00,Enrolled,231955
ENR005151,STU000636,SCH059,2021-08-01 00:00:00,Enrolled,76746
ENR005152,STU004720,SCH003,2024-11-27 00:00:00,Enrolled,45866
ENR005153,STU018427,SCH044,2026-06-27 00:00:00,Enrolled,177116
ENR005154,STU022366,SCH038,2024-06-26 00:00:00,Enrolled,217371
ENR005155,STU017443,SCH042,2025-01-09 00:00:00,Enrolled,110546
ENR005156,STU006253,SCH008,2025-10-19 00:00:00,Enrolled,88862
ENR005157,STU006089,SCH026,2022-02-15 00:00:00,Enrolled,171763
ENR005158,STU014199,SCH061,2026-06-30 00:00:00,Enrolled,50132
ENR005159,STU013253,SCH030,2024-07-17 00:00:00,Enrolled,80207
ENR005160,STU009587,SCH033,2021-10-10 00:00:00,Enrolled,163386
ENR005161,STU021746,SCH007,2021-08-23 00:00:00,Enrolled,202376
ENR005162,STU014732,SCH041,2021-08-29 00:00:00,Enrolled,47817
ENR005163,STU005199,SCH040,2024-08-01 00:00:00,Enrolled,183460
ENR005164,STU024977,SCH088,2021-05-14 00:00:00,Enrolled,207120
ENR005165,STU005237,SCH013,2021-11-14 00:00:00,Enrolled,222749
ENR005166,STU019762,SCH038,2026-08-24 00:00:00,Enrolled,212616
ENR005167,STU014999,SCH083,2021-08-16 00:00:00,Enrolled,235229
ENR005168,STU009344,SCH047,2026-07-28 00:00:00,Enrolled,107688
ENR005169,STU012066,SCH095,2024-04-01 00:00:00,Enrolled,240732
ENR005170,STU006370,SCH069,2025-03-07 00:00:00,Enrolled,111827
ENR005171,STU018872,SCH030,2023-12-15 00:00:00,Enrolled,209744
ENR005172,STU007915,SCH061,2026-03-26 00:00:00,Enrolled,68607
ENR005173,STU014470,SCH039,2024-05-17 00:00:00,Enrolled,84736
ENR005174,STU001079,SCH006,2021-05-20 00:00:00,Enrolled,140878
ENR005175,STU018708,SCH005,2026-04-12 00:00:00,Withdrawn,75458
ENR005176,STU002053,SCH047,2022-12-17 00:00:00,Enrolled,182836
ENR005177,STU015103,SCH086,2025-04-01 00:00:00,Enrolled,218940
ENR005178,STU021684,SCH052,2023-09-08 00:00:00,Enrolled,207823
ENR005179,STU006188,SCH071,2023-04-10 00:00:00,Enrolled,59983
ENR005180,STU019445,SCH033,2021-04-26 00:00:00,Enrolled,213315
ENR005181,STU001081,SCH042,2025-08-12 00:00:00,Enrolled,76945
ENR005182,STU012187,SCH080,2026-03-20 00:00:00,Enrolled,117799
ENR005183,STU016425,SCH095,2025-05-09 00:00:00,Enrolled,115268
ENR005184,STU006710,SCH038,2021-06-28 00:00:00,Enrolled,209326
ENR005185,STU004408,SCH067,2022-07-25 00:00:00,Enrolled,140645
ENR005186,STU022375,SCH081,2023-11-15 00:00:00,Enrolled,80645
ENR005187,STU000803,SCH086,2021-04-22 00:00:00,Enrolled,120707
ENR005188,STU021880,SCH089,2024-01-28 00:00:00,Enrolled,244156
ENR005189,STU010869,SCH080,2025-03-24 00:00:00,Enrolled,148635
ENR005190,STU013040,SCH012,2026-08-16 00:00:00,Enrolled,46710
ENR005191,STU005745,SCH083,2025-03-25 00:00:00,Enrolled,84026
ENR005192,STU020189,SCH008,2022-02-20 00:00:00,Enrolled,174617
ENR005193,STU019955,SCH061,2023-10-27 00:00:00,Enrolled,171849
ENR005194,STU021721,SCH088,2023-05-28 00:00:00,Enrolled,211052
ENR005195,STU018978,SCH087,2025-11-13 00:00:00,Enrolled,134944
ENR005196,STU010102,SCH099,2022-04-18 00:00:00,Enrolled,225997
ENR005197,STU019893,SCH011,2022-02-09 00:00:00,Enrolled,138541
ENR005198,STU002310,SCH094,2021-09-05 00:00:00,Enrolled,77450
ENR005199,STU016329,SCH050,2021-10-14 00:00:00,Enrolled,84062
ENR005200,STU010216,SCH019,2026-07-22 00:00:00,Enrolled,197315
ENR005201,STU009164,SCH045,2022-02-26 00:00:00,Enrolled,180756
ENR005202,STU001532,SCH029,2024-11-11 00:00:00,Enrolled,62962
ENR005203,STU020719,SCH052,2023-11-12 00:00:00,Withdrawn,244729
ENR005204,STU003918,SCH081,2024-10-04 00:00:00,Enrolled,101091
ENR005205,STU003490,SCH049,2022-05-24 00:00:00,Enrolled,111822
ENR005206,STU021948,SCH078,2021-04-10 00:00:00,Enrolled,87013
ENR005207,STU010455,SCH047,2026-07-23 00:00:00,Enrolled,123653
ENR005208,STU021209,SCH067,2026-10-11 00:00:00,Withdrawn,90140
ENR005209,STU002981,SCH027,2024-05-03 00:00:00,Enrolled,115547
ENR005210,STU000952,SCH080,2026-03-27 00:00:00,Enrolled,101797
ENR005211,STU005819,SCH037,2024-01-06 00:00:00,Enrolled,106660
ENR005212,STU004054,SCH093,2026-04-20 00:00:00,Withdrawn,65095
ENR005213,STU012156,SCH057,2025-03-24 00:00:00,Enrolled,90874
ENR005214,STU013279,SCH066,2025-03-27 00:00:00,Enrolled,95416
ENR005215,STU006682,SCH079,2024-01-09 00:00:00,Enrolled,154801
ENR005216,STU012867,SCH081,2022-12-09 00:00:00,Enrolled,219316
ENR005217,STU005794,SCH014,2023-03-11 00:00:00,Enrolled,190726
ENR005218,STU013287,SCH041,2023-11-02 00:00:00,Enrolled,173254
ENR005219,STU010078,SCH071,2025-05-01 00:00:00,Enrolled,167356
ENR005220,STU009601,SCH060,2021-06-02 00:00:00,Enrolled,133701
ENR005221,STU022046,SCH035,2023-12-19 00:00:00,Enrolled,246868
ENR005222,STU016843,SCH024,2026-04-12 00:00:00,Enrolled,249623
ENR005223,STU015296,SCH055,2022-03-16 00:00:00,Enrolled,139062
ENR005224,STU003509,SCH056,2021-05-19 00:00:00,Enrolled,197802
ENR005225,STU004564,SCH098,2023-07-03 00:00:00,Withdrawn,159852
ENR005226,STU000088,SCH094,2024-09-04 00:00:00,Enrolled,204133
ENR005227,STU001111,SCH026,2021-07-10 00:00:00,Withdrawn,176310
ENR005228,STU023220,SCH008,2025-10-19 00:00:00,Enrolled,101100
ENR005229,STU005297,SCH050,2021-02-19 00:00:00,Enrolled,213687
ENR005230,STU020972,SCH088,2022-04-23 00:00:00,Enrolled,233178
ENR005231,STU003435,SCH038,2026-03-23 00:00:00,Enrolled,106045
ENR005232,STU014407,SCH091,2026-05-23 00:00:00,Enrolled,89437
ENR005233,STU009252,SCH033,2024-08-16 00:00:00,Enrolled,124051
ENR005234,STU018759,SCH073,2024-11-19 00:00:00,Enrolled,58979
ENR005235,STU024718,SCH095,2022-10-27 00:00:00,Enrolled,125567
ENR005236,STU013721,SCH089,2023-12-02 00:00:00,Enrolled,124039
ENR005237,STU002684,SCH043,2025-05-13 00:00:00,Enrolled,147174
ENR005238,STU016913,SCH058,2026-01-08 00:00:00,Enrolled,190047
ENR005239,STU010991,SCH038,2024-09-25 00:00:00,Enrolled,169218
ENR005240,STU000356,SCH044,2024-05-18 00:00:00,Enrolled,132546
ENR005241,STU000200,SCH047,2023-11-27 00:00:00,Enrolled,206811
ENR005242,STU000115,SCH055,2023-11-04 00:00:00,Enrolled,133908
ENR005243,STU011938,SCH011,2025-01-06 00:00:00,Enrolled,149240
ENR005244,STU016014,SCH016,2023-10-07 00:00:00,Enrolled,193152
ENR005245,STU001073,SCH079,2024-03-17 00:00:00,Enrolled,210426
ENR005246,STU006432,SCH080,2023-08-12 00:00:00,Enrolled,200679
ENR005247,STU006849,SCH069,2021-12-18 00:00:00,Enrolled,101303
ENR005248,STU001453,SCH009,2021-09-05 00:00:00,Withdrawn,239675
ENR005249,STU009132,SCH027,2023-12-15 00:00:00,Withdrawn,83121
ENR005250,STU020550,SCH031,2024-05-25 00:00:00,Enrolled,157447
ENR005251,STU011306,SCH072,2024-07-13 00:00:00,Enrolled,46950
ENR005252,STU006199,SCH012,2021-08-25 00:00:00,Enrolled,57437
ENR005253,STU004032,SCH091,2023-06-24 00:00:00,Enrolled,165093
ENR005254,STU003291,SCH051,2024-02-24 00:00:00,Enrolled,214497
ENR005255,STU008372,SCH004,2023-03-16 00:00:00,Enrolled,227752
ENR005256,STU013513,SCH014,2021-12-21 00:00:00,Enrolled,207468
ENR005257,STU019927,SCH033,2022-12-26 00:00:00,Enrolled,163757
ENR005258,STU015227,SCH080,2024-03-14 00:00:00,Enrolled,78934
ENR005259,STU018613,SCH038,2021-11-01 00:00:00,Enrolled,54730
ENR005260,STU023144,SCH021,2024-12-23 00:00:00,Enrolled,63587
ENR005261,STU007176,SCH006,2025-09-16 00:00:00,Enrolled,218368
ENR005262,STU001500,SCH033,2024-06-22 00:00:00,Enrolled,238762
ENR005263,STU007523,SCH036,2024-10-29 00:00:00,Enrolled,91633
ENR005264,STU001073,SCH099,2025-02-13 00:00:00,Enrolled,88158
ENR005265,STU018728,SCH068,2021-09-12 00:00:00,Enrolled,140781
ENR005266,STU005540,SCH020,2021-06-30 00:00:00,Enrolled,234543
ENR005267,STU007140,SCH081,2021-03-30 00:00:00,Enrolled,127140
ENR005268,STU010496,SCH057,2022-05-06 00:00:00,Enrolled,165227
ENR005269,STU017617,SCH067,2022-04-25 00:00:00,Enrolled,98073
ENR005270,STU016734,SCH055,2025-09-27 00:00:00,Enrolled,87581
ENR005271,STU017930,SCH027,2021-05-29 00:00:00,Enrolled,117399
ENR005272,STU014072,SCH075,2025-05-10 00:00:00,Enrolled,114908
ENR005273,STU017288,SCH083,2023-08-15 00:00:00,Enrolled,183226
ENR005274,STU013264,SCH085,2025-12-28 00:00:00,Enrolled,48335
ENR005275,STU007503,SCH096,2024-05-28 00:00:00,Enrolled,110624
ENR005276,STU004564,SCH056,2023-03-18 00:00:00,Enrolled,231718
ENR005277,STU004194,SCH090,2022-06-11 00:00:00,Enrolled,180056
ENR005278,STU012113,SCH097,2023-11-17 00:00:00,Enrolled,158260
ENR005279,STU000831,SCH034,2022-02-04 00:00:00,Enrolled,196517
ENR005280,STU023031,SCH036,2026-09-19 00:00:00,Enrolled,114665
ENR005281,STU014232,SCH081,2023-07-13 00:00:00,Enrolled,234694
ENR005282,STU007645,SCH049,2023-11-25 00:00:00,Enrolled,201921
ENR005283,STU018457,SCH044,2023-11-26 00:00:00,Enrolled,118141
ENR005284,STU013795,SCH019,2023-04-30 00:00:00,Enrolled,138246
ENR005285,STU001276,SCH002,2023-01-01 00:00:00,Enrolled,201865
ENR005286,STU020648,SCH073,2021-07-27 00:00:00,Enrolled,177501
ENR005287,STU017501,SCH041,2024-02-06 00:00:00,Enrolled,94463
ENR005288,STU017113,SCH023,2023-09-26 00:00:00,Enrolled,163934
ENR005289,STU005723,SCH078,2022-04-05 00:00:00,Enrolled,181989
ENR005290,STU004287,SCH033,2024-02-09 00:00:00,Enrolled,112875
ENR005291,STU002518,SCH069,2026-08-22 00:00:00,Enrolled,190855
ENR005292,STU008099,SCH030,2022-08-13 00:00:00,Enrolled,230729
ENR005293,STU004883,SCH035,2021-03-11 00:00:00,Withdrawn,107864
ENR005294,STU017539,SCH028,2022-08-29 00:00:00,Withdrawn,47816
ENR005295,STU022036,SCH045,2022-05-25 00:00:00,Enrolled,59126
ENR005296,STU005485,SCH011,2023-01-26 00:00:00,Enrolled,128919
ENR005297,STU021751,SCH100,2022-01-07 00:00:00,Enrolled,154675
ENR005298,STU005937,SCH085,2024-12-22 00:00:00,Enrolled,159221
ENR005299,STU005704,SCH096,2025-09-13 00:00:00,Enrolled,96994
ENR005300,STU007205,SCH082,2024-04-20 00:00:00,Enrolled,167878
ENR005301,STU023819,SCH023,2023-07-13 00:00:00,Enrolled,214381
ENR005302,STU004864,SCH042,2022-03-09 00:00:00,Withdrawn,127435
ENR005303,STU012930,SCH031,2026-05-07 00:00:00,Enrolled,47824
ENR005304,STU018529,SCH067,2021-11-22 00:00:00,Enrolled,243942
ENR005305,STU024437,SCH036,2025-05-27 00:00:00,Enrolled,85083
ENR005306,STU006540,SCH034,2021-04-18 00:00:00,Enrolled,117656
ENR005307,STU022062,SCH003,2021-12-17 00:00:00,Enrolled,97967
ENR005308,STU004069,SCH024,2026-04-16 00:00:00,Enrolled,126532
ENR005309,STU017409,SCH004,2026-08-27 00:00:00,Enrolled,133726
ENR005310,STU020811,SCH064,2023-06-17 00:00:00,Withdrawn,213077
ENR005311,STU011298,SCH100,2024-06-08 00:00:00,Enrolled,218721
ENR005312,STU000691,SCH052,2023-08-11 00:00:00,Withdrawn,239747
ENR005313,STU018908,SCH018,2025-03-09 00:00:00,Enrolled,248701
ENR005314,STU009656,SCH071,2021-09-16 00:00:00,Enrolled,105739
ENR005315,STU010311,SCH055,2026-08-03 00:00:00,Enrolled,240680
ENR005316,STU005863,SCH087,2024-11-11 00:00:00,Enrolled,84143
ENR005317,STU001421,SCH063,2024-10-22 00:00:00,Enrolled,195813
ENR005318,STU023702,SCH064,2022-12-29 00:00:00,Enrolled,89089
ENR005319,STU020993,SCH004,2023-08-14 00:00:00,Enrolled,245847
ENR005320,STU011794,SCH009,2024-09-18 00:00:00,Enrolled,74688
ENR005321,STU015610,SCH098,2022-09-24 00:00:00,Enrolled,138941
ENR005322,STU013695,SCH054,2025-12-26 00:00:00,Enrolled,137964
ENR005323,STU008295,SCH084,2024-02-14 00:00:00,Enrolled,108535
ENR005324,STU013192,SCH089,2021-12-07 00:00:00,Enrolled,119490
ENR005325,STU017648,SCH047,2023-12-14 00:00:00,Enrolled,118178
ENR005326,STU017998,SCH071,2025-03-09 00:00:00,Enrolled,191042
ENR005327,STU006483,SCH051,2025-07-06 00:00:00,Enrolled,49124
ENR005328,STU003629,SCH043,2022-09-24 00:00:00,Enrolled,184140
ENR005329,STU004835,SCH090,2024-06-26 00:00:00,Enrolled,207525
ENR005330,STU012934,SCH096,2023-04-22 00:00:00,Enrolled,204838
ENR005331,STU010208,SCH024,2026-10-14 00:00:00,Enrolled,230374
ENR005332,STU005509,SCH029,2026-03-10 00:00:00,Enrolled,145665
ENR005333,STU002141,SCH043,2021-10-19 00:00:00,Enrolled,190365
ENR005334,STU019484,SCH057,2026-03-14 00:00:00,Enrolled,131845
ENR005335,STU014634,SCH036,2023-12-31 00:00:00,Enrolled,135924
ENR005336,STU010439,SCH094,2025-05-24 00:00:00,Enrolled,147640
ENR005337,STU017802,SCH059,2026-05-14 00:00:00,Enrolled,248842
ENR005338,STU005812,SCH052,2025-02-14 00:00:00,Enrolled,165027
ENR005339,STU011074,SCH033,2022-02-02 00:00:00,Enrolled,182101
ENR005340,STU002674,SCH025,2026-08-22 00:00:00,Enrolled,51503
ENR005341,STU003245,SCH095,2023-10-18 00:00:00,Enrolled,107806
ENR005342,STU004728,SCH055,2025-12-18 00:00:00,Enrolled,140905
ENR005343,STU013592,SCH027,2022-01-24 00:00:00,Enrolled,227876
ENR005344,STU016364,SCH041,2026-04-29 00:00:00,Enrolled,125737
ENR005345,STU002109,SCH041,2022-02-26 00:00:00,Enrolled,68008
ENR005346,STU009429,SCH034,2023-04-28 00:00:00,Enrolled,197667
ENR005347,STU017849,SCH061,2026-06-07 00:00:00,Enrolled,106376
ENR005348,STU024012,SCH014,2024-06-20 00:00:00,Enrolled,246647
ENR005349,STU019959,SCH048,2022-10-17 00:00:00,Enrolled,147073
ENR005350,STU023785,SCH030,2021-08-17 00:00:00,Enrolled,80907
ENR005351,STU006444,SCH095,2025-03-31 00:00:00,Enrolled,108322
ENR005352,STU010302,SCH039,2024-02-10 00:00:00,Enrolled,147518
ENR005353,STU013494,SCH048,2023-02-16 00:00:00,Enrolled,163312
ENR005354,STU017561,SCH083,2023-11-02 00:00:00,Enrolled,64279
ENR005355,STU024481,SCH066,2024-10-29 00:00:00,Enrolled,68720
ENR005356,STU014349,SCH024,2022-06-03 00:00:00,Enrolled,98119
ENR005357,STU021887,SCH064,2024-09-15 00:00:00,Enrolled,70930
ENR005358,STU000431,SCH078,2024-10-06 00:00:00,Enrolled,237931
ENR005359,STU006604,SCH051,2021-05-18 00:00:00,Enrolled,236059
ENR005360,STU017769,SCH032,2021-11-14 00:00:00,Enrolled,114776
ENR005361,STU011463,SCH076,2022-03-15 00:00:00,Enrolled,83837
ENR005362,STU021878,SCH061,2023-05-01 00:00:00,Enrolled,71127
ENR005363,STU015625,SCH006,2022-02-07 00:00:00,Enrolled,120863
ENR005364,STU000094,SCH025,2023-07-05 00:00:00,Enrolled,225604
ENR005365,STU002777,SCH067,2021-10-09 00:00:00,Enrolled,226219
ENR005366,STU007731,SCH001,2021-10-14 00:00:00,Enrolled,245571
ENR005367,STU022358,SCH076,2025-09-24 00:00:00,Enrolled,147972
ENR005368,STU011568,SCH006,2021-11-01 00:00:00,Enrolled,167445
ENR005369,STU010100,SCH059,2025-04-30 00:00:00,Enrolled,134494
ENR005370,STU007126,SCH052,2022-07-29 00:00:00,Enrolled,206598
ENR005371,STU006154,SCH079,2021-09-08 00:00:00,Enrolled,52041
ENR005372,STU006239,SCH058,2024-09-29 00:00:00,Enrolled,104991
ENR005373,STU018702,SCH029,2023-09-20 00:00:00,Enrolled,59546
ENR005374,STU022897,SCH098,2025-04-07 00:00:00,Enrolled,139758
ENR005375,STU004384,SCH031,2025-02-23 00:00:00,Enrolled,65048
ENR005376,STU024547,SCH003,2025-12-25 00:00:00,Enrolled,152279
ENR005377,STU018187,SCH094,2023-12-01 00:00:00,Withdrawn,95363
ENR005378,STU001347,SCH061,2022-08-30 00:00:00,Enrolled,62255
ENR005379,STU005139,SCH057,2021-05-10 00:00:00,Enrolled,92407
ENR005380,STU017538,SCH013,2026-02-28 00:00:00,Enrolled,138593
ENR005381,STU017513,SCH097,2023-08-28 00:00:00,Enrolled,208712
ENR005382,STU014239,SCH008,2022-03-22 00:00:00,Enrolled,188769
ENR005383,STU001380,SCH004,2022-11-27 00:00:00,Enrolled,134282
ENR005384,STU013861,SCH072,2023-05-11 00:00:00,Enrolled,228205
ENR005385,STU004454,SCH094,2022-06-26 00:00:00,Enrolled,146569
ENR005386,STU022577,SCH051,2022-02-17 00:00:00,Enrolled,126462
ENR005387,STU007520,SCH087,2026-02-26 00:00:00,Enrolled,176327
ENR005388,STU007068,SCH034,2025-04-08 00:00:00,Withdrawn,133469
ENR005389,STU021904,SCH014,2025-05-11 00:00:00,Enrolled,140627
ENR005390,STU002755,SCH044,2023-12-07 00:00:00,Enrolled,166567
ENR005391,STU007603,SCH097,2025-09-11 00:00:00,Enrolled,120768
ENR005392,STU010211,SCH040,2022-05-14 00:00:00,Enrolled,77460
ENR005393,STU004171,SCH037,2026-02-16 00:00:00,Enrolled,59717
ENR005394,STU009615,SCH029,2024-03-21 00:00:00,Enrolled,124603
ENR005395,STU006625,SCH021,2022-10-25 00:00:00,Enrolled,239236
ENR005396,STU020037,SCH096,2025-03-19 00:00:00,Enrolled,93969
ENR005397,STU003047,SCH067,2026-05-16 00:00:00,Withdrawn,190863
ENR005398,STU003252,SCH004,2022-08-15 00:00:00,Enrolled,234033
ENR005399,STU024992,SCH048,2021-10-23 00:00:00,Withdrawn,97243
ENR005400,STU012878,SCH072,2025-11-14 00:00:00,Enrolled,193315
ENR005401,STU014250,SCH099,2024-09-23 00:00:00,Enrolled,111170
ENR005402,STU005961,SCH046,2021-06-20 00:00:00,Enrolled,211675
ENR005403,STU021899,SCH028,2025-02-12 00:00:00,Enrolled,205621
ENR005404,STU014494,SCH058,2022-04-05 00:00:00,Enrolled,145753
ENR005405,STU012937,SCH027,2024-11-23 00:00:00,Enrolled,132624
ENR005406,STU002832,SCH088,2023-11-10 00:00:00,Withdrawn,133496
ENR005407,STU018662,SCH067,2024-06-19 00:00:00,Withdrawn,138646
ENR005408,STU003158,SCH030,2022-11-25 00:00:00,Enrolled,212713
ENR005409,STU018672,SCH025,2024-05-15 00:00:00,Enrolled,204057
ENR005410,STU023321,SCH093,2026-09-23 00:00:00,Enrolled,155028
ENR005411,STU009813,SCH021,2023-06-05 00:00:00,Enrolled,126555
ENR005412,STU013140,SCH058,2025-11-26 00:00:00,Enrolled,222150
ENR005413,STU006208,SCH082,2026-09-05 00:00:00,Enrolled,71132
ENR005414,STU020309,SCH085,2023-04-28 00:00:00,Enrolled,222547
ENR005415,STU018348,SCH013,2025-02-18 00:00:00,Enrolled,247614
ENR005416,STU011550,SCH024,2023-03-24 00:00:00,Enrolled,76771
ENR005417,STU014782,SCH062,2024-07-16 00:00:00,Enrolled,98791
ENR005418,STU019519,SCH051,2023-11-09 00:00:00,Enrolled,83964
ENR005419,STU024501,SCH085,2024-08-29 00:00:00,Enrolled,85069
ENR005420,STU022111,SCH070,2021-12-01 00:00:00,Enrolled,89637
ENR005421,STU011891,SCH030,2022-10-13 00:00:00,Enrolled,240752
ENR005422,STU009967,SCH073,2022-02-26 00:00:00,Enrolled,135275
ENR005423,STU004101,SCH084,2023-02-05 00:00:00,Enrolled,187655
ENR005424,STU002594,SCH043,2021-08-16 00:00:00,Enrolled,225062
ENR005425,STU023642,SCH041,2026-09-17 00:00:00,Withdrawn,64910
ENR005426,STU020115,SCH022,2022-03-23 00:00:00,Enrolled,49244
ENR005427,STU014386,SCH097,2025-09-13 00:00:00,Enrolled,82457
ENR005428,STU024015,SCH055,2024-12-13 00:00:00,Enrolled,132065
ENR005429,STU024125,SCH083,2022-12-30 00:00:00,Enrolled,188004
ENR005430,STU017393,SCH075,2023-01-25 00:00:00,Enrolled,167317
ENR005431,STU007595,SCH074,2025-06-26 00:00:00,Enrolled,67508
ENR005432,STU016223,SCH065,2021-04-04 00:00:00,Enrolled,207806
ENR005433,STU012472,SCH044,2024-08-19 00:00:00,Enrolled,167398
ENR005434,STU018772,SCH059,2025-03-07 00:00:00,Enrolled,209222
ENR005435,STU018931,SCH012,2023-07-19 00:00:00,Enrolled,167483
ENR005436,STU022352,SCH085,2025-09-14 00:00:00,Withdrawn,149947
ENR005437,STU013067,SCH084,2024-03-15 00:00:00,Enrolled,227986
ENR005438,STU018995,SCH050,2023-08-19 00:00:00,Enrolled,139697
ENR005439,STU024343,SCH063,2025-03-04 00:00:00,Enrolled,135750
ENR005440,STU010616,SCH099,2025-01-08 00:00:00,Enrolled,185056
ENR005441,STU010730,SCH046,2023-06-12 00:00:00,Enrolled,223973
ENR005442,STU016116,SCH039,2023-03-19 00:00:00,Enrolled,196075
ENR005443,STU012713,SCH053,2021-11-04 00:00:00,Enrolled,126148
ENR005444,STU002095,SCH097,2023-09-25 00:00:00,Enrolled,208751
ENR005445,STU019406,SCH038,2024-02-16 00:00:00,Enrolled,117813
ENR005446,STU012678,SCH082,2024-08-10 00:00:00,Enrolled,231875
ENR005447,STU014072,SCH080,2022-05-10 00:00:00,Enrolled,66382
ENR005448,STU018988,SCH038,2021-06-27 00:00:00,Enrolled,88507
ENR005449,STU021094,SCH093,2026-08-14 00:00:00,Enrolled,125716
ENR005450,STU005699,SCH075,2026-09-19 00:00:00,Enrolled,150628
ENR005451,STU013072,SCH027,2024-10-02 00:00:00,Enrolled,162380
ENR005452,STU019012,SCH073,2025-01-02 00:00:00,Enrolled,217552
ENR005453,STU011585,SCH081,2026-08-29 00:00:00,Enrolled,198331
ENR005454,STU019594,SCH089,2024-01-09 00:00:00,Enrolled,118185
ENR005455,STU015400,SCH040,2023-09-25 00:00:00,Enrolled,46274
ENR005456,STU024923,SCH033,2024-06-23 00:00:00,Enrolled,91936
ENR005457,STU015988,SCH042,2024-03-31 00:00:00,Enrolled,199479
ENR005458,STU010757,SCH072,2025-05-15 00:00:00,Enrolled,215489
ENR005459,STU022127,SCH004,2024-05-27 00:00:00,Enrolled,154306
ENR005460,STU021655,SCH088,2023-03-21 00:00:00,Enrolled,247339
ENR005461,STU019963,SCH053,2026-08-20 00:00:00,Enrolled,193932
ENR005462,STU015591,SCH073,2023-09-19 00:00:00,Enrolled,89544
ENR005463,STU024999,SCH006,2023-08-24 00:00:00,Enrolled,68462
ENR005464,STU000260,SCH065,2024-04-25 00:00:00,Enrolled,57386
ENR005465,STU002360,SCH075,2024-07-14 00:00:00,Enrolled,182959
ENR005466,STU012701,SCH018,2022-12-10 00:00:00,Enrolled,227816
ENR005467,STU018521,SCH085,2025-06-25 00:00:00,Enrolled,153614
ENR005468,STU020113,SCH043,2022-07-29 00:00:00,Withdrawn,100962
ENR005469,STU021574,SCH075,2025-05-29 00:00:00,Enrolled,239841
ENR005470,STU013632,SCH052,2023-10-26 00:00:00,Enrolled,175923
ENR005471,STU021120,SCH051,2026-04-22 00:00:00,Enrolled,161037
ENR005472,STU000862,SCH032,2025-11-19 00:00:00,Enrolled,124639
ENR005473,STU010742,SCH016,2025-08-22 00:00:00,Enrolled,72308
ENR005474,STU000084,SCH083,2024-04-23 00:00:00,Enrolled,195794
ENR005475,STU018165,SCH073,2022-12-01 00:00:00,Enrolled,92138
ENR005476,STU001404,SCH034,2022-08-20 00:00:00,Enrolled,196442
ENR005477,STU022121,SCH076,2025-03-17 00:00:00,Enrolled,179597
ENR005478,STU005629,SCH051,2022-10-24 00:00:00,Enrolled,122671
ENR005479,STU000489,SCH029,2024-09-09 00:00:00,Enrolled,121256
ENR005480,STU003458,SCH033,2022-07-28 00:00:00,Enrolled,165169
ENR005481,STU013800,SCH014,2021-07-22 00:00:00,Enrolled,157563
ENR005482,STU018903,SCH033,2024-05-11 00:00:00,Enrolled,226741
ENR005483,STU011835,SCH060,2021-10-02 00:00:00,Enrolled,46072
ENR005484,STU009687,SCH051,2024-02-07 00:00:00,Enrolled,160709
ENR005485,STU012249,SCH055,2024-04-16 00:00:00,Enrolled,184608
ENR005486,STU013425,SCH007,2024-12-01 00:00:00,Enrolled,54021
ENR005487,STU000978,SCH026,2025-09-05 00:00:00,Enrolled,91465
ENR005488,STU006532,SCH058,2025-05-16 00:00:00,Withdrawn,96787
ENR005489,STU000733,SCH096,2023-11-21 00:00:00,Enrolled,184759
ENR005490,STU020974,SCH083,2024-10-11 00:00:00,Enrolled,128928
ENR005491,STU015055,SCH044,2021-05-28 00:00:00,Enrolled,174126
ENR005492,STU008812,SCH073,2023-01-09 00:00:00,Enrolled,215095
ENR005493,STU023991,SCH094,2023-03-29 00:00:00,Enrolled,207295
ENR005494,STU004734,SCH006,2024-06-16 00:00:00,Withdrawn,108138
ENR005495,STU003264,SCH004,2025-11-22 00:00:00,Enrolled,229210
ENR005496,STU015959,SCH014,2023-12-21 00:00:00,Enrolled,142608
ENR005497,STU003814,SCH028,2023-08-22 00:00:00,Enrolled,69688
ENR005498,STU024337,SCH071,2021-11-06 00:00:00,Enrolled,224327
ENR005499,STU008629,SCH008,2024-11-18 00:00:00,Enrolled,178546
ENR005500,STU018785,SCH042,2023-09-22 00:00:00,Enrolled,45735
ENR005501,STU020675,SCH045,2023-01-28 00:00:00,Enrolled,192299
ENR005502,STU000766,SCH034,2022-04-06 00:00:00,Enrolled,59062
ENR005503,STU020023,SCH007,2021-04-17 00:00:00,Enrolled,135065
ENR005504,STU007696,SCH074,2022-01-30 00:00:00,Enrolled,132064
ENR005505,STU018746,SCH073,2022-12-19 00:00:00,Enrolled,149499
ENR005506,STU006032,SCH088,2024-10-21 00:00:00,Withdrawn,117870
ENR005507,STU023634,SCH094,2022-01-31 00:00:00,Enrolled,199728
ENR005508,STU024622,SCH081,2021-11-11 00:00:00,Enrolled,125589
ENR005509,STU004416,SCH088,2023-11-04 00:00:00,Enrolled,102022
ENR005510,STU010274,SCH092,2026-03-03 00:00:00,Enrolled,116177
ENR005511,STU012390,SCH061,2025-09-22 00:00:00,Withdrawn,238444
ENR005512,STU009334,SCH059,2024-08-29 00:00:00,Enrolled,78664
ENR005513,STU020631,SCH048,2025-02-18 00:00:00,Enrolled,175017
ENR005514,STU015041,SCH045,2026-01-04 00:00:00,Withdrawn,153750
ENR005515,STU023060,SCH088,2024-12-29 00:00:00,Enrolled,109171
ENR005516,STU011330,SCH063,2026-06-11 00:00:00,Enrolled,223748
ENR005517,STU003853,SCH015,2023-11-24 00:00:00,Enrolled,79401
ENR005518,STU002061,SCH056,2023-01-14 00:00:00,Enrolled,127596
ENR005519,STU004035,SCH008,2021-11-30 00:00:00,Withdrawn,226792
ENR005520,STU003837,SCH066,2022-06-09 00:00:00,Enrolled,120192
ENR005521,STU016834,SCH021,2022-03-19 00:00:00,Enrolled,125088
ENR005522,STU002847,SCH078,2021-10-29 00:00:00,Enrolled,75258
ENR005523,STU004971,SCH075,2025-03-16 00:00:00,Enrolled,246749
ENR005524,STU008330,SCH078,2022-05-20 00:00:00,Enrolled,46191
ENR005525,STU010723,SCH042,2026-05-02 00:00:00,Enrolled,115865
ENR005526,STU017839,SCH067,2022-11-04 00:00:00,Withdrawn,120651
ENR005527,STU019801,SCH067,2025-07-06 00:00:00,Enrolled,130037
ENR005528,STU007040,SCH028,2023-02-21 00:00:00,Enrolled,158124
ENR005529,STU024955,SCH009,2026-03-10 00:00:00,Enrolled,182545
ENR005530,STU001227,SCH079,2025-05-05 00:00:00,Enrolled,175870
ENR005531,STU005407,SCH010,2024-02-27 00:00:00,Enrolled,168012
ENR005532,STU011347,SCH088,2021-10-10 00:00:00,Enrolled,244503
ENR005533,STU012747,SCH020,2024-02-11 00:00:00,Enrolled,172771
ENR005534,STU009622,SCH046,2024-01-15 00:00:00,Enrolled,182970
ENR005535,STU017157,SCH052,2024-08-07 00:00:00,Enrolled,120280
ENR005536,STU005947,SCH096,2023-09-08 00:00:00,Enrolled,249992
ENR005537,STU007846,SCH021,2025-01-03 00:00:00,Enrolled,130060
ENR005538,STU023055,SCH078,2025-11-01 00:00:00,Enrolled,118134
ENR005539,STU001671,SCH019,2026-07-31 00:00:00,Enrolled,178666
ENR005540,STU012996,SCH001,2026-09-11 00:00:00,Enrolled,182117
ENR005541,STU011614,SCH054,2023-05-30 00:00:00,Enrolled,228289
ENR005542,STU024458,SCH016,2026-05-12 00:00:00,Enrolled,156271
ENR005543,STU024292,SCH089,2026-02-10 00:00:00,Enrolled,215824
ENR005544,STU018876,SCH067,2021-10-08 00:00:00,Enrolled,136228
ENR005545,STU013800,SCH099,2025-02-21 00:00:00,Enrolled,200330
ENR005546,STU012519,SCH013,2025-04-21 00:00:00,Enrolled,97106
ENR005547,STU015120,SCH068,2025-10-15 00:00:00,Enrolled,114903
ENR005548,STU024018,SCH050,2024-03-20 00:00:00,Enrolled,203466
ENR005549,STU001983,SCH038,2023-09-13 00:00:00,Enrolled,79634
ENR005550,STU023710,SCH033,2022-05-03 00:00:00,Enrolled,232108
ENR005551,STU016124,SCH087,2026-03-05 00:00:00,Enrolled,165421
ENR005552,STU010924,SCH011,2026-07-20 00:00:00,Enrolled,167498
ENR005553,STU017222,SCH041,2024-03-11 00:00:00,Enrolled,209997
ENR005554,STU005608,SCH086,2026-05-16 00:00:00,Enrolled,177120
ENR005555,STU005781,SCH061,2024-10-08 00:00:00,Enrolled,152345
ENR005556,STU020032,SCH041,2022-10-19 00:00:00,Enrolled,77598
ENR005557,STU014199,SCH096,2022-10-06 00:00:00,Enrolled,150459
ENR005558,STU015252,SCH098,2022-07-14 00:00:00,Enrolled,204364
ENR005559,STU019877,SCH074,2022-04-28 00:00:00,Enrolled,220938
ENR005560,STU007303,SCH099,2026-01-21 00:00:00,Withdrawn,141124
ENR005561,STU021428,SCH046,2025-09-21 00:00:00,Enrolled,127020
ENR005562,STU006174,SCH049,2021-06-05 00:00:00,Enrolled,242965
ENR005563,STU010689,SCH057,2022-05-24 00:00:00,Enrolled,126741
ENR005564,STU007224,SCH088,2024-12-05 00:00:00,Enrolled,203774
ENR005565,STU009132,SCH057,2026-06-21 00:00:00,Enrolled,247100
ENR005566,STU017917,SCH025,2025-02-03 00:00:00,Enrolled,117304
ENR005567,STU006379,SCH094,2026-07-03 00:00:00,Enrolled,191257
ENR005568,STU001902,SCH049,2025-09-04 00:00:00,Enrolled,188027
ENR005569,STU008781,SCH004,2024-01-07 00:00:00,Enrolled,151280
ENR005570,STU006993,SCH095,2021-02-21 00:00:00,Enrolled,119811
ENR005571,STU015765,SCH018,2022-02-16 00:00:00,Withdrawn,174035
ENR005572,STU020483,SCH046,2026-08-30 00:00:00,Enrolled,203640
ENR005573,STU002286,SCH071,2021-04-28 00:00:00,Withdrawn,76365
ENR005574,STU003445,SCH100,2026-06-09 00:00:00,Enrolled,139712
ENR005575,STU022340,SCH094,2025-11-01 00:00:00,Enrolled,132305
ENR005576,STU012499,SCH059,2024-02-26 00:00:00,Enrolled,50574
ENR005577,STU016635,SCH033,2026-02-20 00:00:00,Enrolled,115190
ENR005578,STU010125,SCH040,2025-11-29 00:00:00,Enrolled,102141
ENR005579,STU006543,SCH082,2022-12-05 00:00:00,Enrolled,227070
ENR005580,STU015191,SCH090,2024-05-11 00:00:00,Enrolled,87571
ENR005581,STU013394,SCH030,2024-03-30 00:00:00,Enrolled,115779
ENR005582,STU005948,SCH066,2021-09-02 00:00:00,Enrolled,231527
ENR005583,STU004039,SCH063,2021-06-17 00:00:00,Enrolled,194867
ENR005584,STU005007,SCH063,2026-04-22 00:00:00,Enrolled,191773
ENR005585,STU013413,SCH073,2025-07-10 00:00:00,Enrolled,164280
ENR005586,STU001417,SCH078,2021-10-27 00:00:00,Enrolled,85504
ENR005587,STU010047,SCH042,2023-03-23 00:00:00,Enrolled,84451
ENR005588,STU014997,SCH082,2021-03-18 00:00:00,Enrolled,165626
ENR005589,STU019235,SCH060,2023-10-11 00:00:00,Enrolled,58886
ENR005590,STU012899,SCH055,2022-01-29 00:00:00,Enrolled,225887
ENR005591,STU009542,SCH006,2026-09-27 00:00:00,Enrolled,176719
ENR005592,STU010234,SCH020,2021-03-17 00:00:00,Enrolled,135271
ENR005593,STU013773,SCH028,2023-11-10 00:00:00,Enrolled,132546
ENR005594,STU021655,SCH048,2025-08-12 00:00:00,Enrolled,183149
ENR005595,STU014290,SCH087,2023-02-07 00:00:00,Enrolled,139159
ENR005596,STU022310,SCH029,2025-04-16 00:00:00,Enrolled,104723
ENR005597,STU007123,SCH012,2022-03-14 00:00:00,Enrolled,136607
ENR005598,STU021857,SCH059,2023-06-07 00:00:00,Enrolled,59982
ENR005599,STU014109,SCH062,2025-04-16 00:00:00,Enrolled,244580
ENR005600,STU016073,SCH089,2023-09-07 00:00:00,Enrolled,197846
ENR005601,STU016434,SCH054,2023-12-02 00:00:00,Enrolled,155277
ENR005602,STU022597,SCH053,2025-06-14 00:00:00,Enrolled,47405
ENR005603,STU001831,SCH059,2022-10-18 00:00:00,Enrolled,165143
ENR005604,STU016424,SCH027,2026-06-06 00:00:00,Enrolled,173071
ENR005605,STU024333,SCH041,2023-12-28 00:00:00,Enrolled,205481
ENR005606,STU017831,SCH034,2022-04-04 00:00:00,Enrolled,65229
ENR005607,STU006241,SCH089,2024-12-26 00:00:00,Enrolled,60958
ENR005608,STU008767,SCH071,2024-03-27 00:00:00,Enrolled,57526
ENR005609,STU006122,SCH091,2024-07-27 00:00:00,Enrolled,80094
ENR005610,STU011363,SCH047,2025-09-08 00:00:00,Enrolled,97402
ENR005611,STU003234,SCH023,2024-03-08 00:00:00,Enrolled,58049
ENR005612,STU019976,SCH001,2022-12-16 00:00:00,Withdrawn,199988
ENR005613,STU023345,SCH063,2024-11-29 00:00:00,Enrolled,110585
ENR005614,STU008135,SCH020,2024-05-22 00:00:00,Enrolled,114918
ENR005615,STU016979,SCH064,2023-01-12 00:00:00,Enrolled,147712
ENR005616,STU001065,SCH056,2026-09-07 00:00:00,Enrolled,198015
ENR005617,STU014475,SCH047,2023-04-30 00:00:00,Enrolled,169923
ENR005618,STU005040,SCH026,2022-01-15 00:00:00,Enrolled,80506
ENR005619,STU020355,SCH054,2022-10-22 00:00:00,Enrolled,63411
ENR005620,STU024833,SCH089,2025-01-13 00:00:00,Enrolled,118530
ENR005621,STU013762,SCH077,2025-02-07 00:00:00,Enrolled,160160
ENR005622,STU002600,SCH001,2026-05-15 00:00:00,Enrolled,215166
ENR005623,STU006523,SCH027,2025-07-18 00:00:00,Enrolled,225119
ENR005624,STU020137,SCH082,2024-07-10 00:00:00,Enrolled,102375
ENR005625,STU009521,SCH031,2021-12-21 00:00:00,Enrolled,50675
ENR005626,STU009629,SCH095,2022-04-02 00:00:00,Enrolled,106451
ENR005627,STU007399,SCH040,2025-12-15 00:00:00,Enrolled,196504
ENR005628,STU006337,SCH053,2026-01-14 00:00:00,Enrolled,137031
ENR005629,STU000916,SCH064,2025-01-28 00:00:00,Enrolled,77639
ENR005630,STU020540,SCH050,2023-02-01 00:00:00,Enrolled,228543
ENR005631,STU003355,SCH092,2026-09-26 00:00:00,Enrolled,223148
ENR005632,STU024879,SCH023,2025-04-25 00:00:00,Enrolled,194739
ENR005633,STU022561,SCH013,2025-04-24 00:00:00,Enrolled,172131
ENR005634,STU002945,SCH030,2021-12-25 00:00:00,Enrolled,193062
ENR005635,STU003553,SCH048,2021-09-15 00:00:00,Enrolled,206329
ENR005636,STU012613,SCH038,2021-08-22 00:00:00,Enrolled,175584
ENR005637,STU020180,SCH041,2022-04-03 00:00:00,Enrolled,162445
ENR005638,STU015362,SCH040,2025-03-26 00:00:00,Enrolled,185079
ENR005639,STU011953,SCH052,2022-06-18 00:00:00,Enrolled,218447
ENR005640,STU019193,SCH088,2025-01-13 00:00:00,Enrolled,184614
ENR005641,STU019091,SCH093,2022-04-18 00:00:00,Enrolled,112789
ENR005642,STU004510,SCH095,2023-01-10 00:00:00,Withdrawn,182340
ENR005643,STU017210,SCH018,2025-10-12 00:00:00,Enrolled,231044
ENR005644,STU024690,SCH036,2024-06-26 00:00:00,Enrolled,202486
ENR005645,STU019177,SCH021,2022-10-18 00:00:00,Enrolled,47230
ENR005646,STU005148,SCH042,2024-02-09 00:00:00,Enrolled,50810
ENR005647,STU013677,SCH084,2025-12-25 00:00:00,Enrolled,116051
ENR005648,STU002051,SCH060,2024-01-06 00:00:00,Enrolled,186540
ENR005649,STU018945,SCH085,2025-06-29 00:00:00,Enrolled,212998
ENR005650,STU022882,SCH011,2024-06-23 00:00:00,Enrolled,198074
ENR005651,STU022395,SCH013,2026-01-30 00:00:00,Enrolled,134053
ENR005652,STU010452,SCH035,2023-05-06 00:00:00,Enrolled,180514
ENR005653,STU017510,SCH060,2022-07-25 00:00:00,Enrolled,122244
ENR005654,STU004162,SCH002,2022-04-24 00:00:00,Enrolled,189266
ENR005655,STU019038,SCH075,2022-02-03 00:00:00,Enrolled,160073
ENR005656,STU022844,SCH064,2022-08-15 00:00:00,Enrolled,169687
ENR005657,STU012469,SCH061,2023-03-06 00:00:00,Withdrawn,122206
ENR005658,STU004347,SCH016,2023-02-11 00:00:00,Enrolled,152173
ENR005659,STU003085,SCH097,2023-03-03 00:00:00,Enrolled,131998
ENR005660,STU023862,SCH015,2024-05-28 00:00:00,Withdrawn,190523
ENR005661,STU008577,SCH093,2026-04-15 00:00:00,Enrolled,78692
ENR005662,STU004987,SCH059,2023-05-23 00:00:00,Enrolled,174457
ENR005663,STU003287,SCH051,2025-11-04 00:00:00,Enrolled,167503
ENR005664,STU012271,SCH042,2024-06-11 00:00:00,Enrolled,156936
ENR005665,STU006483,SCH092,2025-11-21 00:00:00,Enrolled,83581
ENR005666,STU007806,SCH037,2022-11-14 00:00:00,Enrolled,208890
ENR005667,STU008663,SCH031,2026-04-14 00:00:00,Enrolled,134774
ENR005668,STU004360,SCH002,2024-07-06 00:00:00,Enrolled,105204
ENR005669,STU009081,SCH004,2026-06-17 00:00:00,Enrolled,245536
ENR005670,STU004498,SCH055,2022-08-20 00:00:00,Withdrawn,90842
ENR005671,STU022074,SCH046,2025-05-20 00:00:00,Enrolled,92068
ENR005672,STU005789,SCH007,2026-06-02 00:00:00,Enrolled,215441
ENR005673,STU019312,SCH074,2024-12-24 00:00:00,Enrolled,76448
ENR005674,STU000925,SCH012,2026-08-19 00:00:00,Enrolled,230354
ENR005675,STU008700,SCH009,2026-02-06 00:00:00,Enrolled,220849
ENR005676,STU014269,SCH086,2025-05-21 00:00:00,Enrolled,48493
ENR005677,STU014767,SCH006,2024-03-18 00:00:00,Enrolled,151243
ENR005678,STU024498,SCH039,2024-11-26 00:00:00,Enrolled,242197
ENR005679,STU023759,SCH006,2024-03-28 00:00:00,Enrolled,192679
ENR005680,STU020763,SCH063,2026-04-24 00:00:00,Enrolled,201897
ENR005681,STU019284,SCH044,2026-05-12 00:00:00,Enrolled,67629
ENR005682,STU022607,SCH034,2022-05-16 00:00:00,Enrolled,57248
ENR005683,STU000854,SCH060,2023-01-05 00:00:00,Enrolled,65748
ENR005684,STU001256,SCH013,2025-03-15 00:00:00,Enrolled,147534
ENR005685,STU005852,SCH074,2024-11-19 00:00:00,Enrolled,56000
ENR005686,STU006832,SCH053,2021-05-02 00:00:00,Enrolled,95422
ENR005687,STU023654,SCH010,2024-07-27 00:00:00,Enrolled,124061
ENR005688,STU020606,SCH060,2022-03-13 00:00:00,Enrolled,169972
ENR005689,STU000999,SCH060,2024-11-21 00:00:00,Enrolled,141177
ENR005690,STU024642,SCH080,2021-03-12 00:00:00,Enrolled,228701
ENR005691,STU017948,SCH009,2024-01-24 00:00:00,Enrolled,218819
ENR005692,STU008939,SCH078,2021-05-19 00:00:00,Enrolled,245333
ENR005693,STU000277,SCH018,2024-02-17 00:00:00,Enrolled,164888
ENR005694,STU003469,SCH095,2022-07-27 00:00:00,Enrolled,108529
ENR005695,STU002574,SCH001,2022-07-22 00:00:00,Enrolled,208618
ENR005696,STU003644,SCH054,2024-07-19 00:00:00,Enrolled,151338
ENR005697,STU016261,SCH004,2023-06-02 00:00:00,Enrolled,189546
ENR005698,STU024176,SCH065,2021-05-28 00:00:00,Enrolled,163657
ENR005699,STU016806,SCH053,2025-03-19 00:00:00,Enrolled,246986
ENR005700,STU005961,SCH019,2021-09-04 00:00:00,Enrolled,80775
ENR005701,STU015325,SCH054,2026-05-18 00:00:00,Enrolled,89276
ENR005702,STU003181,SCH028,2023-11-17 00:00:00,Enrolled,231644
ENR005703,STU011729,SCH018,2022-08-07 00:00:00,Enrolled,135918
ENR005704,STU002384,SCH056,2025-11-27 00:00:00,Enrolled,129993
ENR005705,STU013261,SCH006,2023-11-11 00:00:00,Enrolled,108626
ENR005706,STU000925,SCH083,2023-07-16 00:00:00,Enrolled,163361
ENR005707,STU003770,SCH063,2023-11-22 00:00:00,Enrolled,130045
ENR005708,STU021179,SCH015,2023-03-21 00:00:00,Enrolled,118759
ENR005709,STU010302,SCH030,2024-07-30 00:00:00,Enrolled,171888
ENR005710,STU022790,SCH051,2022-01-26 00:00:00,Enrolled,155878
ENR005711,STU016489,SCH056,2026-06-30 00:00:00,Enrolled,243964
ENR005712,STU005495,SCH048,2026-04-20 00:00:00,Enrolled,194624
ENR005713,STU018530,SCH004,2026-06-27 00:00:00,Enrolled,96805
ENR005714,STU011982,SCH032,2023-09-11 00:00:00,Enrolled,174616
ENR005715,STU014161,SCH060,2023-01-13 00:00:00,Enrolled,170736
ENR005716,STU003956,SCH004,2021-11-28 00:00:00,Enrolled,205760
ENR005717,STU003846,SCH031,2022-04-23 00:00:00,Enrolled,66770
ENR005718,STU018427,SCH039,2022-08-07 00:00:00,Enrolled,165597
ENR005719,STU013630,SCH060,2021-09-10 00:00:00,Enrolled,130139
ENR005720,STU004119,SCH052,2023-03-25 00:00:00,Enrolled,62541
ENR005721,STU002852,SCH027,2022-11-08 00:00:00,Enrolled,126393
ENR005722,STU000690,SCH051,2022-02-20 00:00:00,Enrolled,131720
ENR005723,STU017776,SCH056,2025-02-28 00:00:00,Enrolled,145026
ENR005724,STU001491,SCH082,2026-01-07 00:00:00,Withdrawn,104607
ENR005725,STU001160,SCH083,2026-10-07 00:00:00,Withdrawn,200508
ENR005726,STU024897,SCH031,2021-02-24 00:00:00,Enrolled,165068
ENR005727,STU014368,SCH061,2025-12-08 00:00:00,Enrolled,163743
ENR005728,STU020616,SCH016,2022-10-07 00:00:00,Enrolled,93566
ENR005729,STU010334,SCH079,2022-06-01 00:00:00,Withdrawn,130125
ENR005730,STU001284,SCH070,2025-02-12 00:00:00,Enrolled,188867
ENR005731,STU006935,SCH010,2025-06-13 00:00:00,Enrolled,221291
ENR005732,STU024646,SCH089,2024-03-11 00:00:00,Enrolled,141254
ENR005733,STU002796,SCH007,2023-07-11 00:00:00,Enrolled,234028
ENR005734,STU024083,SCH009,2022-04-21 00:00:00,Enrolled,184914
ENR005735,STU002115,SCH074,2026-03-28 00:00:00,Withdrawn,76917
ENR005736,STU011142,SCH035,2021-06-14 00:00:00,Enrolled,136931
ENR005737,STU022277,SCH030,2022-06-21 00:00:00,Enrolled,119087
ENR005738,STU007061,SCH008,2024-10-06 00:00:00,Enrolled,154209
ENR005739,STU016478,SCH011,2026-03-08 00:00:00,Enrolled,130430
ENR005740,STU003871,SCH066,2022-11-26 00:00:00,Enrolled,209815
ENR005741,STU017729,SCH042,2024-08-10 00:00:00,Withdrawn,97421
ENR005742,STU018114,SCH035,2021-05-17 00:00:00,Enrolled,148419
ENR005743,STU015271,SCH068,2022-05-27 00:00:00,Enrolled,158552
ENR005744,STU016782,SCH007,2025-05-28 00:00:00,Enrolled,183470
ENR005745,STU009732,SCH050,2026-03-24 00:00:00,Enrolled,98434
ENR005746,STU017400,SCH052,2026-06-05 00:00:00,Enrolled,53479
ENR005747,STU011039,SCH075,2023-01-21 00:00:00,Enrolled,216985
ENR005748,STU002797,SCH001,2023-11-07 00:00:00,Enrolled,97761
ENR005749,STU007993,SCH021,2025-01-13 00:00:00,Enrolled,176392
ENR005750,STU004050,SCH084,2022-12-31 00:00:00,Enrolled,202201
ENR005751,STU002240,SCH073,2022-03-16 00:00:00,Enrolled,83036
ENR005752,STU009055,SCH048,2022-05-09 00:00:00,Enrolled,111108
ENR005753,STU010946,SCH059,2025-02-22 00:00:00,Enrolled,61735
ENR005754,STU017751,SCH054,2025-06-06 00:00:00,Enrolled,95781
ENR005755,STU017958,SCH089,2026-09-17 00:00:00,Enrolled,169770
ENR005756,STU006661,SCH099,2023-03-28 00:00:00,Enrolled,159084
ENR005757,STU012013,SCH082,2021-05-05 00:00:00,Enrolled,246121
ENR005758,STU016516,SCH067,2021-10-16 00:00:00,Enrolled,174471
ENR005759,STU013943,SCH034,2025-11-24 00:00:00,Enrolled,94438
ENR005760,STU002530,SCH010,2026-09-26 00:00:00,Enrolled,63296
ENR005761,STU017496,SCH029,2022-10-04 00:00:00,Enrolled,235457
ENR005762,STU005654,SCH060,2023-07-08 00:00:00,Enrolled,110592
ENR005763,STU015484,SCH063,2025-09-06 00:00:00,Enrolled,62209
ENR005764,STU009387,SCH012,2025-05-22 00:00:00,Withdrawn,102888
ENR005765,STU015731,SCH019,2024-05-05 00:00:00,Enrolled,46449
ENR005766,STU014616,SCH014,2023-08-04 00:00:00,Enrolled,98686
ENR005767,STU002338,SCH032,2023-03-19 00:00:00,Enrolled,194728
ENR005768,STU024230,SCH021,2023-06-12 00:00:00,Enrolled,114842
ENR005769,STU002316,SCH072,2024-02-03 00:00:00,Enrolled,136517
ENR005770,STU002791,SCH043,2023-12-28 00:00:00,Withdrawn,204528
ENR005771,STU019236,SCH092,2024-09-30 00:00:00,Withdrawn,155941
ENR005772,STU022491,SCH008,2026-01-15 00:00:00,Enrolled,218016
ENR005773,STU006830,SCH078,2022-09-13 00:00:00,Enrolled,183381
ENR005774,STU008539,SCH006,2023-04-20 00:00:00,Enrolled,46206
ENR005775,STU001272,SCH095,2022-02-09 00:00:00,Withdrawn,207824
ENR005776,STU001981,SCH081,2021-03-24 00:00:00,Enrolled,127827
ENR005777,STU014783,SCH095,2024-03-28 00:00:00,Enrolled,101169
ENR005778,STU023366,SCH024,2023-02-10 00:00:00,Enrolled,51027
ENR005779,STU011856,SCH007,2023-05-18 00:00:00,Enrolled,193550
ENR005780,STU016801,SCH016,2023-05-18 00:00:00,Enrolled,204836
ENR005781,STU012774,SCH052,2026-10-22 00:00:00,Enrolled,223292
ENR005782,STU012439,SCH094,2022-03-30 00:00:00,Enrolled,128066
ENR005783,STU015101,SCH022,2026-02-22 00:00:00,Enrolled,149000
ENR005784,STU007001,SCH094,2024-01-07 00:00:00,Enrolled,103806
ENR005785,STU014703,SCH091,2025-11-27 00:00:00,Enrolled,102139
ENR005786,STU011490,SCH074,2021-11-12 00:00:00,Enrolled,176796
ENR005787,STU006536,SCH015,2021-07-03 00:00:00,Enrolled,168140
ENR005788,STU003563,SCH052,2025-04-17 00:00:00,Enrolled,218118
ENR005789,STU009197,SCH026,2023-11-25 00:00:00,Enrolled,229240
ENR005790,STU016518,SCH001,2025-02-11 00:00:00,Withdrawn,86853
ENR005791,STU006059,SCH003,2023-03-28 00:00:00,Enrolled,151934
ENR005792,STU012310,SCH087,2025-12-07 00:00:00,Enrolled,204473
ENR005793,STU012879,SCH045,2021-03-13 00:00:00,Enrolled,94931
ENR005794,STU000813,SCH049,2024-03-22 00:00:00,Enrolled,188120
ENR005795,STU016502,SCH080,2022-04-23 00:00:00,Enrolled,54398
ENR005796,STU002240,SCH091,2024-09-05 00:00:00,Withdrawn,176555
ENR005797,STU012806,SCH087,2024-06-28 00:00:00,Enrolled,223510
ENR005798,STU006299,SCH066,2021-10-26 00:00:00,Enrolled,236028
ENR005799,STU012645,SCH050,2023-04-21 00:00:00,Enrolled,239593
ENR005800,STU004417,SCH015,2021-09-11 00:00:00,Enrolled,177482
ENR005801,STU008327,SCH076,2026-06-03 00:00:00,Enrolled,197497
ENR005802,STU003388,SCH075,2025-04-02 00:00:00,Enrolled,60101
ENR005803,STU012634,SCH090,2025-04-29 00:00:00,Enrolled,76542
ENR005804,STU000612,SCH021,2024-12-18 00:00:00,Enrolled,181855
ENR005805,STU024080,SCH027,2024-07-17 00:00:00,Enrolled,129014
ENR005806,STU023249,SCH007,2025-12-03 00:00:00,Enrolled,228644
ENR005807,STU005397,SCH031,2022-12-08 00:00:00,Enrolled,87161
ENR005808,STU005749,SCH004,2025-11-02 00:00:00,Enrolled,168101
ENR005809,STU012944,SCH027,2023-07-17 00:00:00,Enrolled,233989
ENR005810,STU023396,SCH072,2021-04-03 00:00:00,Enrolled,147980
ENR005811,STU016564,SCH046,2023-07-31 00:00:00,Enrolled,249380
ENR005812,STU013717,SCH050,2022-01-31 00:00:00,Withdrawn,185463
ENR005813,STU010059,SCH051,2022-03-10 00:00:00,Enrolled,218425
ENR005814,STU024113,SCH098,2021-08-21 00:00:00,Enrolled,200779
ENR005815,STU020440,SCH010,2023-08-27 00:00:00,Enrolled,180514
ENR005816,STU003770,SCH040,2023-04-20 00:00:00,Enrolled,155130
ENR005817,STU015602,SCH077,2022-08-27 00:00:00,Enrolled,166907
ENR005818,STU009953,SCH047,2026-01-11 00:00:00,Enrolled,229580
ENR005819,STU007973,SCH026,2023-07-16 00:00:00,Enrolled,56507
ENR005820,STU001212,SCH086,2025-08-17 00:00:00,Enrolled,204285
ENR005821,STU006105,SCH024,2025-11-10 00:00:00,Enrolled,181509
ENR005822,STU023024,SCH062,2021-12-17 00:00:00,Withdrawn,181269
ENR005823,STU000988,SCH083,2023-01-27 00:00:00,Enrolled,110894
ENR005824,STU009697,SCH027,2026-07-29 00:00:00,Enrolled,47283
ENR005825,STU012346,SCH090,2021-05-18 00:00:00,Withdrawn,188786
ENR005826,STU010038,SCH094,2022-04-03 00:00:00,Enrolled,72862
ENR005827,STU001788,SCH058,2026-05-29 00:00:00,Enrolled,99175
ENR005828,STU017094,SCH090,2023-01-15 00:00:00,Enrolled,220805
ENR005829,STU004797,SCH070,2022-07-07 00:00:00,Enrolled,49879
ENR005830,STU006079,SCH056,2021-04-19 00:00:00,Enrolled,175821
ENR005831,STU000267,SCH049,2025-09-08 00:00:00,Enrolled,232204
ENR005832,STU010457,SCH066,2023-10-22 00:00:00,Enrolled,203899
ENR005833,STU020936,SCH084,2022-09-03 00:00:00,Enrolled,49476
ENR005834,STU009398,SCH050,2026-08-08 00:00:00,Enrolled,81566
ENR005835,STU024383,SCH062,2024-06-30 00:00:00,Enrolled,45632
ENR005836,STU021916,SCH054,2021-03-23 00:00:00,Enrolled,48597
ENR005837,STU000789,SCH009,2024-09-23 00:00:00,Enrolled,55053
ENR005838,STU021572,SCH034,2024-11-09 00:00:00,Enrolled,129563
ENR005839,STU016919,SCH092,2025-03-27 00:00:00,Enrolled,105761
ENR005840,STU018229,SCH040,2023-05-21 00:00:00,Enrolled,118304
ENR005841,STU014326,SCH026,2021-11-14 00:00:00,Enrolled,238165
ENR005842,STU014622,SCH001,2024-08-11 00:00:00,Enrolled,247176
ENR005843,STU010742,SCH039,2024-08-29 00:00:00,Enrolled,227746
ENR005844,STU012710,SCH058,2021-08-06 00:00:00,Enrolled,158901
ENR005845,STU003888,SCH051,2022-11-17 00:00:00,Enrolled,94131
ENR005846,STU024492,SCH066,2021-09-11 00:00:00,Enrolled,157259
ENR005847,STU013202,SCH082,2022-04-29 00:00:00,Enrolled,84177
ENR005848,STU016897,SCH083,2022-10-05 00:00:00,Enrolled,193131
ENR005849,STU015538,SCH085,2024-11-14 00:00:00,Enrolled,73526
ENR005850,STU019911,SCH059,2023-11-18 00:00:00,Enrolled,78697
ENR005851,STU000891,SCH054,2025-12-14 00:00:00,Withdrawn,85696
ENR005852,STU006665,SCH098,2026-01-07 00:00:00,Enrolled,166389
ENR005853,STU016696,SCH061,2021-08-27 00:00:00,Enrolled,155758
ENR005854,STU018631,SCH050,2023-04-10 00:00:00,Enrolled,72094
ENR005855,STU000583,SCH048,2025-01-25 00:00:00,Enrolled,125408
ENR005856,STU016251,SCH092,2024-05-29 00:00:00,Enrolled,238273
ENR005857,STU022237,SCH018,2021-06-12 00:00:00,Enrolled,65367
ENR005858,STU012034,SCH043,2023-03-21 00:00:00,Enrolled,45814
ENR005859,STU012107,SCH019,2025-12-17 00:00:00,Enrolled,170955
ENR005860,STU017600,SCH096,2024-04-04 00:00:00,Withdrawn,80563
ENR005861,STU022683,SCH045,2025-11-16 00:00:00,Enrolled,87905
ENR005862,STU007495,SCH086,2026-07-08 00:00:00,Enrolled,149749
ENR005863,STU002528,SCH046,2026-09-16 00:00:00,Enrolled,190480
ENR005864,STU014109,SCH031,2024-04-21 00:00:00,Enrolled,219773
ENR005865,STU003030,SCH012,2025-07-22 00:00:00,Enrolled,54128
ENR005866,STU024557,SCH022,2026-02-11 00:00:00,Enrolled,248629
ENR005867,STU000641,SCH069,2023-06-10 00:00:00,Enrolled,175897
ENR005868,STU008514,SCH045,2023-09-05 00:00:00,Enrolled,226485
ENR005869,STU022549,SCH051,2021-04-21 00:00:00,Enrolled,112848
ENR005870,STU015253,SCH054,2022-05-03 00:00:00,Enrolled,110300
ENR005871,STU005911,SCH054,2023-07-18 00:00:00,Enrolled,128891
ENR005872,STU005878,SCH065,2021-12-11 00:00:00,Enrolled,173006
ENR005873,STU023889,SCH078,2022-10-11 00:00:00,Enrolled,174969
ENR005874,STU012429,SCH040,2021-10-20 00:00:00,Enrolled,144252
ENR005875,STU008966,SCH072,2025-09-18 00:00:00,Enrolled,211236
ENR005876,STU018220,SCH015,2025-10-23 00:00:00,Enrolled,175377
ENR005877,STU024954,SCH004,2025-12-26 00:00:00,Enrolled,239868
ENR005878,STU017796,SCH039,2021-09-25 00:00:00,Enrolled,61345
ENR005879,STU012811,SCH062,2023-08-09 00:00:00,Enrolled,245993
ENR005880,STU000199,SCH045,2024-09-30 00:00:00,Enrolled,166192
ENR005881,STU018876,SCH030,2025-10-19 00:00:00,Enrolled,199587
ENR005882,STU024220,SCH039,2025-05-18 00:00:00,Enrolled,79889
ENR005883,STU020637,SCH086,2023-11-06 00:00:00,Enrolled,183677
ENR005884,STU016718,SCH053,2026-05-27 00:00:00,Enrolled,212584
ENR005885,STU007541,SCH008,2023-04-25 00:00:00,Enrolled,69767
ENR005886,STU019179,SCH028,2026-02-26 00:00:00,Enrolled,72195
ENR005887,STU024202,SCH050,2021-09-23 00:00:00,Enrolled,116192
ENR005888,STU023231,SCH065,2022-07-30 00:00:00,Enrolled,129289
ENR005889,STU000129,SCH046,2022-08-25 00:00:00,Enrolled,228088
ENR005890,STU012340,SCH093,2023-03-26 00:00:00,Enrolled,55354
ENR005891,STU021577,SCH083,2026-03-26 00:00:00,Enrolled,212887
ENR005892,STU009188,SCH035,2025-08-06 00:00:00,Enrolled,227134
ENR005893,STU017615,SCH083,2026-07-19 00:00:00,Enrolled,237041
ENR005894,STU013963,SCH067,2023-10-07 00:00:00,Enrolled,193808
ENR005895,STU013142,SCH071,2023-08-25 00:00:00,Enrolled,185302
ENR005896,STU023284,SCH022,2023-01-03 00:00:00,Enrolled,137912
ENR005897,STU015758,SCH076,2024-01-03 00:00:00,Enrolled,137450
ENR005898,STU006043,SCH039,2024-09-30 00:00:00,Enrolled,238105
ENR005899,STU023066,SCH069,2022-11-09 00:00:00,Enrolled,104784
ENR005900,STU010042,SCH006,2022-10-04 00:00:00,Enrolled,46712
ENR005901,STU016699,SCH066,2023-01-14 00:00:00,Withdrawn,126348
ENR005902,STU013189,SCH028,2026-09-03 00:00:00,Enrolled,197269
ENR005903,STU021989,SCH028,2021-06-09 00:00:00,Withdrawn,87225
ENR005904,STU015110,SCH088,2022-07-01 00:00:00,Enrolled,60233
ENR005905,STU008857,SCH064,2023-08-27 00:00:00,Enrolled,81578
ENR005906,STU004222,SCH049,2026-06-08 00:00:00,Enrolled,169977
ENR005907,STU004937,SCH077,2021-06-20 00:00:00,Enrolled,146133
ENR005908,STU013384,SCH096,2023-07-27 00:00:00,Enrolled,81445
ENR005909,STU008243,SCH027,2021-04-05 00:00:00,Enrolled,229715
ENR005910,STU017966,SCH056,2024-07-19 00:00:00,Enrolled,242445
ENR005911,STU009002,SCH027,2023-01-05 00:00:00,Enrolled,176761
ENR005912,STU006893,SCH021,2023-12-06 00:00:00,Enrolled,234993
ENR005913,STU009734,SCH008,2024-11-05 00:00:00,Enrolled,53490
ENR005914,STU002166,SCH007,2021-11-23 00:00:00,Enrolled,218268
ENR005915,STU018756,SCH008,2024-05-20 00:00:00,Enrolled,219418
ENR005916,STU011237,SCH086,2021-09-27 00:00:00,Enrolled,206131
ENR005917,STU002220,SCH047,2024-03-03 00:00:00,Enrolled,60657
ENR005918,STU015958,SCH038,2025-03-17 00:00:00,Enrolled,236891
ENR005919,STU021922,SCH082,2024-09-20 00:00:00,Enrolled,79622
ENR005920,STU013328,SCH090,2024-03-23 00:00:00,Enrolled,234601
ENR005921,STU022761,SCH075,2024-01-11 00:00:00,Enrolled,70128
ENR005922,STU005005,SCH070,2021-09-11 00:00:00,Enrolled,120041
ENR005923,STU023448,SCH038,2023-11-22 00:00:00,Enrolled,100990
ENR005924,STU004765,SCH098,2023-05-21 00:00:00,Enrolled,145399
ENR005925,STU023465,SCH073,2025-08-20 00:00:00,Enrolled,248851
ENR005926,STU020682,SCH097,2022-12-14 00:00:00,Enrolled,140372
ENR005927,STU024500,SCH050,2022-06-10 00:00:00,Enrolled,214818
ENR005928,STU024586,SCH004,2026-08-28 00:00:00,Enrolled,249781
ENR005929,STU000689,SCH038,2022-10-17 00:00:00,Enrolled,71879
ENR005930,STU009806,SCH034,2021-03-26 00:00:00,Enrolled,152272
ENR005931,STU012779,SCH035,2022-04-03 00:00:00,Enrolled,131987
ENR005932,STU002431,SCH070,2026-03-31 00:00:00,Enrolled,80869
ENR005933,STU000960,SCH012,2025-12-28 00:00:00,Enrolled,209094
ENR005934,STU015421,SCH034,2024-12-08 00:00:00,Enrolled,186777
ENR005935,STU013827,SCH095,2023-04-30 00:00:00,Enrolled,94472
ENR005936,STU014218,SCH035,2026-06-23 00:00:00,Enrolled,112385
ENR005937,STU002144,SCH032,2025-07-18 00:00:00,Enrolled,56786
ENR005938,STU007626,SCH026,2023-07-22 00:00:00,Enrolled,47168
ENR005939,STU018745,SCH026,2023-04-11 00:00:00,Enrolled,240663
ENR005940,STU012919,SCH016,2024-05-06 00:00:00,Enrolled,140254
ENR005941,STU023526,SCH074,2026-04-06 00:00:00,Enrolled,56440
ENR005942,STU003777,SCH035,2021-04-28 00:00:00,Enrolled,187880
ENR005943,STU015276,SCH012,2022-03-01 00:00:00,Enrolled,191880
ENR005944,STU021929,SCH089,2025-05-17 00:00:00,Enrolled,241751
ENR005945,STU009692,SCH040,2023-01-19 00:00:00,Enrolled,51579
ENR005946,STU018795,SCH029,2024-07-12 00:00:00,Enrolled,226539
ENR005947,STU013271,SCH030,2023-12-06 00:00:00,Enrolled,101946
ENR005948,STU010127,SCH093,2025-05-17 00:00:00,Enrolled,169356
ENR005949,STU011461,SCH100,2025-12-16 00:00:00,Enrolled,96670
ENR005950,STU022423,SCH052,2023-04-13 00:00:00,Enrolled,194187
ENR005951,STU011744,SCH077,2022-08-19 00:00:00,Enrolled,192870
ENR005952,STU023367,SCH079,2021-07-01 00:00:00,Enrolled,210469
ENR005953,STU016274,SCH036,2026-03-04 00:00:00,Enrolled,222692
ENR005954,STU013736,SCH084,2022-08-10 00:00:00,Enrolled,150701
ENR005955,STU003256,SCH005,2023-01-23 00:00:00,Withdrawn,128142
ENR005956,STU010235,SCH002,2025-04-17 00:00:00,Enrolled,162205
ENR005957,STU023186,SCH006,2021-08-18 00:00:00,Enrolled,220333
ENR005958,STU012990,SCH064,2021-07-05 00:00:00,Enrolled,63982
ENR005959,STU000451,SCH034,2024-11-09 00:00:00,Enrolled,103889
ENR005960,STU021253,SCH089,2021-06-02 00:00:00,Enrolled,71473
ENR005961,STU006856,SCH055,2022-04-25 00:00:00,Enrolled,133135
ENR005962,STU018325,SCH002,2026-01-07 00:00:00,Enrolled,45531
ENR005963,STU018099,SCH035,2025-03-06 00:00:00,Enrolled,178331
ENR005964,STU001157,SCH072,2024-05-25 00:00:00,Enrolled,148672
ENR005965,STU021907,SCH093,2026-06-18 00:00:00,Enrolled,163076
ENR005966,STU006534,SCH026,2022-09-27 00:00:00,Enrolled,161507
ENR005967,STU001990,SCH067,2021-11-20 00:00:00,Enrolled,118950
ENR005968,STU009882,SCH045,2024-10-12 00:00:00,Withdrawn,77985
ENR005969,STU021990,SCH004,2023-08-17 00:00:00,Enrolled,109290
ENR005970,STU002004,SCH098,2022-02-08 00:00:00,Enrolled,114667
ENR005971,STU006157,SCH003,2026-05-17 00:00:00,Enrolled,111114
ENR005972,STU022042,SCH006,2022-01-02 00:00:00,Enrolled,48202
ENR005973,STU000184,SCH055,2024-10-12 00:00:00,Enrolled,168271
ENR005974,STU018301,SCH026,2024-04-07 00:00:00,Enrolled,139120
ENR005975,STU000014,SCH079,2021-06-24 00:00:00,Enrolled,174153
ENR005976,STU014203,SCH005,2023-11-13 00:00:00,Enrolled,171699
ENR005977,STU021151,SCH002,2025-02-12 00:00:00,Enrolled,172516
ENR005978,STU012504,SCH056,2025-08-21 00:00:00,Enrolled,90476
ENR005979,STU006756,SCH056,2025-10-25 00:00:00,Enrolled,111254
ENR005980,STU015180,SCH003,2025-12-21 00:00:00,Enrolled,55270
ENR005981,STU019086,SCH076,2026-07-29 00:00:00,Enrolled,182808
ENR005982,STU015778,SCH100,2022-08-18 00:00:00,Enrolled,94329
ENR005983,STU010332,SCH008,2022-05-05 00:00:00,Enrolled,159546
ENR005984,STU020900,SCH009,2024-06-28 00:00:00,Enrolled,90962
ENR005985,STU009126,SCH058,2024-06-11 00:00:00,Enrolled,72922
ENR005986,STU006384,SCH046,2025-12-18 00:00:00,Enrolled,135947
ENR005987,STU014654,SCH059,2023-06-18 00:00:00,Enrolled,210261
ENR005988,STU020506,SCH017,2023-11-01 00:00:00,Enrolled,194516
ENR005989,STU006881,SCH079,2023-12-02 00:00:00,Enrolled,113053
ENR005990,STU020288,SCH012,2021-12-09 00:00:00,Enrolled,65438
ENR005991,STU001407,SCH044,2024-09-07 00:00:00,Enrolled,166246
ENR005992,STU005782,SCH051,2023-02-03 00:00:00,Enrolled,237633
ENR005993,STU004890,SCH093,2023-06-19 00:00:00,Enrolled,200616
ENR005994,STU001355,SCH059,2021-08-13 00:00:00,Enrolled,104052
ENR005995,STU010880,SCH068,2021-04-25 00:00:00,Enrolled,209255
ENR005996,STU019723,SCH012,2025-12-04 00:00:00,Enrolled,110926
ENR005997,STU016614,SCH024,2022-09-24 00:00:00,Enrolled,227851
ENR005998,STU003875,SCH098,2023-02-19 00:00:00,Enrolled,197561
ENR005999,STU000311,SCH053,2022-06-15 00:00:00,Enrolled,102065
ENR006000,STU024683,SCH085,2021-05-14 00:00:00,Enrolled,233181
ENR006001,STU017799,SCH089,2023-10-28 00:00:00,Enrolled,117713
ENR006002,STU020234,SCH066,2026-07-15 00:00:00,Enrolled,80728
ENR006003,STU014427,SCH049,2021-09-24 00:00:00,Enrolled,165676
ENR006004,STU016295,SCH008,2023-11-28 00:00:00,Enrolled,85510
ENR006005,STU014588,SCH032,2025-04-11 00:00:00,Enrolled,56846
ENR006006,STU023237,SCH033,2023-01-02 00:00:00,Enrolled,155679
ENR006007,STU006063,SCH020,2025-01-14 00:00:00,Withdrawn,86278
ENR006008,STU022891,SCH013,2021-12-23 00:00:00,Enrolled,90663
ENR006009,STU008466,SCH033,2025-04-04 00:00:00,Enrolled,116050
ENR006010,STU006424,SCH053,2021-09-06 00:00:00,Enrolled,87760
ENR006011,STU008146,SCH098,2024-06-29 00:00:00,Enrolled,196230
ENR006012,STU019001,SCH032,2025-09-27 00:00:00,Withdrawn,192340
ENR006013,STU015251,SCH005,2023-04-07 00:00:00,Enrolled,159050
ENR006014,STU014881,SCH023,2024-11-01 00:00:00,Enrolled,78288
ENR006015,STU014193,SCH062,2021-06-22 00:00:00,Enrolled,72214
ENR006016,STU000693,SCH091,2025-09-21 00:00:00,Enrolled,204997
ENR006017,STU024833,SCH096,2025-06-10 00:00:00,Enrolled,174088
ENR006018,STU008453,SCH051,2026-03-24 00:00:00,Enrolled,157472
ENR006019,STU015868,SCH006,2026-09-11 00:00:00,Enrolled,188847
ENR006020,STU018843,SCH032,2022-08-15 00:00:00,Enrolled,147415
ENR006021,STU009004,SCH041,2024-09-22 00:00:00,Enrolled,134917
ENR006022,STU023218,SCH071,2023-08-30 00:00:00,Enrolled,225791
ENR006023,STU003993,SCH076,2025-03-23 00:00:00,Enrolled,147657
ENR006024,STU015170,SCH007,2022-01-18 00:00:00,Enrolled,153325
ENR006025,STU009293,SCH077,2021-08-09 00:00:00,Enrolled,137776
ENR006026,STU000677,SCH003,2022-06-30 00:00:00,Enrolled,170924
ENR006027,STU017896,SCH071,2023-10-21 00:00:00,Enrolled,157794
ENR006028,STU018999,SCH069,2025-06-28 00:00:00,Enrolled,233416
ENR006029,STU002541,SCH053,2022-01-13 00:00:00,Enrolled,107616
ENR006030,STU016592,SCH085,2023-12-22 00:00:00,Enrolled,49176
ENR006031,STU018492,SCH041,2021-05-09 00:00:00,Enrolled,152103
ENR006032,STU017057,SCH098,2021-08-27 00:00:00,Enrolled,107152
ENR006033,STU005121,SCH051,2026-09-28 00:00:00,Enrolled,191972
ENR006034,STU019094,SCH074,2026-09-15 00:00:00,Enrolled,73562
ENR006035,STU005972,SCH084,2022-10-21 00:00:00,Enrolled,199073
ENR006036,STU008758,SCH026,2025-05-07 00:00:00,Enrolled,172123
ENR006037,STU009924,SCH082,2025-03-10 00:00:00,Enrolled,246380
ENR006038,STU024127,SCH047,2026-07-26 00:00:00,Enrolled,52754
ENR006039,STU016621,SCH035,2023-10-21 00:00:00,Enrolled,244251
ENR006040,STU005567,SCH051,2023-01-18 00:00:00,Enrolled,211106
ENR006041,STU010276,SCH071,2026-05-05 00:00:00,Enrolled,83717
ENR006042,STU018459,SCH049,2026-07-23 00:00:00,Enrolled,217203
ENR006043,STU020174,SCH092,2022-08-09 00:00:00,Enrolled,198029
ENR006044,STU008615,SCH092,2025-06-17 00:00:00,Enrolled,54205
ENR006045,STU001879,SCH015,2024-03-22 00:00:00,Enrolled,52566
ENR006046,STU024018,SCH089,2024-09-22 00:00:00,Enrolled,200112
ENR006047,STU008904,SCH011,2025-05-07 00:00:00,Enrolled,80931
ENR006048,STU017444,SCH047,2024-07-17 00:00:00,Enrolled,45035
ENR006049,STU014552,SCH099,2025-04-01 00:00:00,Enrolled,53615
ENR006050,STU021549,SCH078,2021-12-16 00:00:00,Enrolled,157141
ENR006051,STU010055,SCH021,2025-08-03 00:00:00,Withdrawn,229825
ENR006052,STU003706,SCH022,2023-12-01 00:00:00,Enrolled,247842
ENR006053,STU011268,SCH100,2021-12-13 00:00:00,Enrolled,164903
ENR006054,STU007429,SCH083,2021-09-01 00:00:00,Enrolled,197601
ENR006055,STU014768,SCH081,2026-01-06 00:00:00,Enrolled,63287
ENR006056,STU013831,SCH066,2024-02-27 00:00:00,Enrolled,233240
ENR006057,STU001465,SCH080,2026-03-08 00:00:00,Enrolled,140165
ENR006058,STU007109,SCH079,2024-09-16 00:00:00,Enrolled,198728
ENR006059,STU017881,SCH006,2026-06-29 00:00:00,Enrolled,236300
ENR006060,STU019476,SCH043,2024-05-24 00:00:00,Enrolled,231518
ENR006061,STU021585,SCH072,2023-03-20 00:00:00,Enrolled,62143
ENR006062,STU014050,SCH005,2022-02-24 00:00:00,Enrolled,129275
ENR006063,STU002701,SCH022,2023-10-27 00:00:00,Withdrawn,166545
ENR006064,STU004478,SCH095,2024-03-28 00:00:00,Enrolled,192029
ENR006065,STU019182,SCH041,2024-04-29 00:00:00,Enrolled,218054
ENR006066,STU010938,SCH029,2023-01-23 00:00:00,Enrolled,159670
ENR006067,STU004597,SCH088,2022-02-27 00:00:00,Enrolled,94008
ENR006068,STU010631,SCH002,2022-12-26 00:00:00,Enrolled,150147
ENR006069,STU019646,SCH086,2025-02-08 00:00:00,Enrolled,168258
ENR006070,STU009114,SCH012,2021-04-23 00:00:00,Enrolled,104095
ENR006071,STU004341,SCH063,2022-06-01 00:00:00,Enrolled,51580
ENR006072,STU015046,SCH090,2022-06-20 00:00:00,Enrolled,111576
ENR006073,STU003883,SCH029,2025-02-08 00:00:00,Enrolled,208466
ENR006074,STU015330,SCH015,2023-12-02 00:00:00,Enrolled,231083
ENR006075,STU009141,SCH050,2025-05-16 00:00:00,Enrolled,47002
ENR006076,STU000328,SCH004,2026-06-03 00:00:00,Enrolled,85144
ENR006077,STU001114,SCH039,2021-06-08 00:00:00,Enrolled,212180
ENR006078,STU000328,SCH046,2024-07-16 00:00:00,Enrolled,179567
ENR006079,STU014004,SCH096,2026-02-14 00:00:00,Enrolled,190877
ENR006080,STU014176,SCH074,2022-11-09 00:00:00,Enrolled,198565
ENR006081,STU005491,SCH003,2021-12-05 00:00:00,Enrolled,165822
ENR006082,STU018348,SCH025,2022-03-19 00:00:00,Enrolled,175775
ENR006083,STU004855,SCH072,2024-06-06 00:00:00,Enrolled,143118
ENR006084,STU016305,SCH043,2023-07-12 00:00:00,Enrolled,228522
ENR006085,STU005922,SCH014,2021-10-01 00:00:00,Enrolled,212702
ENR006086,STU018925,SCH032,2021-03-11 00:00:00,Enrolled,173333
ENR006087,STU010714,SCH034,2025-08-21 00:00:00,Enrolled,60689
ENR006088,STU020697,SCH017,2025-05-28 00:00:00,Enrolled,121690
ENR006089,STU021822,SCH086,2025-03-29 00:00:00,Enrolled,173434
ENR006090,STU012798,SCH082,2021-08-14 00:00:00,Enrolled,109015
ENR006091,STU018615,SCH047,2024-04-02 00:00:00,Enrolled,70936
ENR006092,STU018341,SCH033,2022-09-07 00:00:00,Enrolled,63041
ENR006093,STU001601,SCH024,2023-07-25 00:00:00,Enrolled,214921
ENR006094,STU014787,SCH095,2023-02-21 00:00:00,Enrolled,84054
ENR006095,STU021605,SCH072,2022-01-02 00:00:00,Enrolled,160262
ENR006096,STU019568,SCH006,2026-09-12 00:00:00,Enrolled,67058
ENR006097,STU002517,SCH099,2026-01-01 00:00:00,Enrolled,182411
ENR006098,STU016197,SCH022,2021-07-07 00:00:00,Enrolled,144945
ENR006099,STU004829,SCH049,2023-08-14 00:00:00,Enrolled,82001
ENR006100,STU019252,SCH071,2022-05-30 00:00:00,Enrolled,178237
ENR006101,STU022710,SCH083,2021-06-07 00:00:00,Enrolled,225896
ENR006102,STU019099,SCH064,2021-04-05 00:00:00,Enrolled,116841
ENR006103,STU006357,SCH096,2021-12-20 00:00:00,Enrolled,77833
ENR006104,STU018315,SCH024,2023-08-18 00:00:00,Enrolled,175297
ENR006105,STU002798,SCH099,2021-11-23 00:00:00,Enrolled,235934
ENR006106,STU017664,SCH099,2022-05-12 00:00:00,Enrolled,237863
ENR006107,STU003583,SCH003,2026-04-13 00:00:00,Enrolled,249212
ENR006108,STU008815,SCH010,2025-01-14 00:00:00,Enrolled,228293
ENR006109,STU002264,SCH035,2024-12-29 00:00:00,Enrolled,247113
ENR006110,STU024999,SCH077,2026-05-17 00:00:00,Enrolled,58479
ENR006111,STU013605,SCH046,2022-09-14 00:00:00,Enrolled,52444
ENR006112,STU010500,SCH027,2021-10-01 00:00:00,Enrolled,177685
ENR006113,STU014998,SCH082,2022-01-04 00:00:00,Enrolled,227428
ENR006114,STU005387,SCH089,2022-07-06 00:00:00,Enrolled,148285
ENR006115,STU007544,SCH089,2026-06-13 00:00:00,Enrolled,201110
ENR006116,STU002474,SCH031,2022-10-05 00:00:00,Enrolled,174788
ENR006117,STU014260,SCH039,2022-11-12 00:00:00,Enrolled,59989
ENR006118,STU009390,SCH042,2021-03-20 00:00:00,Enrolled,52629
ENR006119,STU018005,SCH002,2022-03-01 00:00:00,Enrolled,237018
ENR006120,STU023997,SCH007,2026-03-05 00:00:00,Enrolled,219987
ENR006121,STU009285,SCH022,2025-06-24 00:00:00,Enrolled,136570
ENR006122,STU005293,SCH025,2022-02-08 00:00:00,Enrolled,94974
ENR006123,STU004307,SCH010,2024-03-23 00:00:00,Enrolled,232241
ENR006124,STU012759,SCH085,2023-09-23 00:00:00,Enrolled,214695
ENR006125,STU022268,SCH030,2023-05-19 00:00:00,Enrolled,237955
ENR006126,STU000961,SCH092,2023-04-16 00:00:00,Enrolled,46776
ENR006127,STU002570,SCH085,2023-03-12 00:00:00,Enrolled,101568
ENR006128,STU018675,SCH039,2021-08-31 00:00:00,Enrolled,89943
ENR006129,STU024913,SCH027,2024-12-14 00:00:00,Enrolled,248217
ENR006130,STU002311,SCH096,2024-10-23 00:00:00,Enrolled,82342
ENR006131,STU005387,SCH063,2023-05-23 00:00:00,Enrolled,175347
ENR006132,STU010362,SCH050,2023-02-23 00:00:00,Enrolled,110617
ENR006133,STU011645,SCH070,2025-04-17 00:00:00,Enrolled,84768
ENR006134,STU008941,SCH060,2023-12-16 00:00:00,Enrolled,65290
ENR006135,STU001386,SCH033,2025-02-26 00:00:00,Enrolled,65150
ENR006136,STU018338,SCH025,2024-06-09 00:00:00,Enrolled,230622
ENR006137,STU002759,SCH041,2024-04-10 00:00:00,Enrolled,139527
ENR006138,STU020371,SCH095,2024-10-09 00:00:00,Enrolled,48526
ENR006139,STU012809,SCH046,2021-10-01 00:00:00,Enrolled,191022
ENR006140,STU012691,SCH083,2026-09-10 00:00:00,Enrolled,75183
ENR006141,STU021302,SCH007,2026-02-03 00:00:00,Enrolled,185397
ENR006142,STU019539,SCH015,2023-05-22 00:00:00,Withdrawn,72462
ENR006143,STU000255,SCH083,2026-01-28 00:00:00,Enrolled,191763
ENR006144,STU019123,SCH045,2022-02-12 00:00:00,Enrolled,221739
ENR006145,STU008444,SCH018,2025-01-30 00:00:00,Enrolled,84098
ENR006146,STU004377,SCH001,2023-01-31 00:00:00,Enrolled,155324
ENR006147,STU000627,SCH047,2022-10-09 00:00:00,Enrolled,135225
ENR006148,STU007660,SCH037,2023-02-16 00:00:00,Enrolled,110728
ENR006149,STU016547,SCH042,2022-07-20 00:00:00,Enrolled,114830
ENR006150,STU017056,SCH025,2025-01-20 00:00:00,Enrolled,230504
ENR006151,STU023625,SCH023,2025-03-04 00:00:00,Enrolled,124750
ENR006152,STU008407,SCH083,2023-06-23 00:00:00,Enrolled,236220
ENR006153,STU018802,SCH062,2023-01-12 00:00:00,Enrolled,74245
ENR006154,STU018762,SCH006,2023-11-05 00:00:00,Enrolled,56169
ENR006155,STU024401,SCH069,2022-07-25 00:00:00,Enrolled,61388
ENR006156,STU021766,SCH015,2026-09-22 00:00:00,Enrolled,132055
ENR006157,STU018287,SCH043,2022-10-09 00:00:00,Enrolled,78878
ENR006158,STU013769,SCH070,2021-07-19 00:00:00,Enrolled,186458
ENR006159,STU009432,SCH067,2022-02-14 00:00:00,Enrolled,99083
ENR006160,STU010290,SCH058,2025-12-08 00:00:00,Withdrawn,111023
ENR006161,STU003944,SCH026,2024-05-14 00:00:00,Enrolled,213729
ENR006162,STU021947,SCH056,2024-07-21 00:00:00,Enrolled,115467
ENR006163,STU000347,SCH056,2025-06-29 00:00:00,Enrolled,186910
ENR006164,STU020456,SCH044,2022-01-04 00:00:00,Enrolled,130162
ENR006165,STU003515,SCH084,2025-01-16 00:00:00,Enrolled,212184
ENR006166,STU009766,SCH074,2023-11-10 00:00:00,Withdrawn,193537
ENR006167,STU001014,SCH074,2022-05-15 00:00:00,Enrolled,183829
ENR006168,STU008809,SCH087,2024-03-13 00:00:00,Enrolled,174078
ENR006169,STU004049,SCH078,2023-10-18 00:00:00,Enrolled,98839
ENR006170,STU008975,SCH071,2024-12-03 00:00:00,Enrolled,223279
ENR006171,STU003340,SCH089,2025-06-17 00:00:00,Enrolled,220004
ENR006172,STU005438,SCH079,2024-06-17 00:00:00,Enrolled,117639
ENR006173,STU009129,SCH050,2025-03-26 00:00:00,Enrolled,218420
ENR006174,STU001555,SCH009,2024-02-04 00:00:00,Enrolled,45383
ENR006175,STU010485,SCH065,2022-04-02 00:00:00,Enrolled,202029
ENR006176,STU008959,SCH084,2025-10-23 00:00:00,Enrolled,76130
ENR006177,STU003634,SCH054,2024-07-13 00:00:00,Enrolled,158058
ENR006178,STU019769,SCH053,2026-07-31 00:00:00,Enrolled,226638
ENR006179,STU011287,SCH100,2025-12-11 00:00:00,Enrolled,240289
ENR006180,STU014793,SCH092,2022-09-05 00:00:00,Enrolled,156559
ENR006181,STU002373,SCH024,2025-12-21 00:00:00,Enrolled,176147
ENR006182,STU020027,SCH072,2022-06-30 00:00:00,Enrolled,65772
ENR006183,STU023500,SCH012,2024-01-31 00:00:00,Withdrawn,183696
ENR006184,STU012373,SCH037,2023-01-26 00:00:00,Enrolled,156164
ENR006185,STU012036,SCH045,2026-09-27 00:00:00,Enrolled,133105
ENR006186,STU023312,SCH079,2023-07-14 00:00:00,Enrolled,111770
ENR006187,STU016209,SCH050,2025-04-05 00:00:00,Enrolled,59119
ENR006188,STU004946,SCH018,2021-03-02 00:00:00,Enrolled,160013
ENR006189,STU004781,SCH075,2022-10-01 00:00:00,Enrolled,97663
ENR006190,STU011102,SCH079,2025-06-14 00:00:00,Enrolled,174699
ENR006191,STU021580,SCH065,2025-04-14 00:00:00,Enrolled,90196
ENR006192,STU009818,SCH034,2022-02-21 00:00:00,Enrolled,123591
ENR006193,STU018581,SCH012,2022-09-19 00:00:00,Enrolled,175934
ENR006194,STU005277,SCH003,2023-12-21 00:00:00,Enrolled,131403
ENR006195,STU014729,SCH074,2024-09-03 00:00:00,Enrolled,142608
ENR006196,STU015680,SCH047,2026-04-17 00:00:00,Enrolled,208668
ENR006197,STU018877,SCH012,2025-09-23 00:00:00,Enrolled,209353
ENR006198,STU005340,SCH067,2025-07-13 00:00:00,Enrolled,149622
ENR006199,STU017446,SCH078,2025-09-13 00:00:00,Enrolled,137335
ENR006200,STU007765,SCH082,2022-04-19 00:00:00,Enrolled,186799
ENR006201,STU003866,SCH066,2026-04-13 00:00:00,Enrolled,157500
ENR006202,STU015069,SCH043,2022-07-11 00:00:00,Enrolled,198836
ENR006203,STU003549,SCH060,2026-03-04 00:00:00,Enrolled,205192
ENR006204,STU015783,SCH033,2023-09-12 00:00:00,Withdrawn,194691
ENR006205,STU009692,SCH061,2021-02-24 00:00:00,Enrolled,125349
ENR006206,STU016430,SCH085,2022-02-28 00:00:00,Enrolled,120215
ENR006207,STU013818,SCH049,2024-09-23 00:00:00,Enrolled,199650
ENR006208,STU013970,SCH022,2024-06-19 00:00:00,Enrolled,114002
ENR006209,STU023166,SCH020,2021-08-07 00:00:00,Withdrawn,218209
ENR006210,STU000604,SCH081,2022-02-05 00:00:00,Enrolled,114793
ENR006211,STU017208,SCH090,2025-07-02 00:00:00,Enrolled,55019
ENR006212,STU000001,SCH096,2021-06-22 00:00:00,Withdrawn,141931
ENR006213,STU000916,SCH048,2021-05-12 00:00:00,Withdrawn,227773
ENR006214,STU008160,SCH093,2022-09-10 00:00:00,Enrolled,87825
ENR006215,STU019655,SCH027,2022-03-12 00:00:00,Enrolled,243126
ENR006216,STU012638,SCH062,2025-10-26 00:00:00,Enrolled,165788
ENR006217,STU021826,SCH044,2024-10-10 00:00:00,Enrolled,86809
ENR006218,STU024546,SCH069,2022-10-05 00:00:00,Enrolled,161923
ENR006219,STU010932,SCH032,2025-03-20 00:00:00,Enrolled,194523
ENR006220,STU016428,SCH066,2021-12-22 00:00:00,Enrolled,224505
ENR006221,STU007047,SCH055,2025-12-08 00:00:00,Enrolled,181872
ENR006222,STU006465,SCH017,2025-06-26 00:00:00,Enrolled,56616
ENR006223,STU017927,SCH074,2021-12-03 00:00:00,Withdrawn,130462
ENR006224,STU001483,SCH028,2024-08-19 00:00:00,Enrolled,75571
ENR006225,STU024864,SCH050,2024-03-18 00:00:00,Enrolled,133400
ENR006226,STU004323,SCH026,2021-07-29 00:00:00,Enrolled,244881
ENR006227,STU024322,SCH039,2024-07-10 00:00:00,Enrolled,181270
ENR006228,STU011486,SCH006,2022-05-28 00:00:00,Enrolled,168503
ENR006229,STU011865,SCH009,2022-03-11 00:00:00,Enrolled,65093
ENR006230,STU016292,SCH060,2025-04-07 00:00:00,Enrolled,71616
ENR006231,STU006261,SCH058,2024-06-01 00:00:00,Enrolled,185947
ENR006232,STU009786,SCH020,2021-02-10 00:00:00,Enrolled,227047
ENR006233,STU020245,SCH001,2022-02-05 00:00:00,Enrolled,60614
ENR006234,STU021442,SCH023,2022-12-09 00:00:00,Enrolled,128505
ENR006235,STU017905,SCH057,2025-06-02 00:00:00,Enrolled,115352
ENR006236,STU010435,SCH086,2021-08-24 00:00:00,Enrolled,180819
ENR006237,STU022164,SCH005,2026-06-10 00:00:00,Enrolled,174053
ENR006238,STU017364,SCH038,2025-07-10 00:00:00,Enrolled,66951
ENR006239,STU003674,SCH015,2025-03-15 00:00:00,Enrolled,216240
ENR006240,STU000331,SCH056,2025-01-25 00:00:00,Enrolled,216806
ENR006241,STU007530,SCH010,2024-05-08 00:00:00,Enrolled,58333
ENR006242,STU012644,SCH073,2024-02-17 00:00:00,Enrolled,210528
ENR006243,STU003033,SCH017,2025-02-07 00:00:00,Enrolled,127061
ENR006244,STU021090,SCH090,2026-08-28 00:00:00,Enrolled,103498
ENR006245,STU020034,SCH077,2025-01-23 00:00:00,Enrolled,53866
ENR006246,STU019500,SCH064,2025-05-22 00:00:00,Enrolled,123922
ENR006247,STU002214,SCH061,2026-04-30 00:00:00,Enrolled,106308
ENR006248,STU021251,SCH042,2025-07-29 00:00:00,Withdrawn,239640
ENR006249,STU013777,SCH040,2025-02-22 00:00:00,Enrolled,87549
ENR006250,STU021002,SCH055,2023-12-24 00:00:00,Enrolled,125260
ENR006251,STU020045,SCH058,2021-11-15 00:00:00,Withdrawn,95223
ENR006252,STU014280,SCH082,2021-12-14 00:00:00,Enrolled,46180
ENR006253,STU010181,SCH040,2023-05-08 00:00:00,Enrolled,241285
ENR006254,STU000008,SCH042,2025-11-10 00:00:00,Enrolled,46650
ENR006255,STU006946,SCH042,2022-08-24 00:00:00,Enrolled,115058
ENR006256,STU007527,SCH043,2022-03-12 00:00:00,Enrolled,110729
ENR006257,STU012641,SCH008,2024-10-06 00:00:00,Enrolled,158611
ENR006258,STU014704,SCH066,2024-01-21 00:00:00,Enrolled,106424
ENR006259,STU018676,SCH100,2021-08-19 00:00:00,Enrolled,161304
ENR006260,STU012454,SCH094,2022-12-22 00:00:00,Enrolled,80164
ENR006261,STU016193,SCH012,2024-11-19 00:00:00,Enrolled,181390
ENR006262,STU022838,SCH089,2023-01-23 00:00:00,Enrolled,134957
ENR006263,STU014401,SCH064,2023-05-29 00:00:00,Enrolled,183631
ENR006264,STU010758,SCH049,2021-11-16 00:00:00,Enrolled,76953
ENR006265,STU018529,SCH048,2022-04-10 00:00:00,Enrolled,194218
ENR006266,STU002466,SCH037,2024-06-26 00:00:00,Enrolled,120422
ENR006267,STU024432,SCH044,2022-01-12 00:00:00,Enrolled,194172
ENR006268,STU018353,SCH072,2026-04-23 00:00:00,Enrolled,240428
ENR006269,STU022067,SCH042,2022-07-21 00:00:00,Enrolled,67331
ENR006270,STU011420,SCH065,2025-05-17 00:00:00,Enrolled,181677
ENR006271,STU017532,SCH015,2021-09-01 00:00:00,Withdrawn,199789
ENR006272,STU017211,SCH073,2022-05-08 00:00:00,Enrolled,81638
ENR006273,STU019175,SCH015,2025-03-21 00:00:00,Enrolled,214718
ENR006274,STU002005,SCH070,2025-06-17 00:00:00,Enrolled,145735
ENR006275,STU009104,SCH054,2021-10-14 00:00:00,Enrolled,192360
ENR006276,STU007922,SCH069,2026-09-17 00:00:00,Enrolled,119083
ENR006277,STU007435,SCH057,2024-07-09 00:00:00,Enrolled,81185
ENR006278,STU020465,SCH038,2022-01-17 00:00:00,Enrolled,145316
ENR006279,STU007124,SCH081,2022-10-03 00:00:00,Enrolled,107769
ENR006280,STU002875,SCH096,2023-08-26 00:00:00,Enrolled,125133
ENR006281,STU007014,SCH081,2021-08-18 00:00:00,Enrolled,205538
ENR006282,STU006523,SCH099,2026-01-19 00:00:00,Enrolled,217528
ENR006283,STU018531,SCH018,2022-06-30 00:00:00,Enrolled,83511
ENR006284,STU024164,SCH070,2026-07-13 00:00:00,Withdrawn,72289
ENR006285,STU023163,SCH059,2022-11-24 00:00:00,Withdrawn,79684
ENR006286,STU012438,SCH023,2023-12-19 00:00:00,Enrolled,228946
ENR006287,STU019976,SCH027,2021-05-08 00:00:00,Enrolled,209384
ENR006288,STU002291,SCH060,2025-01-16 00:00:00,Enrolled,140756
ENR006289,STU016033,SCH062,2025-03-11 00:00:00,Enrolled,244878
ENR006290,STU006537,SCH090,2021-03-26 00:00:00,Enrolled,52446
ENR006291,STU009897,SCH003,2023-10-19 00:00:00,Enrolled,131953
ENR006292,STU001343,SCH058,2025-10-15 00:00:00,Enrolled,197470
ENR006293,STU012890,SCH083,2021-08-25 00:00:00,Enrolled,186480
ENR006294,STU001140,SCH071,2026-06-21 00:00:00,Enrolled,88716
ENR006295,STU001714,SCH015,2024-12-16 00:00:00,Enrolled,206881
ENR006296,STU020760,SCH055,2023-05-09 00:00:00,Withdrawn,108341
ENR006297,STU018204,SCH085,2021-12-25 00:00:00,Enrolled,111642
ENR006298,STU005930,SCH001,2024-09-30 00:00:00,Enrolled,152257
ENR006299,STU020884,SCH084,2023-11-25 00:00:00,Enrolled,244106
ENR006300,STU007510,SCH100,2021-09-06 00:00:00,Enrolled,88760
ENR006301,STU006754,SCH054,2026-01-30 00:00:00,Enrolled,88940
ENR006302,STU009168,SCH100,2026-10-12 00:00:00,Enrolled,247413
ENR006303,STU016913,SCH049,2025-05-04 00:00:00,Enrolled,229845
ENR006304,STU009267,SCH092,2022-05-25 00:00:00,Enrolled,225536
ENR006305,STU006286,SCH097,2022-07-18 00:00:00,Enrolled,113207
ENR006306,STU004273,SCH015,2026-05-05 00:00:00,Withdrawn,129541
ENR006307,STU009872,SCH061,2023-01-05 00:00:00,Enrolled,224584
ENR006308,STU007843,SCH098,2022-09-23 00:00:00,Enrolled,130472
ENR006309,STU022272,SCH039,2026-07-03 00:00:00,Enrolled,115263
ENR006310,STU015433,SCH080,2024-05-14 00:00:00,Enrolled,234202
ENR006311,STU007479,SCH043,2023-11-05 00:00:00,Enrolled,159335
ENR006312,STU005854,SCH059,2022-02-07 00:00:00,Enrolled,148396
ENR006313,STU017996,SCH078,2026-07-01 00:00:00,Enrolled,225032
ENR006314,STU010848,SCH051,2023-03-06 00:00:00,Enrolled,245914
ENR006315,STU023978,SCH062,2021-12-13 00:00:00,Enrolled,117145
ENR006316,STU015078,SCH057,2022-10-15 00:00:00,Enrolled,126124
ENR006317,STU009700,SCH093,2022-07-21 00:00:00,Enrolled,79054
ENR006318,STU003871,SCH052,2025-11-10 00:00:00,Enrolled,78204
ENR006319,STU020912,SCH033,2025-09-09 00:00:00,Enrolled,242514
ENR006320,STU001613,SCH080,2024-10-26 00:00:00,Enrolled,81108
ENR006321,STU001221,SCH078,2026-04-07 00:00:00,Enrolled,194786
ENR006322,STU005821,SCH024,2021-11-30 00:00:00,Enrolled,179154
ENR006323,STU018888,SCH079,2023-11-25 00:00:00,Enrolled,115549
ENR006324,STU014485,SCH062,2024-06-07 00:00:00,Enrolled,210560
ENR006325,STU000020,SCH076,2023-01-31 00:00:00,Enrolled,160010
ENR006326,STU003009,SCH016,2023-08-09 00:00:00,Enrolled,78117
ENR006327,STU020311,SCH053,2023-02-16 00:00:00,Enrolled,204126
ENR006328,STU018764,SCH057,2025-07-02 00:00:00,Enrolled,171674
ENR006329,STU020346,SCH074,2022-05-05 00:00:00,Enrolled,122818
ENR006330,STU018280,SCH034,2023-09-04 00:00:00,Enrolled,193344
ENR006331,STU003412,SCH079,2026-08-19 00:00:00,Enrolled,75417
ENR006332,STU001467,SCH069,2026-06-24 00:00:00,Enrolled,138391
