school_id,month,leads,impressions,clicks,spend,applications,enrollments,campaign_id
SCH001,2021-01-01 00:00:00,7,448,42,1332.38,1,0,CMP0001
SCH001,2021-02-01 00:00:00,6,432,30,875.49,2,0,CMP0002
SCH001,2021-03-01 00:00:00,6,264,24,245.33,1,0,CMP0003
SCH001,2021-04-01 00:00:00,6,450,42,1202.49,1,0,CMP0004
SCH001,2021-05-01 00:00:00,8,592,32,458.45,1,0,CMP0005
SCH001,2021-06-01 00:00:00,4,132,12,232.8,0,0,CMP0006
SCH001,2021-07-01 00:00:00,4,232,16,703.25,0,0,CMP0007
SCH001,2021-08-01 00:00:00,4,148,12,327.19,1,0,CMP0008
SCH001,2021-09-01 00:00:00,4,304,8,220.97,1,0,CMP0009
SCH001,2021-10-01 00:00:00,5,320,15,254.42,0,0,CMP0010
SCH001,2021-11-01 00:00:00,4,200,8,201.64,1,0,CMP0011
SCH001,2021-12-01 00:00:00,3,153,15,561.13,0,0,CMP0012
SCH001,2022-02-01 00:00:00,6,420,24,822.86,2,0,CMP0013
SCH001,2022-03-01 00:00:00,5,340,25,581.22,2,0,CMP0014
SCH001,2022-04-01 00:00:00,5,310,30,784.43,2,0,CMP0015
SCH001,2022-05-01 00:00:00,5,110,10,223.42,1,0,CMP0016
SCH001,2022-06-01 00:00:00,8,408,16,598.7,2,0,CMP0017
SCH001,2022-07-01 00:00:00,6,450,30,283.9,1,0,CMP0018
SCH001,2022-08-01 00:00:00,10,350,70,752.72,3,1,CMP0019
SCH001,2022-09-01 00:00:00,4,88,8,147.25,1,0,CMP0020
SCH001,2022-10-01 00:00:00,4,296,8,294.63,0,0,CMP0021
SCH001,2022-11-01 00:00:00,4,152,8,157.43,1,0,CMP0022
SCH001,2022-12-01 00:00:00,5,120,10,343.59,0,0,CMP0023
SCH001,2023-01-01 00:00:00,4,108,12,139.39,1,0,CMP0024
SCH001,2023-02-01 00:00:00,4,156,8,142.67,1,0,CMP0025
SCH001,2023-03-01 00:00:00,11,264,55,821.74,3,1,CMP0026
SCH001,2023-04-01 00:00:00,6,420,18,310.5,1,0,CMP0027
SCH001,2023-05-01 00:00:00,2,148,10,118.38,0,0,CMP0028
SCH001,2023-06-01 00:00:00,7,455,42,885.17,1,0,CMP0029
SCH001,2023-07-01 00:00:00,5,115,30,1050.58,1,0,CMP0030
SCH001,2023-08-01 00:00:00,3,93,18,471.79,0,0,CMP0031
SCH001,2023-09-01 00:00:00,6,270,42,1368.18,1,0,CMP0032
SCH001,2023-10-01 00:00:00,2,58,12,465.96,0,0,CMP0033
SCH001,2023-11-01 00:00:00,5,255,30,710.35,1,0,CMP0034
SCH001,2023-12-01 00:00:00,3,183,21,743.36,0,0,CMP0035
SCH001,2024-01-01 00:00:00,5,195,30,1172.71,1,0,CMP0036
SCH001,2024-02-01 00:00:00,13,1001,52,1386.79,4,0,CMP0037
SCH001,2024-03-01 00:00:00,4,264,28,1036.75,1,0,CMP0038
SCH001,2024-04-01 00:00:00,3,162,18,545.1,1,0,CMP0039
SCH001,2024-05-01 00:00:00,2,122,12,141.44,0,0,CMP0040
SCH001,2024-06-01 00:00:00,9,711,27,625.18,3,1,CMP0041
SCH001,2024-07-01 00:00:00,5,135,25,1007.41,1,0,CMP0042
SCH001,2024-08-01 00:00:00,6,264,42,1094.85,2,1,CMP0043
SCH001,2024-09-01 00:00:00,6,198,36,810.61,1,0,CMP0044
SCH001,2024-10-01 00:00:00,5,235,15,566.01,1,0,CMP0045
SCH001,2024-11-01 00:00:00,10,600,40,806.59,3,1,CMP0046
SCH001,2024-12-01 00:00:00,7,175,14,599.15,2,0,CMP0047
SCH001,2025-01-01 00:00:00,4,208,16,668.66,0,0,CMP0048
SCH001,2025-02-01 00:00:00,6,348,12,508.41,1,0,CMP0049
SCH001,2025-03-01 00:00:00,5,155,10,378.65,0,0,CMP0050
SCH001,2025-04-01 00:00:00,1,70,3,55.14,0,0,CMP0051
SCH001,2025-05-01 00:00:00,9,378,54,2315.63,2,0,CMP0052
SCH001,2025-06-01 00:00:00,7,448,21,270.08,2,0,CMP0053
SCH001,2025-07-01 00:00:00,5,120,30,929.14,1,0,CMP0054
SCH001,2025-08-01 00:00:00,3,150,9,197.71,0,0,CMP0055
SCH001,2025-09-01 00:00:00,6,450,18,165.65,1,0,CMP0056
SCH001,2025-10-01 00:00:00,3,129,15,204.14,0,0,CMP0057
SCH001,2025-11-01 00:00:00,5,140,30,1058.04,0,0,CMP0058
SCH001,2025-12-01 00:00:00,5,160,35,387.02,1,0,CMP0059
SCH001,2026-01-01 00:00:00,6,456,30,917.71,1,0,CMP0060
SCH001,2026-02-01 00:00:00,6,294,18,589.84,1,0,CMP0061
SCH001,2026-03-01 00:00:00,6,216,12,247.63,2,0,CMP0062
SCH001,2026-04-01 00:00:00,2,60,8,122.05,0,0,CMP0063
SCH001,2026-05-01 00:00:00,6,192,18,617.17,2,0,CMP0064
SCH001,2026-06-01 00:00:00,4,224,20,551.82,1,0,CMP0065
SCH001,2026-07-01 00:00:00,6,384,30,538.9,2,0,CMP0066
SCH002,2021-01-01 00:00:00,4,256,24,529.27,1,0,CMP0067
SCH002,2021-02-01 00:00:00,4,220,24,871.67,1,0,CMP0068
SCH002,2021-03-01 00:00:00,8,232,16,506.8,3,0,CMP0069
SCH002,2021-04-01 00:00:00,2,154,12,378.45,0,0,CMP0070
SCH002,2021-05-01 00:00:00,8,368,24,475.21,2,0,CMP0071
SCH002,2021-06-01 00:00:00,10,420,70,2026.92,2,0,CMP0072
SCH002,2021-07-01 00:00:00,11,759,44,1540.11,2,0,CMP0073
SCH002,2021-08-01 00:00:00,4,148,16,133.53,1,0,CMP0074
SCH002,2021-09-01 00:00:00,2,80,4,147.54,0,0,CMP0075
SCH002,2021-10-01 00:00:00,3,168,6,116.17,1,0,CMP0076
SCH002,2021-11-01 00:00:00,3,150,21,525.83,0,0,CMP0077
SCH002,2021-12-01 00:00:00,5,230,20,481.42,1,0,CMP0078
SCH002,2022-01-01 00:00:00,5,250,35,686.14,1,0,CMP0079
SCH002,2022-02-01 00:00:00,11,671,33,571.49,2,0,CMP0080
SCH002,2022-03-01 00:00:00,4,256,12,362.12,1,0,CMP0081
SCH002,2022-04-01 00:00:00,5,205,20,725.39,1,0,CMP0082
SCH002,2022-05-01 00:00:00,6,468,36,1114.55,2,0,CMP0083
SCH002,2022-06-01 00:00:00,8,272,24,404.87,1,0,CMP0084
SCH002,2022-07-01 00:00:00,2,46,14,182.53,0,0,CMP0085
SCH002,2022-08-01 00:00:00,4,160,20,511.47,0,0,CMP0086
SCH002,2022-09-01 00:00:00,8,184,16,349.41,1,0,CMP0087
SCH002,2022-10-01 00:00:00,4,312,20,251.71,1,0,CMP0088
SCH002,2022-11-01 00:00:00,4,196,28,895.08,1,0,CMP0089
SCH002,2022-12-01 00:00:00,4,112,24,900.83,1,0,CMP0090
SCH002,2023-01-01 00:00:00,7,406,49,611.34,2,0,CMP0091
SCH002,2023-02-01 00:00:00,5,380,15,361.55,2,0,CMP0092
SCH002,2023-03-01 00:00:00,5,275,20,187.46,1,0,CMP0093
SCH002,2023-04-01 00:00:00,5,110,20,587.57,0,0,CMP0094
SCH002,2023-05-01 00:00:00,3,66,9,249.36,1,0,CMP0095
SCH002,2023-06-01 00:00:00,5,105,20,269.84,1,0,CMP0096
SCH002,2023-07-01 00:00:00,4,236,24,919.12,1,0,CMP0097
SCH002,2023-08-01 00:00:00,7,434,35,1100.47,1,0,CMP0098
SCH002,2023-09-01 00:00:00,5,395,30,545.54,2,0,CMP0099
SCH002,2023-10-01 00:00:00,4,204,12,398.88,1,0,CMP0100
SCH002,2023-11-01 00:00:00,8,552,32,344.45,1,0,CMP0101
SCH002,2023-12-01 00:00:00,4,124,12,509.4,1,0,CMP0102
SCH002,2024-01-01 00:00:00,2,128,6,256.79,0,0,CMP0103
SCH002,2024-02-01 00:00:00,3,141,21,353.92,1,0,CMP0104
SCH002,2024-03-01 00:00:00,4,312,28,1172.43,0,0,CMP0105
SCH002,2024-04-01 00:00:00,7,357,21,524.18,2,0,CMP0106
SCH002,2024-05-01 00:00:00,2,144,12,402.34,0,0,CMP0107
SCH002,2024-06-01 00:00:00,4,184,20,277.25,1,0,CMP0108
SCH002,2024-07-01 00:00:00,8,336,32,1216.53,3,0,CMP0109
SCH002,2024-08-01 00:00:00,1,75,4,93.79,0,0,CMP0110
SCH002,2024-09-01 00:00:00,5,390,35,1265.99,1,0,CMP0111
SCH002,2024-10-01 00:00:00,1,41,4,82.05,0,0,CMP0112
SCH002,2024-11-01 00:00:00,7,420,21,468.04,1,0,CMP0113
SCH002,2024-12-01 00:00:00,3,72,18,177.34,1,0,CMP0114
SCH002,2025-01-01 00:00:00,8,536,56,1203.71,1,0,CMP0115
SCH002,2025-02-01 00:00:00,5,255,20,762.1,1,0,CMP0116
SCH002,2025-03-01 00:00:00,1,74,3,111.37,0,0,CMP0117
SCH002,2025-04-01 00:00:00,5,215,10,291.94,0,0,CMP0118
SCH002,2025-05-01 00:00:00,2,96,14,575.95,0,0,CMP0119
SCH002,2025-06-01 00:00:00,8,248,40,1148.43,2,0,CMP0120
SCH002,2025-07-01 00:00:00,4,176,24,909.55,1,0,CMP0121
SCH002,2025-08-01 00:00:00,2,102,8,206.9,0,0,CMP0122
SCH002,2025-09-01 00:00:00,10,600,70,855.36,4,1,CMP0123
SCH002,2025-10-01 00:00:00,7,329,42,1035.39,2,0,CMP0124
SCH002,2025-11-01 00:00:00,3,108,18,587.65,0,0,CMP0125
SCH002,2025-12-01 00:00:00,1,66,2,75.51,0,0,CMP0126
SCH002,2026-01-01 00:00:00,4,80,8,105.19,1,0,CMP0127
SCH002,2026-02-01 00:00:00,11,242,66,1925.84,4,2,CMP0128
SCH002,2026-03-01 00:00:00,9,522,45,1238.82,1,0,CMP0129
SCH002,2026-04-01 00:00:00,1,30,5,141.59,0,0,CMP0130
SCH002,2026-05-01 00:00:00,3,90,21,558.38,0,0,CMP0131
SCH002,2026-06-01 00:00:00,3,84,18,753.05,0,0,CMP0132
SCH002,2026-07-01 00:00:00,5,335,15,632.49,1,0,CMP0133
SCH003,2021-01-01 00:00:00,8,312,24,228.07,1,0,CMP0134
SCH003,2021-02-01 00:00:00,3,159,15,146.84,1,0,CMP0135
SCH003,2021-03-01 00:00:00,6,474,18,267.4,0,0,CMP0136
SCH003,2021-04-01 00:00:00,1,37,7,186.61,0,0,CMP0137
SCH003,2021-05-01 00:00:00,5,130,30,361.83,1,0,CMP0138
SCH003,2021-06-01 00:00:00,8,280,56,978.86,2,0,CMP0139
SCH003,2021-07-01 00:00:00,2,84,6,78.88,0,0,CMP0140
SCH003,2021-08-01 00:00:00,5,245,30,1143.16,1,0,CMP0141
SCH003,2021-09-01 00:00:00,2,96,14,142.46,0,0,CMP0142
SCH003,2021-10-01 00:00:00,3,75,9,346.05,1,0,CMP0143
SCH003,2021-11-01 00:00:00,8,616,32,1175.71,1,0,CMP0144
SCH003,2021-12-01 00:00:00,11,506,77,3315.16,3,1,CMP0145
SCH003,2022-01-01 00:00:00,6,228,30,400.31,1,0,CMP0146
SCH003,2022-02-01 00:00:00,4,100,24,344.81,1,0,CMP0147
SCH003,2022-03-01 00:00:00,4,300,20,380.78,0,0,CMP0148
SCH003,2022-04-01 00:00:00,3,153,15,371.99,1,0,CMP0149
SCH003,2022-05-01 00:00:00,5,395,35,836.48,2,0,CMP0150
SCH003,2022-06-01 00:00:00,3,198,6,139.3,0,0,CMP0151
SCH003,2022-07-01 00:00:00,7,210,35,1425.81,1,0,CMP0152
SCH003,2022-08-01 00:00:00,1,56,3,35.86,0,0,CMP0153
SCH003,2022-09-01 00:00:00,6,312,42,1511.85,2,0,CMP0154
SCH003,2022-10-01 00:00:00,8,312,48,652.11,2,0,CMP0155
SCH003,2022-11-01 00:00:00,5,125,10,151.1,2,0,CMP0156
SCH003,2022-12-01 00:00:00,6,270,12,463.47,2,0,CMP0157
SCH003,2023-01-01 00:00:00,3,93,12,338.39,1,0,CMP0158
SCH003,2023-02-01 00:00:00,6,240,42,1809.51,2,0,CMP0159
SCH003,2023-03-01 00:00:00,5,305,25,885.28,1,0,CMP0160
SCH003,2023-04-01 00:00:00,8,424,16,364.06,2,1,CMP0161
SCH003,2023-05-01 00:00:00,6,318,36,721.49,2,0,CMP0162
SCH003,2023-06-01 00:00:00,4,220,20,570.4,0,0,CMP0163
SCH003,2023-07-01 00:00:00,7,287,35,1222.4,2,0,CMP0164
SCH003,2023-08-01 00:00:00,9,378,63,2024.34,2,0,CMP0165
SCH003,2023-09-01 00:00:00,3,210,12,358.76,1,0,CMP0166
SCH003,2023-10-01 00:00:00,3,207,6,179.51,0,0,CMP0167
SCH003,2023-11-01 00:00:00,5,365,20,650.05,1,0,CMP0168
SCH003,2023-12-01 00:00:00,2,116,10,305.78,0,0,CMP0169
SCH003,2024-01-01 00:00:00,5,185,10,326.36,1,0,CMP0170
SCH003,2024-02-01 00:00:00,3,84,9,160.06,1,0,CMP0171
SCH003,2024-03-01 00:00:00,5,305,25,1082.25,1,0,CMP0172
SCH003,2024-04-01 00:00:00,5,135,10,424.24,2,0,CMP0173
SCH003,2024-05-01 00:00:00,5,155,20,761.91,2,0,CMP0174
SCH003,2024-06-01 00:00:00,4,236,24,696.56,1,0,CMP0175
SCH003,2024-07-01 00:00:00,5,170,20,189.36,2,1,CMP0176
SCH003,2024-08-01 00:00:00,6,378,42,890.91,1,0,CMP0177
SCH003,2024-09-01 00:00:00,11,825,33,1129.9,2,0,CMP0178
SCH003,2024-10-01 00:00:00,5,160,15,464.03,0,0,CMP0179
SCH003,2024-11-01 00:00:00,3,135,15,281.53,0,0,CMP0180
SCH003,2024-12-01 00:00:00,1,37,4,96.34,0,0,CMP0181
SCH003,2025-01-01 00:00:00,5,280,10,109.15,1,0,CMP0182
SCH003,2025-02-01 00:00:00,5,290,35,323.44,0,0,CMP0183
SCH003,2025-03-01 00:00:00,3,234,9,118.05,0,0,CMP0184
SCH003,2025-04-01 00:00:00,4,168,24,798.45,1,0,CMP0185
SCH003,2025-05-01 00:00:00,5,175,35,1096.97,1,0,CMP0186
SCH003,2025-06-01 00:00:00,5,315,15,610.23,2,0,CMP0187
SCH003,2025-07-01 00:00:00,6,156,18,317.5,1,0,CMP0188
SCH003,2025-08-01 00:00:00,6,258,24,983.97,2,0,CMP0189
SCH003,2025-09-01 00:00:00,8,608,16,710.93,1,0,CMP0190
SCH003,2025-10-01 00:00:00,4,272,12,399.79,0,0,CMP0191
SCH003,2025-11-01 00:00:00,3,219,6,62.63,1,0,CMP0192
SCH003,2025-12-01 00:00:00,4,276,24,902.19,1,0,CMP0193
SCH003,2026-01-01 00:00:00,5,170,35,714.81,2,1,CMP0194
SCH003,2026-02-01 00:00:00,3,171,15,510.78,0,0,CMP0195
SCH003,2026-03-01 00:00:00,4,216,12,170.69,1,0,CMP0196
SCH003,2026-04-01 00:00:00,3,123,21,267.66,0,0,CMP0197
SCH003,2026-05-01 00:00:00,6,240,18,651.49,1,0,CMP0198
SCH003,2026-06-01 00:00:00,8,552,24,847.47,2,0,CMP0199
SCH003,2026-07-01 00:00:00,6,258,24,321.89,1,0,CMP0200
SCH004,2021-01-01 00:00:00,7,350,14,255.77,2,0,CMP0201
SCH004,2021-02-01 00:00:00,2,154,12,295.9,0,0,CMP0202
SCH004,2021-03-01 00:00:00,4,160,20,434.31,1,0,CMP0203
SCH004,2021-04-01 00:00:00,1,41,3,33.42,0,0,CMP0204
SCH004,2021-05-01 00:00:00,2,64,6,94.15,0,0,CMP0205
SCH004,2021-06-01 00:00:00,1,40,7,221.81,0,0,CMP0206
SCH004,2021-07-01 00:00:00,6,276,36,1527.32,2,0,CMP0207
SCH004,2021-08-01 00:00:00,9,576,36,791.82,2,0,CMP0208
SCH004,2021-09-01 00:00:00,1,69,5,178.7,0,0,CMP0209
SCH004,2021-10-01 00:00:00,5,215,35,568.97,1,0,CMP0210
SCH004,2021-11-01 00:00:00,5,180,15,420.42,1,0,CMP0211
SCH004,2021-12-01 00:00:00,10,240,50,1202.9,3,0,CMP0212
SCH004,2022-01-01 00:00:00,5,255,25,713.83,1,0,CMP0213
SCH004,2022-02-01 00:00:00,6,192,12,349.77,1,0,CMP0214
SCH004,2022-03-01 00:00:00,6,288,36,609.11,2,1,CMP0215
SCH004,2022-04-01 00:00:00,5,160,25,911.86,1,0,CMP0216
SCH004,2022-05-01 00:00:00,4,284,12,460.23,1,0,CMP0217
SCH004,2022-06-01 00:00:00,4,284,8,301.57,1,0,CMP0218
SCH004,2022-07-01 00:00:00,3,126,12,456.11,1,0,CMP0219
SCH004,2022-08-01 00:00:00,5,390,15,451.91,1,0,CMP0220
SCH004,2022-09-01 00:00:00,6,300,30,1219.85,1,0,CMP0221
SCH004,2022-10-01 00:00:00,3,219,21,386.22,0,0,CMP0222
SCH004,2022-11-01 00:00:00,7,175,42,584.39,2,0,CMP0223
SCH004,2022-12-01 00:00:00,1,29,6,81.83,0,0,CMP0224
SCH004,2023-01-01 00:00:00,6,198,18,685.26,2,0,CMP0225
SCH004,2023-02-01 00:00:00,10,690,30,647.36,2,1,CMP0226
SCH004,2023-03-01 00:00:00,4,276,8,290.5,1,0,CMP0227
SCH004,2023-04-01 00:00:00,7,539,14,417.35,3,1,CMP0228
SCH004,2023-05-01 00:00:00,2,44,6,257.31,0,0,CMP0229
SCH004,2023-06-01 00:00:00,4,288,8,95.58,1,0,CMP0230
SCH004,2023-07-01 00:00:00,6,150,12,146.79,1,0,CMP0231
SCH004,2023-08-01 00:00:00,2,130,4,114.65,0,0,CMP0232
SCH004,2023-09-01 00:00:00,4,252,8,110.28,0,0,CMP0233
SCH004,2023-10-01 00:00:00,5,245,20,297.46,1,0,CMP0234
SCH004,2023-11-01 00:00:00,7,231,35,1425.21,2,0,CMP0235
SCH004,2023-12-01 00:00:00,6,402,18,154.6,1,0,CMP0236
SCH004,2024-01-01 00:00:00,6,270,24,797.28,2,0,CMP0237
SCH004,2024-02-01 00:00:00,6,390,42,1697.9,1,0,CMP0238
SCH004,2024-03-01 00:00:00,3,150,15,661.79,1,0,CMP0239
SCH004,2024-04-01 00:00:00,3,138,12,402.37,1,0,CMP0240
SCH004,2024-05-01 00:00:00,4,116,28,636.89,1,0,CMP0241
SCH004,2024-06-01 00:00:00,2,80,12,393.66,0,0,CMP0242
SCH004,2024-07-01 00:00:00,12,312,84,2409.74,3,0,CMP0243
SCH004,2024-08-01 00:00:00,4,128,12,335.58,1,0,CMP0244
SCH004,2024-09-01 00:00:00,3,159,15,253.84,1,0,CMP0245
SCH004,2024-10-01 00:00:00,4,104,12,210.31,1,0,CMP0246
SCH004,2024-11-01 00:00:00,3,228,18,346.55,1,0,CMP0247
SCH004,2024-12-01 00:00:00,5,125,10,444.95,1,0,CMP0248
SCH004,2025-01-01 00:00:00,5,135,10,358.29,1,0,CMP0249
SCH004,2025-02-01 00:00:00,2,74,8,330.08,0,0,CMP0250
SCH004,2025-03-01 00:00:00,4,176,28,233.99,1,0,CMP0251
SCH004,2025-04-01 00:00:00,5,370,10,282.23,1,0,CMP0252
SCH004,2025-05-01 00:00:00,7,203,49,1837.69,1,0,CMP0253
SCH004,2025-06-01 00:00:00,5,365,25,583.47,1,0,CMP0254
SCH004,2025-07-01 00:00:00,4,260,20,862.92,1,0,CMP0255
SCH004,2025-08-01 00:00:00,6,354,12,290.38,2,0,CMP0256
SCH004,2025-09-01 00:00:00,4,312,24,1047.51,1,0,CMP0257
SCH004,2025-10-01 00:00:00,2,64,14,250.11,0,0,CMP0258
SCH004,2025-11-01 00:00:00,6,258,42,1521.38,1,0,CMP0259
SCH004,2025-12-01 00:00:00,5,225,35,555.32,2,0,CMP0260
SCH004,2026-01-01 00:00:00,4,200,16,390.08,1,0,CMP0261
SCH004,2026-02-01 00:00:00,5,120,10,398.51,1,0,CMP0262
SCH004,2026-03-01 00:00:00,3,153,12,308.75,1,0,CMP0263
SCH004,2026-04-01 00:00:00,10,740,70,1622.41,3,1,CMP0264
SCH004,2026-05-01 00:00:00,4,88,8,110.4,0,0,CMP0265
SCH004,2026-06-01 00:00:00,2,124,14,609.86,0,0,CMP0266
SCH004,2026-07-01 00:00:00,2,146,14,175.32,0,0,CMP0267
SCH005,2021-01-01 00:00:00,4,88,28,482.51,1,0,CMP0268
SCH005,2021-02-01 00:00:00,3,93,18,246.16,1,0,CMP0269
SCH005,2021-04-01 00:00:00,3,81,18,424.1,0,0,CMP0270
SCH005,2021-05-01 00:00:00,4,96,12,165.86,1,0,CMP0271
SCH005,2021-06-01 00:00:00,6,288,30,750.32,1,0,CMP0272
SCH005,2021-07-01 00:00:00,5,385,35,510.66,2,0,CMP0273
SCH005,2021-08-01 00:00:00,4,100,12,357.32,1,0,CMP0274
SCH005,2021-09-01 00:00:00,2,84,8,175.16,0,0,CMP0275
SCH005,2021-10-01 00:00:00,6,180,42,1734.23,2,0,CMP0276
SCH005,2021-11-01 00:00:00,3,192,21,325.25,1,0,CMP0277
SCH005,2021-12-01 00:00:00,8,448,24,330.15,3,0,CMP0278
SCH005,2022-01-01 00:00:00,5,355,30,1033.13,1,0,CMP0279
SCH005,2022-02-01 00:00:00,3,210,12,417.15,0,0,CMP0280
SCH005,2022-03-01 00:00:00,5,185,20,875.15,2,0,CMP0281
SCH005,2022-04-01 00:00:00,4,316,16,413.84,1,0,CMP0282
SCH005,2022-05-01 00:00:00,6,330,12,249.76,2,0,CMP0283
SCH005,2022-06-01 00:00:00,5,190,20,189.94,1,0,CMP0284
SCH005,2022-07-01 00:00:00,1,35,3,60.29,0,0,CMP0285
SCH005,2022-08-01 00:00:00,6,354,36,1192.07,2,0,CMP0286
SCH005,2022-09-01 00:00:00,1,75,7,142.69,0,0,CMP0287
SCH005,2022-10-01 00:00:00,4,264,16,618.59,0,0,CMP0288
SCH005,2022-11-01 00:00:00,3,171,9,294.73,0,0,CMP0289
SCH005,2022-12-01 00:00:00,7,294,28,393.99,2,0,CMP0290
SCH005,2023-01-01 00:00:00,5,305,35,1291.24,1,0,CMP0291
SCH005,2023-02-01 00:00:00,4,312,8,290.33,1,0,CMP0292
SCH005,2023-03-01 00:00:00,2,72,10,232.38,0,0,CMP0293
SCH005,2023-04-01 00:00:00,3,63,12,530.89,1,0,CMP0294
SCH005,2023-05-01 00:00:00,5,115,30,450.57,1,0,CMP0295
SCH005,2023-06-01 00:00:00,3,213,18,191.89,0,0,CMP0296
SCH005,2023-07-01 00:00:00,7,210,35,1415.51,3,0,CMP0297
SCH005,2023-08-01 00:00:00,3,87,6,102.1,0,0,CMP0298
SCH005,2023-09-01 00:00:00,4,168,24,669.33,1,0,CMP0299
SCH005,2023-10-01 00:00:00,8,200,24,648.4,2,0,CMP0300
SCH005,2023-11-01 00:00:00,3,183,12,231.84,0,0,CMP0001
SCH005,2023-12-01 00:00:00,1,21,5,169.9,0,0,CMP0002
SCH005,2024-01-01 00:00:00,5,380,25,243.67,1,0,CMP0003
SCH005,2024-02-01 00:00:00,4,176,16,381.95,1,0,CMP0004
SCH005,2024-03-01 00:00:00,2,102,6,237.69,0,0,CMP0005
SCH005,2024-04-01 00:00:00,10,330,60,586.46,1,0,CMP0006
SCH005,2024-05-01 00:00:00,3,99,15,625,1,0,CMP0007
SCH005,2024-06-01 00:00:00,5,310,10,405.78,1,0,CMP0008
SCH005,2024-07-01 00:00:00,5,280,25,862.73,1,0,CMP0009
SCH005,2024-08-01 00:00:00,6,294,42,1507.79,1,0,CMP0010
SCH005,2024-09-01 00:00:00,1,75,7,282.67,0,0,CMP0011
SCH005,2024-10-01 00:00:00,11,352,33,509.28,4,0,CMP0012
SCH005,2024-11-01 00:00:00,6,228,42,380.82,1,0,CMP0013
SCH005,2024-12-01 00:00:00,6,126,12,464.45,1,0,CMP0014
SCH005,2025-01-01 00:00:00,5,270,35,1164.44,1,0,CMP0015
SCH005,2025-02-01 00:00:00,5,180,25,544.58,0,0,CMP0016
SCH005,2025-03-01 00:00:00,5,290,30,817.98,1,0,CMP0017
SCH005,2025-04-01 00:00:00,6,204,36,1379.64,1,0,CMP0018
SCH005,2025-05-01 00:00:00,6,318,12,536.95,2,0,CMP0019
SCH005,2025-06-01 00:00:00,3,216,15,631.68,0,0,CMP0020
SCH005,2025-07-01 00:00:00,7,238,35,287.33,1,0,CMP0021
SCH005,2025-08-01 00:00:00,5,390,35,1272.5,1,0,CMP0022
SCH005,2025-09-01 00:00:00,3,225,9,391.16,1,0,CMP0023
SCH005,2025-10-01 00:00:00,6,414,18,253.68,2,1,CMP0024
SCH005,2025-11-01 00:00:00,5,390,35,387.34,1,0,CMP0025
SCH005,2025-12-01 00:00:00,3,123,15,263.13,0,0,CMP0026
SCH005,2026-01-01 00:00:00,7,399,42,875.85,2,0,CMP0027
SCH005,2026-02-01 00:00:00,5,280,10,352.16,1,0,CMP0028
SCH005,2026-03-01 00:00:00,4,260,20,752.26,0,0,CMP0029
SCH005,2026-04-01 00:00:00,2,86,6,166.29,0,0,CMP0030
SCH005,2026-05-01 00:00:00,2,126,8,247.06,0,0,CMP0031
SCH005,2026-06-01 00:00:00,4,132,8,107.48,0,0,CMP0032
SCH005,2026-07-01 00:00:00,7,154,42,606.78,3,0,CMP0033
SCH006,2021-01-01 00:00:00,2,102,8,76.15,0,0,CMP0034
SCH006,2021-02-01 00:00:00,3,144,15,648.26,0,0,CMP0035
SCH006,2021-03-01 00:00:00,6,210,18,525.33,1,0,CMP0036
SCH006,2021-04-01 00:00:00,4,232,24,929.81,1,0,CMP0037
SCH006,2021-05-01 00:00:00,4,232,16,651.94,1,0,CMP0038
SCH006,2021-06-01 00:00:00,6,384,42,1178.48,1,0,CMP0039
SCH006,2021-07-01 00:00:00,4,272,16,155.97,0,0,CMP0040
SCH006,2021-08-01 00:00:00,5,290,10,102.84,0,0,CMP0041
SCH006,2021-09-01 00:00:00,4,172,12,369.87,0,0,CMP0042
SCH006,2021-10-01 00:00:00,2,90,14,616.39,0,0,CMP0043
SCH006,2021-11-01 00:00:00,4,164,12,379.28,0,0,CMP0044
SCH006,2021-12-01 00:00:00,1,58,6,85.28,0,0,CMP0045
SCH006,2022-01-01 00:00:00,3,72,6,247.1,0,0,CMP0046
SCH006,2022-02-01 00:00:00,3,210,21,517.65,0,0,CMP0047
SCH006,2022-03-01 00:00:00,7,210,28,828.91,1,0,CMP0048
SCH006,2022-04-01 00:00:00,7,252,21,767.52,1,0,CMP0049
SCH006,2022-05-01 00:00:00,2,44,6,65.74,0,0,CMP0050
SCH006,2022-06-01 00:00:00,7,364,49,1397.53,1,0,CMP0051
SCH006,2022-07-01 00:00:00,4,104,24,516.55,1,0,CMP0052
SCH006,2022-08-01 00:00:00,5,265,20,502.47,1,0,CMP0053
SCH006,2022-09-01 00:00:00,5,300,25,613.29,1,0,CMP0054
SCH006,2022-10-01 00:00:00,5,155,20,578.51,1,0,CMP0055
SCH006,2022-11-01 00:00:00,6,300,24,997.24,1,0,CMP0056
SCH006,2022-12-01 00:00:00,8,616,32,1096.97,3,0,CMP0057
SCH006,2023-01-01 00:00:00,3,189,9,305.74,1,0,CMP0058
SCH006,2023-02-01 00:00:00,4,156,12,155.71,1,0,CMP0059
SCH006,2023-03-01 00:00:00,13,702,78,2867.18,5,1,CMP0060
SCH006,2023-04-01 00:00:00,7,308,42,1054.99,2,0,CMP0061
SCH006,2023-05-01 00:00:00,8,424,48,628.45,3,1,CMP0062
SCH006,2023-06-01 00:00:00,5,145,25,453.71,1,0,CMP0063
SCH006,2023-07-01 00:00:00,2,130,4,36.49,0,0,CMP0064
SCH006,2023-08-01 00:00:00,7,196,28,535.17,2,0,CMP0065
SCH006,2023-09-01 00:00:00,8,624,40,954.69,1,0,CMP0066
SCH006,2023-10-01 00:00:00,2,120,14,360.05,0,0,CMP0067
SCH006,2023-11-01 00:00:00,6,162,24,771.6,2,0,CMP0068
SCH006,2023-12-01 00:00:00,3,72,6,72.06,1,0,CMP0069
SCH006,2024-01-01 00:00:00,4,300,20,454.14,1,0,CMP0070
SCH006,2024-02-01 00:00:00,7,301,14,565.06,1,0,CMP0071
SCH006,2024-03-01 00:00:00,6,138,36,412.12,1,0,CMP0072
SCH006,2024-04-01 00:00:00,5,340,35,930.54,0,0,CMP0073
SCH006,2024-05-01 00:00:00,1,50,2,44.29,0,0,CMP0074
SCH006,2024-06-01 00:00:00,5,285,20,658.19,1,0,CMP0075
SCH006,2024-07-01 00:00:00,3,171,15,638.86,1,0,CMP0076
SCH006,2024-08-01 00:00:00,7,182,21,308.63,1,0,CMP0077
SCH006,2024-09-01 00:00:00,4,84,24,1024.86,1,0,CMP0078
SCH006,2024-10-01 00:00:00,5,255,25,369.82,2,0,CMP0079
SCH006,2024-11-01 00:00:00,8,280,24,814.97,3,1,CMP0080
SCH006,2024-12-01 00:00:00,6,474,36,1433.05,2,0,CMP0081
SCH006,2025-02-01 00:00:00,3,114,21,618.82,0,0,CMP0082
SCH006,2025-03-01 00:00:00,2,100,14,617.81,0,0,CMP0083
SCH006,2025-04-01 00:00:00,6,222,42,342.15,1,0,CMP0084
SCH006,2025-05-01 00:00:00,6,378,42,1072.8,1,0,CMP0085
SCH006,2025-06-01 00:00:00,1,54,3,120.73,0,0,CMP0086
SCH006,2025-07-01 00:00:00,2,74,12,186.09,0,0,CMP0087
SCH006,2025-08-01 00:00:00,3,174,9,242.77,0,0,CMP0088
SCH006,2025-09-01 00:00:00,2,78,8,303.12,0,0,CMP0089
SCH006,2025-10-01 00:00:00,4,148,28,442.53,1,0,CMP0090
SCH006,2025-11-01 00:00:00,4,288,8,322.8,1,0,CMP0091
SCH006,2025-12-01 00:00:00,4,272,20,193.47,1,0,CMP0092
SCH006,2026-01-01 00:00:00,5,270,35,372.09,1,0,CMP0093
SCH006,2026-02-01 00:00:00,4,292,28,1232.48,1,0,CMP0094
SCH006,2026-03-01 00:00:00,4,316,16,653.52,1,0,CMP0095
SCH006,2026-04-01 00:00:00,4,220,24,926.76,0,0,CMP0096
SCH006,2026-05-01 00:00:00,3,132,6,104.15,0,0,CMP0097
SCH006,2026-06-01 00:00:00,3,210,9,259.13,1,0,CMP0098
SCH006,2026-07-01 00:00:00,11,814,44,802.07,3,1,CMP0099
SCH007,2021-01-01 00:00:00,6,342,30,946.75,2,0,CMP0100
SCH007,2021-02-01 00:00:00,3,90,21,303.38,1,0,CMP0101
SCH007,2021-03-01 00:00:00,4,96,12,233.54,0,0,CMP0102
SCH007,2021-04-01 00:00:00,5,390,10,201.72,1,0,CMP0103
SCH007,2021-05-01 00:00:00,6,330,42,1508.03,0,0,CMP0104
SCH007,2021-06-01 00:00:00,7,273,28,915.3,1,0,CMP0105
SCH007,2021-07-01 00:00:00,6,456,12,280.96,1,0,CMP0106
SCH007,2021-08-01 00:00:00,3,222,15,140.74,0,0,CMP0107
SCH007,2021-09-01 00:00:00,3,102,6,219.44,1,0,CMP0108
SCH007,2021-10-01 00:00:00,6,420,30,1118.77,1,0,CMP0109
SCH007,2021-11-01 00:00:00,8,368,56,1765.4,3,1,CMP0110
SCH007,2021-12-01 00:00:00,8,568,16,169.86,3,1,CMP0111
SCH007,2022-01-01 00:00:00,3,147,21,877.8,1,0,CMP0112
SCH007,2022-02-01 00:00:00,4,108,16,331.23,1,0,CMP0113
SCH007,2022-03-01 00:00:00,3,171,21,626.39,0,0,CMP0114
SCH007,2022-04-01 00:00:00,4,148,20,369.65,1,0,CMP0115
SCH007,2022-05-01 00:00:00,6,174,24,591.12,1,0,CMP0116
SCH007,2022-06-01 00:00:00,5,365,10,137.46,2,0,CMP0117
SCH007,2022-07-01 00:00:00,6,348,24,964.61,2,0,CMP0118
SCH007,2022-08-01 00:00:00,7,196,28,1065.89,1,0,CMP0119
SCH007,2022-09-01 00:00:00,5,360,10,270.44,1,0,CMP0120
SCH007,2022-10-01 00:00:00,6,138,24,428.41,2,0,CMP0121
SCH007,2022-11-01 00:00:00,4,240,12,394.13,0,0,CMP0122
SCH007,2022-12-01 00:00:00,9,567,36,522.15,3,1,CMP0123
SCH007,2023-01-01 00:00:00,7,497,14,386.81,1,0,CMP0124
SCH007,2023-02-01 00:00:00,4,140,20,242.67,0,0,CMP0125
SCH007,2023-03-01 00:00:00,8,624,40,952.14,1,0,CMP0126
SCH007,2023-04-01 00:00:00,4,196,12,114.85,1,0,CMP0127
SCH007,2023-05-01 00:00:00,5,305,10,398.41,1,0,CMP0128
SCH007,2023-06-01 00:00:00,5,315,10,88.91,1,0,CMP0129
SCH007,2023-07-01 00:00:00,7,469,42,402.33,1,0,CMP0130
SCH007,2023-08-01 00:00:00,1,65,6,223.85,0,0,CMP0131
SCH007,2023-09-01 00:00:00,8,456,48,1626.92,1,0,CMP0132
SCH007,2023-10-01 00:00:00,6,432,18,327.97,1,0,CMP0133
SCH007,2023-11-01 00:00:00,5,335,35,892.36,1,0,CMP0134
SCH007,2023-12-01 00:00:00,2,152,8,95.16,0,0,CMP0135
SCH007,2024-01-01 00:00:00,7,364,42,1440.91,2,0,CMP0136
SCH007,2024-02-01 00:00:00,4,148,12,144.63,1,0,CMP0137
SCH007,2024-03-01 00:00:00,6,348,30,577.14,1,0,CMP0138
SCH007,2024-04-01 00:00:00,7,539,21,781.61,1,0,CMP0139
SCH007,2024-05-01 00:00:00,6,426,24,552.71,1,0,CMP0140
SCH007,2024-06-01 00:00:00,7,245,14,295.18,2,1,CMP0141
SCH007,2024-07-01 00:00:00,8,336,16,334.7,2,0,CMP0142
SCH007,2024-08-01 00:00:00,7,224,35,1536.01,2,0,CMP0143
SCH007,2024-09-01 00:00:00,3,108,12,110.42,0,0,CMP0144
SCH007,2024-10-01 00:00:00,4,212,20,803.2,1,0,CMP0145
SCH007,2024-11-01 00:00:00,3,93,21,483.41,0,0,CMP0146
SCH007,2024-12-01 00:00:00,4,232,16,612.92,1,0,CMP0147
SCH007,2025-01-01 00:00:00,5,205,30,922.19,1,0,CMP0148
SCH007,2025-02-01 00:00:00,5,175,10,445.12,1,0,CMP0149
SCH007,2025-03-01 00:00:00,5,360,35,1338.63,0,0,CMP0150
SCH007,2025-04-01 00:00:00,9,306,54,2033.18,3,1,CMP0151
SCH007,2025-05-01 00:00:00,8,248,32,1140.51,3,0,CMP0152
SCH007,2025-06-01 00:00:00,2,86,4,69.51,0,0,CMP0153
SCH007,2025-07-01 00:00:00,4,260,16,195.05,1,0,CMP0154
SCH007,2025-08-01 00:00:00,3,120,21,384.95,1,0,CMP0155
SCH007,2025-09-01 00:00:00,5,360,25,238.87,0,0,CMP0156
SCH007,2025-10-01 00:00:00,3,204,6,155.67,1,0,CMP0157
SCH007,2025-11-01 00:00:00,4,204,16,279.36,1,0,CMP0158
SCH007,2025-12-01 00:00:00,2,46,14,555.19,0,0,CMP0159
SCH007,2026-01-01 00:00:00,2,96,8,277.46,0,0,CMP0160
SCH007,2026-02-01 00:00:00,4,140,8,324.86,1,0,CMP0161
SCH007,2026-03-01 00:00:00,7,182,35,1098.95,1,0,CMP0162
SCH007,2026-04-01 00:00:00,4,264,12,535.35,0,0,CMP0163
SCH007,2026-05-01 00:00:00,6,168,12,302.75,0,0,CMP0164
SCH007,2026-06-01 00:00:00,3,222,18,504.92,0,0,CMP0165
SCH007,2026-07-01 00:00:00,4,220,28,1122.25,0,0,CMP0166
SCH008,2021-01-01 00:00:00,3,132,12,448.81,0,0,CMP0167
SCH008,2021-02-01 00:00:00,3,81,9,91.47,1,0,CMP0168
SCH008,2021-03-01 00:00:00,5,380,10,345.64,0,0,CMP0169
SCH008,2021-04-01 00:00:00,6,186,36,326.92,2,0,CMP0170
SCH008,2021-05-01 00:00:00,6,336,42,679.95,1,0,CMP0171
SCH008,2021-06-01 00:00:00,2,80,10,250.06,0,0,CMP0172
SCH008,2021-07-01 00:00:00,1,79,4,144.95,0,0,CMP0173
SCH008,2021-08-01 00:00:00,1,33,5,78.04,0,0,CMP0174
SCH008,2021-09-01 00:00:00,3,174,9,401.29,0,0,CMP0175
SCH008,2021-10-01 00:00:00,3,135,9,318.17,0,0,CMP0176
SCH008,2021-11-01 00:00:00,4,268,16,564.66,1,0,CMP0177
SCH008,2021-12-01 00:00:00,3,123,9,292.4,1,0,CMP0178
SCH008,2022-01-01 00:00:00,4,276,24,856.15,1,0,CMP0179
SCH008,2022-02-01 00:00:00,5,235,25,550.14,0,0,CMP0180
SCH008,2022-03-01 00:00:00,4,116,12,357.2,1,0,CMP0181
SCH008,2022-04-01 00:00:00,5,175,35,990.43,0,0,CMP0182
SCH008,2022-05-01 00:00:00,6,348,36,1245.03,1,0,CMP0183
SCH008,2022-06-01 00:00:00,6,240,42,1387.19,2,0,CMP0184
SCH008,2022-07-01 00:00:00,6,270,42,580.98,2,0,CMP0185
SCH008,2022-08-01 00:00:00,3,195,9,79.24,0,0,CMP0186
SCH008,2022-09-01 00:00:00,8,248,32,1315.8,1,0,CMP0187
SCH008,2022-10-01 00:00:00,6,270,24,697.72,1,0,CMP0188
SCH008,2022-11-01 00:00:00,5,160,25,346.22,1,0,CMP0189
SCH008,2022-12-01 00:00:00,7,294,14,394.25,2,0,CMP0190
SCH008,2023-01-01 00:00:00,3,162,12,512.82,1,0,CMP0191
SCH008,2023-02-01 00:00:00,3,93,18,486.44,0,0,CMP0192
SCH008,2023-03-01 00:00:00,4,108,16,309.22,1,0,CMP0193
SCH008,2023-04-01 00:00:00,2,126,12,304.98,0,0,CMP0194
SCH008,2023-05-01 00:00:00,4,184,20,436.28,0,0,CMP0195
SCH008,2023-06-01 00:00:00,2,66,10,273.63,0,0,CMP0196
SCH008,2023-07-01 00:00:00,10,230,40,1650.13,3,0,CMP0197
SCH008,2023-08-01 00:00:00,3,219,21,804.15,0,0,CMP0198
SCH008,2023-09-01 00:00:00,1,49,3,24.27,0,0,CMP0199
SCH008,2023-10-01 00:00:00,10,720,50,1178.41,3,0,CMP0200
SCH008,2023-11-01 00:00:00,4,312,12,201.83,1,0,CMP0201
SCH008,2023-12-01 00:00:00,9,684,36,373.97,1,0,CMP0202
SCH008,2024-01-01 00:00:00,8,480,32,869.41,3,0,CMP0203
SCH008,2024-02-01 00:00:00,6,438,30,945.99,1,0,CMP0204
SCH008,2024-03-01 00:00:00,5,330,15,377.84,1,0,CMP0205
SCH008,2024-04-01 00:00:00,4,180,28,601.98,0,0,CMP0206
SCH008,2024-05-01 00:00:00,2,64,14,113,0,0,CMP0207
SCH008,2024-06-01 00:00:00,4,204,20,595.46,1,0,CMP0208
SCH008,2024-07-01 00:00:00,8,200,32,1412.95,2,0,CMP0209
SCH008,2024-08-01 00:00:00,6,378,36,514.07,2,0,CMP0210
SCH008,2024-09-01 00:00:00,4,204,28,766.64,0,0,CMP0211
SCH008,2024-10-01 00:00:00,3,90,15,314.94,0,0,CMP0212
SCH008,2024-11-01 00:00:00,4,280,28,1000.31,1,0,CMP0213
SCH008,2024-12-01 00:00:00,3,147,21,541.02,1,0,CMP0214
SCH008,2025-01-01 00:00:00,6,192,24,527.3,1,0,CMP0215
SCH008,2025-02-01 00:00:00,9,243,63,2580.34,2,1,CMP0216
SCH008,2025-03-01 00:00:00,2,140,4,178.27,0,0,CMP0217
SCH008,2025-04-01 00:00:00,5,150,15,149.68,1,0,CMP0218
SCH008,2025-05-01 00:00:00,4,264,12,397.25,1,0,CMP0219
SCH008,2025-06-01 00:00:00,7,252,21,610.48,2,0,CMP0220
SCH008,2025-07-01 00:00:00,8,504,40,921.3,2,0,CMP0221
SCH008,2025-08-01 00:00:00,5,370,20,388.74,1,0,CMP0222
SCH008,2025-09-01 00:00:00,7,497,49,1101.37,1,0,CMP0223
SCH008,2025-10-01 00:00:00,4,168,12,208.97,1,0,CMP0224
SCH008,2025-11-01 00:00:00,5,350,35,1273.94,2,0,CMP0225
SCH008,2025-12-01 00:00:00,4,248,20,765.7,1,0,CMP0226
SCH008,2026-01-01 00:00:00,6,384,24,895.38,1,0,CMP0227
SCH008,2026-02-01 00:00:00,6,228,30,1138.41,2,0,CMP0228
SCH008,2026-03-01 00:00:00,4,292,28,930.92,1,0,CMP0229
SCH008,2026-04-01 00:00:00,4,224,12,102.37,1,0,CMP0230
SCH008,2026-05-01 00:00:00,3,84,12,189.63,0,0,CMP0231
SCH008,2026-06-01 00:00:00,6,168,24,625.23,1,0,CMP0232
SCH008,2026-07-01 00:00:00,5,195,15,429.37,1,0,CMP0233
SCH009,2021-01-01 00:00:00,4,220,16,684.55,1,0,CMP0234
SCH009,2021-02-01 00:00:00,3,66,18,541.89,0,0,CMP0235
SCH009,2021-03-01 00:00:00,3,213,21,384.04,1,0,CMP0236
SCH009,2021-04-01 00:00:00,4,88,8,103.14,0,0,CMP0237
SCH009,2021-05-01 00:00:00,5,270,15,446.72,1,0,CMP0238
SCH009,2021-06-01 00:00:00,7,511,28,1162.61,1,0,CMP0239
SCH009,2021-07-01 00:00:00,7,210,14,323.63,2,0,CMP0240
SCH009,2021-08-01 00:00:00,4,224,28,933.49,1,0,CMP0241
SCH009,2021-09-01 00:00:00,5,235,25,655.69,1,0,CMP0242
SCH009,2021-10-01 00:00:00,5,210,25,1022.37,2,0,CMP0243
SCH009,2021-11-01 00:00:00,7,406,42,832.81,2,0,CMP0244
SCH009,2021-12-01 00:00:00,8,360,56,1238.29,2,0,CMP0245
SCH009,2022-01-01 00:00:00,7,315,28,568.2,2,0,CMP0246
SCH009,2022-02-01 00:00:00,2,88,12,470.25,0,0,CMP0247
SCH009,2022-03-01 00:00:00,5,275,25,376.85,2,0,CMP0248
SCH009,2022-04-01 00:00:00,3,120,21,774.71,0,0,CMP0249
SCH009,2022-05-01 00:00:00,7,154,28,764.42,1,0,CMP0250
SCH009,2022-06-01 00:00:00,1,68,7,103.43,0,0,CMP0251
SCH009,2022-07-01 00:00:00,7,273,28,601.88,2,0,CMP0252
SCH009,2022-08-01 00:00:00,3,201,15,199.63,1,0,CMP0253
SCH009,2022-09-01 00:00:00,6,216,42,784.31,0,0,CMP0254
SCH009,2022-10-01 00:00:00,5,335,20,606.23,2,0,CMP0255
SCH009,2022-12-01 00:00:00,4,212,8,295.46,1,0,CMP0256
SCH009,2023-01-01 00:00:00,4,104,20,301.72,1,0,CMP0257
SCH009,2023-02-01 00:00:00,4,136,12,527.12,1,0,CMP0258
SCH009,2023-03-01 00:00:00,6,156,36,413.79,2,0,CMP0259
SCH009,2023-04-01 00:00:00,7,140,49,1210.88,2,1,CMP0260
SCH009,2023-05-01 00:00:00,6,324,18,601.41,2,0,CMP0261
SCH009,2023-06-01 00:00:00,5,375,10,213.75,1,0,CMP0262
SCH009,2023-07-01 00:00:00,8,384,16,362.14,1,0,CMP0263
SCH009,2023-08-01 00:00:00,7,329,14,540.07,2,0,CMP0264
SCH009,2023-09-01 00:00:00,8,408,48,2032.18,1,0,CMP0265
SCH009,2023-10-01 00:00:00,3,204,21,246.25,1,0,CMP0266
SCH009,2023-11-01 00:00:00,3,231,15,272.71,0,0,CMP0267
SCH009,2023-12-01 00:00:00,4,148,12,126.69,1,0,CMP0268
SCH009,2024-01-01 00:00:00,2,42,10,337.01,0,0,CMP0269
SCH009,2024-02-01 00:00:00,11,638,55,1720.77,4,1,CMP0270
SCH009,2024-03-01 00:00:00,8,352,24,367.65,3,1,CMP0271
SCH009,2024-04-01 00:00:00,7,217,49,1734.25,1,0,CMP0272
SCH009,2024-05-01 00:00:00,2,136,10,114.02,0,0,CMP0273
SCH009,2024-06-01 00:00:00,5,205,15,306.03,2,1,CMP0274
SCH009,2024-07-01 00:00:00,5,230,25,209.9,1,0,CMP0275
SCH009,2024-08-01 00:00:00,8,384,16,258.95,2,0,CMP0276
SCH009,2024-09-01 00:00:00,3,78,21,669.25,1,0,CMP0277
SCH009,2024-10-01 00:00:00,5,365,10,340.49,1,0,CMP0278
SCH009,2024-11-01 00:00:00,1,37,5,88.83,0,0,CMP0279
SCH009,2024-12-01 00:00:00,1,74,4,131.41,0,0,CMP0280
SCH009,2025-01-01 00:00:00,5,325,15,637.73,2,0,CMP0281
SCH009,2025-02-01 00:00:00,4,240,8,154,1,0,CMP0282
SCH009,2025-03-01 00:00:00,6,414,30,973.37,1,0,CMP0283
SCH009,2025-04-01 00:00:00,3,201,9,159.48,1,0,CMP0284
SCH009,2025-05-01 00:00:00,5,390,10,389.84,1,0,CMP0285
SCH009,2025-06-01 00:00:00,8,304,16,136.87,2,0,CMP0286
SCH009,2025-07-01 00:00:00,2,100,8,234.25,0,0,CMP0287
SCH009,2025-08-01 00:00:00,5,180,20,495.24,1,0,CMP0288
SCH009,2025-09-01 00:00:00,8,192,24,682.67,3,1,CMP0289
SCH009,2025-10-01 00:00:00,8,528,48,725.95,2,0,CMP0290
SCH009,2025-11-01 00:00:00,8,336,32,454.53,1,0,CMP0291
SCH009,2025-12-01 00:00:00,3,99,21,568.6,0,0,CMP0292
SCH009,2026-01-01 00:00:00,6,450,42,1688.8,1,0,CMP0293
SCH009,2026-02-01 00:00:00,4,284,24,862.27,1,0,CMP0294
SCH009,2026-03-01 00:00:00,1,58,4,91.97,0,0,CMP0295
SCH009,2026-04-01 00:00:00,3,78,6,95.37,1,0,CMP0296
SCH009,2026-05-01 00:00:00,8,392,32,867.28,3,1,CMP0297
SCH009,2026-06-01 00:00:00,3,201,21,912.09,1,0,CMP0298
SCH009,2026-07-01 00:00:00,6,450,12,174,2,0,CMP0299
SCH010,2021-01-01 00:00:00,7,273,42,446.54,1,0,CMP0300
SCH010,2021-02-01 00:00:00,4,172,8,244.44,1,0,CMP0001
SCH010,2021-03-01 00:00:00,5,325,20,386.84,1,0,CMP0002
SCH010,2021-04-01 00:00:00,7,259,21,369.16,2,1,CMP0003
SCH010,2021-05-01 00:00:00,5,290,35,898.72,2,0,CMP0004
SCH010,2021-06-01 00:00:00,5,290,10,383.31,2,1,CMP0005
SCH010,2021-07-01 00:00:00,1,76,4,69.19,0,0,CMP0006
SCH010,2021-08-01 00:00:00,6,300,36,1512.27,0,0,CMP0007
SCH010,2021-09-01 00:00:00,7,147,14,422.72,2,0,CMP0008
SCH010,2021-10-01 00:00:00,5,330,30,895.08,0,0,CMP0009
SCH010,2021-11-01 00:00:00,11,671,33,666.46,4,1,CMP0010
SCH010,2021-12-01 00:00:00,5,230,30,410.84,1,0,CMP0011
SCH010,2022-01-01 00:00:00,6,246,24,1066.73,1,0,CMP0012
SCH010,2022-02-01 00:00:00,1,57,7,267.57,0,0,CMP0013
SCH010,2022-03-01 00:00:00,3,141,18,394.82,0,0,CMP0014
SCH010,2022-04-01 00:00:00,5,385,20,222.1,1,0,CMP0015
SCH010,2022-05-01 00:00:00,2,94,10,380.84,0,0,CMP0016
SCH010,2022-06-01 00:00:00,4,144,24,592.23,0,0,CMP0017
SCH010,2022-07-01 00:00:00,4,92,12,222.59,0,0,CMP0018
SCH010,2022-08-01 00:00:00,3,141,18,254.28,0,0,CMP0019
SCH010,2022-09-01 00:00:00,9,531,45,2019.15,3,1,CMP0020
SCH010,2022-10-01 00:00:00,6,132,18,569.9,2,0,CMP0021
SCH010,2022-11-01 00:00:00,3,180,9,147.67,0,0,CMP0022
SCH010,2022-12-01 00:00:00,3,174,12,379.88,0,0,CMP0023
SCH010,2023-01-01 00:00:00,4,308,12,358.15,0,0,CMP0024
SCH010,2023-02-01 00:00:00,3,162,12,364.17,1,0,CMP0025
SCH010,2023-03-01 00:00:00,2,148,14,190.32,0,0,CMP0026
SCH010,2023-04-01 00:00:00,3,168,15,357.36,0,0,CMP0027
SCH010,2023-05-01 00:00:00,1,27,2,53.07,0,0,CMP0028
SCH010,2023-06-01 00:00:00,4,316,20,198.6,1,0,CMP0029
SCH010,2023-07-01 00:00:00,4,268,28,822.42,0,0,CMP0030
SCH010,2023-08-01 00:00:00,7,434,21,369.02,2,0,CMP0031
SCH010,2023-09-01 00:00:00,6,138,36,611.57,1,0,CMP0032
SCH010,2023-10-01 00:00:00,2,70,6,55.8,0,0,CMP0033
SCH010,2023-11-01 00:00:00,8,472,56,2219.7,3,0,CMP0034
SCH010,2023-12-01 00:00:00,4,248,8,281.75,1,0,CMP0035
SCH010,2024-01-01 00:00:00,5,150,30,620.07,1,0,CMP0036
SCH010,2024-02-01 00:00:00,5,285,30,794.56,1,0,CMP0037
SCH010,2024-03-01 00:00:00,6,234,36,738.17,2,0,CMP0038
SCH010,2024-04-01 00:00:00,3,75,9,209.75,0,0,CMP0039
SCH010,2024-05-01 00:00:00,1,24,7,189.03,0,0,CMP0040
SCH010,2024-06-01 00:00:00,3,102,21,715.32,0,0,CMP0041
SCH010,2024-07-01 00:00:00,5,110,20,331.93,1,0,CMP0042
SCH010,2024-08-01 00:00:00,4,276,16,615.82,1,0,CMP0043
SCH010,2024-09-01 00:00:00,6,228,24,808.06,1,0,CMP0044
SCH010,2024-10-01 00:00:00,3,159,18,364.67,1,0,CMP0045
SCH010,2024-11-01 00:00:00,2,56,10,191.6,0,0,CMP0046
SCH010,2024-12-01 00:00:00,3,171,6,167.8,0,0,CMP0047
SCH010,2025-01-01 00:00:00,9,531,27,829.58,2,0,CMP0048
SCH010,2025-02-01 00:00:00,4,184,24,491.22,1,0,CMP0049
SCH010,2025-03-01 00:00:00,4,84,16,555.78,1,0,CMP0050
SCH010,2025-04-01 00:00:00,6,120,30,781.36,2,0,CMP0051
SCH010,2025-05-01 00:00:00,3,114,9,157.7,1,0,CMP0052
SCH010,2025-06-01 00:00:00,5,345,15,517.99,1,0,CMP0053
SCH010,2025-07-01 00:00:00,5,330,20,356.65,2,0,CMP0054
SCH010,2025-08-01 00:00:00,4,228,20,260.93,1,0,CMP0055
SCH010,2025-09-01 00:00:00,4,276,12,302.72,0,0,CMP0056
SCH010,2025-10-01 00:00:00,5,275,10,153.15,1,0,CMP0057
SCH010,2025-11-01 00:00:00,4,296,12,203.26,1,0,CMP0058
SCH010,2025-12-01 00:00:00,2,100,10,196.45,0,0,CMP0059
SCH010,2026-02-01 00:00:00,5,235,20,796.14,1,0,CMP0060
SCH010,2026-03-01 00:00:00,2,90,6,79.85,0,0,CMP0061
SCH010,2026-04-01 00:00:00,2,96,12,170.21,0,0,CMP0062
SCH010,2026-05-01 00:00:00,2,134,12,175.26,0,0,CMP0063
SCH010,2026-06-01 00:00:00,8,280,16,628.27,2,0,CMP0064
SCH010,2026-07-01 00:00:00,5,105,30,813.33,1,0,CMP0065
SCH011,2021-01-01 00:00:00,4,120,20,216.55,1,0,CMP0066
SCH011,2021-02-01 00:00:00,7,427,49,719.7,2,0,CMP0067
SCH011,2021-03-01 00:00:00,3,210,9,366.43,1,0,CMP0068
SCH011,2021-04-01 00:00:00,6,264,18,787.53,1,0,CMP0069
SCH011,2021-05-01 00:00:00,3,189,21,905.17,1,0,CMP0070
SCH011,2021-06-01 00:00:00,1,54,2,38.99,0,0,CMP0071
SCH011,2021-07-01 00:00:00,5,315,30,397.19,0,0,CMP0072
SCH011,2021-08-01 00:00:00,6,354,36,937.25,2,1,CMP0073
SCH011,2021-09-01 00:00:00,7,154,14,438.86,2,0,CMP0074
SCH011,2021-10-01 00:00:00,5,120,10,258.76,1,0,CMP0075
SCH011,2021-11-01 00:00:00,5,190,25,592.55,1,0,CMP0076
SCH011,2021-12-01 00:00:00,4,84,12,371.49,1,0,CMP0077
SCH011,2022-01-01 00:00:00,7,434,49,1463.51,3,1,CMP0078
SCH011,2022-02-01 00:00:00,8,624,48,1164.13,2,0,CMP0079
SCH011,2022-03-01 00:00:00,5,110,30,778.08,0,0,CMP0080
SCH011,2022-04-01 00:00:00,4,244,8,104.17,1,0,CMP0081
SCH011,2022-05-01 00:00:00,5,300,25,351.75,0,0,CMP0082
SCH011,2022-06-01 00:00:00,3,114,12,437.8,1,0,CMP0083
SCH011,2022-07-01 00:00:00,3,174,12,230.84,0,0,CMP0084
SCH011,2022-08-01 00:00:00,6,126,18,206.87,2,0,CMP0085
SCH011,2022-09-01 00:00:00,7,546,14,137.16,2,0,CMP0086
SCH011,2022-10-01 00:00:00,4,284,16,189.02,1,0,CMP0087
SCH011,2022-11-01 00:00:00,3,198,6,219.03,0,0,CMP0088
SCH011,2022-12-01 00:00:00,8,592,24,615.42,2,0,CMP0089
SCH011,2023-01-01 00:00:00,8,520,16,554.26,3,1,CMP0090
SCH011,2023-02-01 00:00:00,4,284,12,297.22,0,0,CMP0091
SCH011,2023-03-01 00:00:00,5,140,35,690.48,2,0,CMP0092
SCH011,2023-04-01 00:00:00,3,192,18,557.27,1,0,CMP0093
SCH011,2023-05-01 00:00:00,4,232,8,161.79,1,0,CMP0094
SCH011,2023-06-01 00:00:00,3,222,6,191.02,0,0,CMP0095
SCH011,2023-07-01 00:00:00,5,335,10,159.37,0,0,CMP0096
SCH011,2023-08-01 00:00:00,8,632,24,299.58,2,1,CMP0097
SCH011,2023-09-01 00:00:00,10,550,40,1669.69,4,1,CMP0098
SCH011,2023-10-01 00:00:00,6,414,30,384.64,1,0,CMP0099
SCH011,2023-11-01 00:00:00,2,148,4,44.98,0,0,CMP0100
SCH011,2023-12-01 00:00:00,6,378,30,659.43,2,1,CMP0101
SCH011,2024-01-01 00:00:00,3,138,15,564.26,1,0,CMP0102
SCH011,2024-02-01 00:00:00,9,270,54,477.66,3,0,CMP0103
SCH011,2024-03-01 00:00:00,1,24,3,73.6,0,0,CMP0104
SCH011,2024-04-01 00:00:00,6,360,30,626.13,1,0,CMP0105
SCH011,2024-05-01 00:00:00,5,250,20,850.08,1,0,CMP0106
SCH011,2024-06-01 00:00:00,3,216,12,345.96,1,0,CMP0107
SCH011,2024-07-01 00:00:00,4,256,20,256.36,1,0,CMP0108
SCH011,2024-08-01 00:00:00,3,126,21,216.72,1,0,CMP0109
SCH011,2024-09-01 00:00:00,3,108,6,228.65,1,0,CMP0110
SCH011,2024-10-01 00:00:00,5,135,10,289.07,1,0,CMP0111
SCH011,2024-11-01 00:00:00,6,144,12,293.98,2,0,CMP0112
SCH011,2024-12-01 00:00:00,3,138,15,208.91,0,0,CMP0113
SCH011,2025-02-01 00:00:00,2,44,14,523.57,0,0,CMP0114
SCH011,2025-03-01 00:00:00,4,260,20,780.94,1,0,CMP0115
SCH011,2025-04-01 00:00:00,6,420,42,1645.2,2,1,CMP0116
SCH011,2025-05-01 00:00:00,3,228,12,467.5,0,0,CMP0117
SCH011,2025-06-01 00:00:00,4,280,20,236.19,0,0,CMP0118
SCH011,2025-07-01 00:00:00,3,222,6,62.42,1,0,CMP0119
SCH011,2025-08-01 00:00:00,4,116,24,312.71,0,0,CMP0120
SCH011,2025-09-01 00:00:00,4,256,24,996.02,0,0,CMP0121
SCH011,2025-10-01 00:00:00,3,129,15,220.16,0,0,CMP0122
SCH011,2025-11-01 00:00:00,6,408,36,491.07,0,0,CMP0123
SCH011,2025-12-01 00:00:00,5,325,35,496.72,1,0,CMP0124
SCH011,2026-01-01 00:00:00,3,180,21,247.48,0,0,CMP0125
SCH011,2026-02-01 00:00:00,4,216,12,305.89,1,0,CMP0126
SCH011,2026-03-01 00:00:00,6,348,12,499.37,2,0,CMP0127
SCH011,2026-04-01 00:00:00,4,220,20,710.55,1,0,CMP0128
SCH011,2026-05-01 00:00:00,7,266,21,224.03,1,0,CMP0129
SCH011,2026-06-01 00:00:00,3,132,21,623.02,1,0,CMP0130
SCH011,2026-07-01 00:00:00,7,280,28,490.16,2,0,CMP0131
SCH012,2021-01-01 00:00:00,5,375,30,961.59,2,0,CMP0132
SCH012,2021-02-01 00:00:00,2,56,10,377.09,0,0,CMP0133
SCH012,2021-03-01 00:00:00,4,272,8,158.32,1,0,CMP0134
SCH012,2021-04-01 00:00:00,2,140,6,131.98,0,0,CMP0135
SCH012,2021-05-01 00:00:00,6,138,42,516.66,1,0,CMP0136
SCH012,2021-06-01 00:00:00,4,268,24,584.22,1,0,CMP0137
SCH012,2021-07-01 00:00:00,10,290,30,1341.8,2,1,CMP0138
SCH012,2021-08-01 00:00:00,6,414,12,461.85,0,0,CMP0139
SCH012,2021-09-01 00:00:00,3,195,15,603.77,1,0,CMP0140
SCH012,2021-10-01 00:00:00,2,130,10,390.91,0,0,CMP0141
SCH012,2021-11-01 00:00:00,2,150,12,374.71,0,0,CMP0142
SCH012,2021-12-01 00:00:00,2,54,6,58.21,0,0,CMP0143
SCH012,2022-01-01 00:00:00,3,93,9,159.92,1,0,CMP0144
SCH012,2022-02-01 00:00:00,5,205,35,970.99,1,0,CMP0145
SCH012,2022-03-01 00:00:00,4,124,8,290.53,1,0,CMP0146
SCH012,2022-04-01 00:00:00,5,185,30,758.94,1,0,CMP0147
SCH012,2022-05-01 00:00:00,5,135,35,700.03,1,0,CMP0148
SCH012,2022-06-01 00:00:00,7,224,14,418.53,1,0,CMP0149
SCH012,2022-07-01 00:00:00,6,222,42,865.58,1,0,CMP0150
SCH012,2022-08-01 00:00:00,4,152,24,902.08,0,0,CMP0151
SCH012,2022-09-01 00:00:00,5,205,10,199,1,0,CMP0152
SCH012,2022-10-01 00:00:00,4,112,8,227.67,1,0,CMP0153
SCH012,2022-11-01 00:00:00,6,366,12,137.05,2,0,CMP0154
SCH012,2022-12-01 00:00:00,8,256,32,1064.7,2,0,CMP0155
SCH012,2023-01-01 00:00:00,2,74,12,296.41,0,0,CMP0156
SCH012,2023-02-01 00:00:00,2,130,6,48.61,0,0,CMP0157
SCH012,2023-03-01 00:00:00,3,111,15,634.33,0,0,CMP0158
SCH012,2023-04-01 00:00:00,9,324,18,149.77,3,0,CMP0159
SCH012,2023-05-01 00:00:00,4,240,8,76.34,1,0,CMP0160
SCH012,2023-06-01 00:00:00,5,365,10,269.92,0,0,CMP0161
SCH012,2023-07-01 00:00:00,4,96,12,539.73,0,0,CMP0162
SCH012,2023-08-01 00:00:00,6,132,42,1066.6,2,0,CMP0163
SCH012,2023-09-01 00:00:00,3,123,6,65.73,0,0,CMP0164
SCH012,2023-10-01 00:00:00,3,72,9,318.61,0,0,CMP0165
SCH012,2023-11-01 00:00:00,4,124,28,611.28,1,0,CMP0166
SCH012,2023-12-01 00:00:00,3,201,21,272.05,1,0,CMP0167
SCH012,2024-01-01 00:00:00,8,248,48,1774.03,2,0,CMP0168
SCH012,2024-02-01 00:00:00,3,132,9,86.96,0,0,CMP0169
SCH012,2024-03-01 00:00:00,2,142,14,293.62,0,0,CMP0170
SCH012,2024-04-01 00:00:00,3,105,6,201.23,1,0,CMP0171
SCH012,2024-05-01 00:00:00,4,120,12,108.64,0,0,CMP0172
SCH012,2024-06-01 00:00:00,9,324,36,535.78,3,1,CMP0173
SCH012,2024-07-01 00:00:00,1,24,5,201.2,0,0,CMP0174
SCH012,2024-08-01 00:00:00,1,37,3,88.24,0,0,CMP0175
SCH012,2024-09-01 00:00:00,1,62,6,100.14,0,0,CMP0176
SCH012,2024-10-01 00:00:00,10,740,30,641.87,2,0,CMP0177
SCH012,2024-11-01 00:00:00,4,288,20,767.74,1,0,CMP0178
SCH012,2024-12-01 00:00:00,3,99,6,214.31,1,0,CMP0179
SCH012,2025-01-01 00:00:00,9,666,18,494.03,2,0,CMP0180
SCH012,2025-02-01 00:00:00,7,224,42,1265.35,1,0,CMP0181
SCH012,2025-03-01 00:00:00,9,414,36,1592.71,3,1,CMP0182
SCH012,2025-04-01 00:00:00,3,96,9,221.63,0,0,CMP0183
SCH012,2025-05-01 00:00:00,6,438,12,351.04,2,0,CMP0184
SCH012,2025-06-01 00:00:00,9,477,63,789.66,3,0,CMP0185
SCH012,2025-07-01 00:00:00,5,185,25,1081.01,0,0,CMP0186
SCH012,2025-08-01 00:00:00,6,306,42,1424.83,2,0,CMP0187
SCH012,2025-09-01 00:00:00,6,468,24,849.61,1,0,CMP0188
SCH012,2025-10-01 00:00:00,5,110,10,443.68,1,0,CMP0189
SCH012,2025-11-01 00:00:00,4,236,24,545.78,1,0,CMP0190
SCH012,2025-12-01 00:00:00,3,105,9,382.64,1,0,CMP0191
SCH012,2026-01-01 00:00:00,2,100,12,402.73,0,0,CMP0192
SCH012,2026-02-01 00:00:00,6,474,24,300.56,2,0,CMP0193
SCH012,2026-03-01 00:00:00,3,102,12,416.41,0,0,CMP0194
SCH012,2026-04-01 00:00:00,2,158,6,149.37,0,0,CMP0195
SCH012,2026-05-01 00:00:00,6,132,18,481.45,2,1,CMP0196
SCH012,2026-06-01 00:00:00,4,216,8,104.94,1,0,CMP0197
SCH012,2026-07-01 00:00:00,3,114,9,368.67,0,0,CMP0198
SCH013,2021-01-01 00:00:00,3,96,18,733.24,0,0,CMP0199
SCH013,2021-02-01 00:00:00,3,222,21,270.59,0,0,CMP0200
SCH013,2021-03-01 00:00:00,6,246,30,1010.12,2,0,CMP0201
SCH013,2021-04-01 00:00:00,9,297,36,775.61,3,1,CMP0202
SCH013,2021-05-01 00:00:00,5,290,10,365.82,2,0,CMP0203
SCH013,2021-06-01 00:00:00,1,75,3,76.68,0,0,CMP0204
SCH013,2021-07-01 00:00:00,2,100,14,338.5,0,0,CMP0205
SCH013,2021-08-01 00:00:00,7,469,42,1098.14,1,0,CMP0206
SCH013,2021-09-01 00:00:00,2,62,10,154.46,0,0,CMP0207
SCH013,2021-10-01 00:00:00,3,153,9,264.27,0,0,CMP0208
SCH013,2021-11-01 00:00:00,3,222,15,157.33,0,0,CMP0209
SCH013,2021-12-01 00:00:00,6,468,12,269.15,1,0,CMP0210
SCH013,2022-01-01 00:00:00,3,198,12,353.49,1,0,CMP0211
SCH013,2022-02-01 00:00:00,4,264,8,138.87,0,0,CMP0212
SCH013,2022-03-01 00:00:00,8,488,16,431.21,2,0,CMP0213
SCH013,2022-04-01 00:00:00,7,490,21,300.98,1,0,CMP0214
SCH013,2022-05-01 00:00:00,8,336,24,358.83,2,0,CMP0215
SCH013,2022-06-01 00:00:00,6,132,12,384.2,2,0,CMP0216
SCH013,2022-07-01 00:00:00,7,441,35,521.45,2,0,CMP0217
SCH013,2022-08-01 00:00:00,7,483,49,1651.18,2,1,CMP0218
SCH013,2022-09-01 00:00:00,2,54,4,96.39,0,0,CMP0219
SCH013,2022-10-01 00:00:00,5,315,20,343.71,1,0,CMP0220
SCH013,2022-11-01 00:00:00,7,154,35,983.79,1,0,CMP0221
SCH013,2022-12-01 00:00:00,4,128,24,434.07,0,0,CMP0222
SCH013,2023-01-01 00:00:00,4,228,24,621.91,1,0,CMP0223
SCH013,2023-02-01 00:00:00,4,112,12,516.06,0,0,CMP0224
SCH013,2023-03-01 00:00:00,7,259,21,220.27,2,0,CMP0225
SCH013,2023-04-01 00:00:00,3,162,21,496.76,0,0,CMP0226
SCH013,2023-05-01 00:00:00,4,92,20,259.04,0,0,CMP0227
SCH013,2023-06-01 00:00:00,2,126,14,489.31,0,0,CMP0228
SCH013,2023-07-01 00:00:00,5,320,15,559.15,1,0,CMP0229
SCH013,2023-08-01 00:00:00,6,192,42,1394.35,2,0,CMP0230
SCH013,2023-09-01 00:00:00,5,215,15,290.01,1,0,CMP0231
SCH013,2023-10-01 00:00:00,9,315,27,370.42,3,1,CMP0232
SCH013,2023-11-01 00:00:00,3,132,9,142.86,1,0,CMP0233
SCH013,2023-12-01 00:00:00,8,400,48,1067.85,1,0,CMP0234
SCH013,2024-01-01 00:00:00,6,396,36,804.21,1,0,CMP0235
SCH013,2024-02-01 00:00:00,4,216,12,219.96,1,0,CMP0236
SCH013,2024-03-01 00:00:00,5,350,30,1117.87,2,0,CMP0237
SCH013,2024-04-01 00:00:00,8,336,40,1042.63,3,1,CMP0238
SCH013,2024-06-01 00:00:00,2,90,4,155.31,0,0,CMP0239
SCH013,2024-07-01 00:00:00,1,79,7,158.32,0,0,CMP0240
SCH013,2024-08-01 00:00:00,8,408,56,991.17,1,0,CMP0241
SCH013,2024-09-01 00:00:00,5,320,10,279.26,1,0,CMP0242
SCH013,2024-10-01 00:00:00,5,175,25,605.76,1,0,CMP0243
SCH013,2024-11-01 00:00:00,9,333,54,1110.87,3,0,CMP0244
SCH013,2024-12-01 00:00:00,4,252,28,1201.16,0,0,CMP0245
SCH013,2025-01-01 00:00:00,7,483,21,491.7,1,0,CMP0246
SCH013,2025-02-01 00:00:00,7,427,49,2104.4,1,0,CMP0247
SCH013,2025-03-01 00:00:00,5,110,20,492.44,1,0,CMP0248
SCH013,2025-04-01 00:00:00,3,78,21,910.08,0,0,CMP0249
SCH013,2025-05-01 00:00:00,5,395,25,244.52,0,0,CMP0250
SCH013,2025-06-01 00:00:00,4,272,8,242.4,0,0,CMP0251
SCH013,2025-07-01 00:00:00,4,100,16,156.95,1,0,CMP0252
SCH013,2025-08-01 00:00:00,3,78,12,133.71,0,0,CMP0253
SCH013,2025-09-01 00:00:00,4,252,12,305.64,1,0,CMP0254
SCH013,2025-10-01 00:00:00,4,252,12,131.31,0,0,CMP0255
SCH013,2025-11-01 00:00:00,3,63,9,160.87,0,0,CMP0256
SCH013,2025-12-01 00:00:00,2,78,10,173.95,0,0,CMP0257
SCH013,2026-01-01 00:00:00,7,399,28,695.2,2,0,CMP0258
SCH013,2026-02-01 00:00:00,4,156,24,412.9,1,0,CMP0259
SCH013,2026-03-01 00:00:00,3,213,12,527.54,0,0,CMP0260
SCH013,2026-04-01 00:00:00,6,120,18,725.5,2,0,CMP0261
SCH013,2026-05-01 00:00:00,9,495,36,672.89,3,0,CMP0262
SCH013,2026-06-01 00:00:00,11,451,22,702.5,3,1,CMP0263
SCH013,2026-07-01 00:00:00,5,195,35,1454.97,2,0,CMP0264
SCH014,2021-01-01 00:00:00,3,78,6,112.63,0,0,CMP0265
SCH014,2021-02-01 00:00:00,1,41,2,26.26,0,0,CMP0266
SCH014,2021-03-01 00:00:00,5,110,30,1084.94,2,0,CMP0267
SCH014,2021-04-01 00:00:00,4,176,20,287.79,0,0,CMP0268
SCH014,2021-05-01 00:00:00,6,264,18,451.31,2,0,CMP0269
SCH014,2021-06-01 00:00:00,3,189,18,526.29,0,0,CMP0270
SCH014,2021-07-01 00:00:00,4,124,28,395.31,1,0,CMP0271
SCH014,2021-08-01 00:00:00,2,40,14,289.95,0,0,CMP0272
SCH014,2021-09-01 00:00:00,9,279,45,1387.09,3,1,CMP0273
SCH014,2021-10-01 00:00:00,6,264,42,1748.66,1,0,CMP0274
SCH014,2021-11-01 00:00:00,2,60,4,163.34,0,0,CMP0275
SCH014,2021-12-01 00:00:00,1,26,7,86.75,0,0,CMP0276
SCH014,2022-01-01 00:00:00,5,385,30,633.37,1,0,CMP0277
SCH014,2022-02-01 00:00:00,5,395,30,1123.43,1,0,CMP0278
SCH014,2022-03-01 00:00:00,6,180,18,746.82,0,0,CMP0279
SCH014,2022-04-01 00:00:00,4,216,20,323.2,1,0,CMP0280
SCH014,2022-05-01 00:00:00,3,63,21,589,0,0,CMP0281
SCH014,2022-06-01 00:00:00,2,88,14,403.6,0,0,CMP0282
SCH014,2022-07-01 00:00:00,4,124,16,537.93,1,0,CMP0283
SCH014,2022-08-01 00:00:00,3,93,15,652.1,0,0,CMP0284
SCH014,2022-10-01 00:00:00,2,122,6,100.33,0,0,CMP0285
SCH014,2022-11-01 00:00:00,6,396,36,537.72,2,0,CMP0286
SCH014,2022-12-01 00:00:00,1,53,7,77.84,0,0,CMP0287
SCH014,2023-01-01 00:00:00,5,350,25,581.14,1,0,CMP0288
SCH014,2023-02-01 00:00:00,2,142,4,73.44,0,0,CMP0289
SCH014,2023-03-01 00:00:00,3,228,9,276.5,0,0,CMP0290
SCH014,2023-04-01 00:00:00,2,58,10,164.23,0,0,CMP0291
SCH014,2023-05-01 00:00:00,2,62,10,191.11,0,0,CMP0292
SCH014,2023-06-01 00:00:00,5,195,30,1119.93,2,0,CMP0293
SCH014,2023-07-01 00:00:00,2,158,8,240.31,0,0,CMP0294
SCH014,2023-08-01 00:00:00,2,90,12,138.45,0,0,CMP0295
SCH014,2023-09-01 00:00:00,5,265,35,639.17,1,0,CMP0296
SCH014,2023-10-01 00:00:00,1,44,6,130.25,0,0,CMP0297
SCH014,2023-11-01 00:00:00,4,116,24,270.5,1,0,CMP0298
SCH014,2023-12-01 00:00:00,2,94,10,325.35,0,0,CMP0299
SCH014,2024-01-01 00:00:00,2,72,14,302.39,0,0,CMP0300
SCH014,2024-02-01 00:00:00,6,186,12,359.34,2,0,CMP0001
SCH014,2024-03-01 00:00:00,3,219,9,75.53,0,0,CMP0002
SCH014,2024-04-01 00:00:00,4,280,8,289.57,1,0,CMP0003
SCH014,2024-05-01 00:00:00,3,225,15,406.05,0,0,CMP0004
SCH014,2024-06-01 00:00:00,9,513,36,1321.35,3,1,CMP0005
SCH014,2024-07-01 00:00:00,4,120,16,506.48,1,0,CMP0006
SCH014,2024-08-01 00:00:00,7,245,42,539.91,3,0,CMP0007
SCH014,2024-09-01 00:00:00,6,168,12,304.6,2,1,CMP0008
SCH014,2024-10-01 00:00:00,8,456,24,913.57,3,1,CMP0009
SCH014,2024-11-01 00:00:00,8,176,48,1963.38,1,0,CMP0010
SCH014,2024-12-01 00:00:00,4,116,16,239.6,1,0,CMP0011
SCH014,2025-01-01 00:00:00,3,84,15,529.1,0,0,CMP0012
SCH014,2025-02-01 00:00:00,5,265,10,241.66,1,0,CMP0013
SCH014,2025-03-01 00:00:00,4,156,16,678.71,0,0,CMP0014
SCH014,2025-04-01 00:00:00,7,504,14,521.92,2,1,CMP0015
SCH014,2025-05-01 00:00:00,5,250,30,450.25,2,0,CMP0016
SCH014,2025-07-01 00:00:00,5,200,15,227.12,2,0,CMP0017
SCH014,2025-08-01 00:00:00,7,259,35,357.49,1,0,CMP0018
SCH014,2025-09-01 00:00:00,7,490,14,501.89,3,1,CMP0019
SCH014,2025-10-01 00:00:00,3,195,21,305.49,0,0,CMP0020
SCH014,2025-11-01 00:00:00,6,462,36,1222.71,1,0,CMP0021
SCH014,2025-12-01 00:00:00,5,325,35,762.32,1,0,CMP0022
SCH014,2026-01-01 00:00:00,8,160,24,721.17,2,0,CMP0023
SCH014,2026-02-01 00:00:00,6,456,36,561.18,1,0,CMP0024
SCH014,2026-03-01 00:00:00,6,270,30,683.45,1,0,CMP0025
SCH014,2026-04-01 00:00:00,1,58,7,311.42,0,0,CMP0026
SCH014,2026-05-01 00:00:00,3,144,21,480.08,0,0,CMP0027
SCH014,2026-06-01 00:00:00,3,108,9,347.91,0,0,CMP0028
SCH014,2026-07-01 00:00:00,3,204,9,154.55,0,0,CMP0029
SCH015,2021-01-01 00:00:00,2,48,12,172.39,0,0,CMP0030
SCH015,2021-02-01 00:00:00,1,29,7,169.66,0,0,CMP0031
SCH015,2021-03-01 00:00:00,4,120,28,684.84,0,0,CMP0032
SCH015,2021-04-01 00:00:00,5,225,30,1234.88,1,0,CMP0033
SCH015,2021-05-01 00:00:00,5,310,15,378.87,1,0,CMP0034
SCH015,2021-06-01 00:00:00,2,68,6,78.04,0,0,CMP0035
SCH015,2021-07-01 00:00:00,4,112,24,743.53,1,0,CMP0036
SCH015,2021-08-01 00:00:00,3,153,18,259.59,0,0,CMP0037
SCH015,2021-09-01 00:00:00,2,128,10,326.15,0,0,CMP0038
SCH015,2021-10-01 00:00:00,4,216,28,899.86,1,0,CMP0039
SCH015,2021-11-01 00:00:00,2,72,12,107.81,0,0,CMP0040
SCH015,2021-12-01 00:00:00,7,525,14,287.43,2,0,CMP0041
SCH015,2022-01-01 00:00:00,4,148,8,158.73,1,0,CMP0042
SCH015,2022-02-01 00:00:00,6,150,36,1218.72,2,0,CMP0043
SCH015,2022-03-01 00:00:00,6,270,18,527.64,2,1,CMP0044
SCH015,2022-04-01 00:00:00,4,132,12,375.97,0,0,CMP0045
SCH015,2022-05-01 00:00:00,5,390,35,819.34,1,0,CMP0046
SCH015,2022-06-01 00:00:00,4,280,20,235.12,1,0,CMP0047
SCH015,2022-07-01 00:00:00,4,152,12,305.78,1,0,CMP0048
SCH015,2022-08-01 00:00:00,10,200,20,557.1,2,0,CMP0049
SCH015,2022-09-01 00:00:00,4,276,12,450.94,1,0,CMP0050
SCH015,2022-10-01 00:00:00,3,150,15,232.95,0,0,CMP0051
SCH015,2022-11-01 00:00:00,6,120,18,719.35,2,0,CMP0052
SCH015,2022-12-01 00:00:00,5,160,15,201.18,2,0,CMP0053
SCH015,2023-01-01 00:00:00,7,203,21,307.63,2,0,CMP0054
SCH015,2023-02-01 00:00:00,5,225,30,1339.76,0,0,CMP0055
SCH015,2023-03-01 00:00:00,2,46,6,61.33,0,0,CMP0056
SCH015,2023-04-01 00:00:00,7,532,35,1134.01,1,0,CMP0057
SCH015,2023-05-01 00:00:00,5,295,20,416.81,1,0,CMP0058
SCH015,2023-06-01 00:00:00,3,174,12,118,1,0,CMP0059
SCH015,2023-07-01 00:00:00,7,329,49,683.41,2,0,CMP0060
SCH015,2023-08-01 00:00:00,5,345,30,1186.73,1,0,CMP0061
SCH015,2023-09-01 00:00:00,6,192,12,152.93,1,0,CMP0062
SCH015,2023-10-01 00:00:00,10,340,60,577.87,2,0,CMP0063
SCH015,2023-11-01 00:00:00,4,140,8,185.53,1,0,CMP0064
SCH015,2023-12-01 00:00:00,3,186,6,159.52,0,0,CMP0065
SCH015,2024-01-01 00:00:00,6,444,36,525.35,2,0,CMP0066
SCH015,2024-02-01 00:00:00,8,368,40,1508.71,1,0,CMP0067
SCH015,2024-03-01 00:00:00,3,168,18,804.84,0,0,CMP0068
SCH015,2024-04-01 00:00:00,6,234,24,818.24,2,0,CMP0069
SCH015,2024-05-01 00:00:00,2,98,6,230.5,0,0,CMP0070
SCH015,2024-06-01 00:00:00,4,100,24,833.72,1,0,CMP0071
SCH015,2024-07-01 00:00:00,4,144,8,141.44,0,0,CMP0072
SCH015,2024-08-01 00:00:00,4,108,12,272.04,0,0,CMP0073
SCH015,2024-09-01 00:00:00,4,164,20,243.38,0,0,CMP0074
SCH015,2024-10-01 00:00:00,9,225,63,2071.9,2,0,CMP0075
SCH015,2024-11-01 00:00:00,4,132,12,283.65,0,0,CMP0076
SCH015,2024-12-01 00:00:00,3,153,15,337.69,0,0,CMP0077
SCH015,2025-01-01 00:00:00,1,71,2,22.3,0,0,CMP0078
SCH015,2025-02-01 00:00:00,5,150,10,152.13,1,0,CMP0079
SCH015,2025-03-01 00:00:00,9,513,27,1203.89,2,0,CMP0080
SCH015,2025-04-01 00:00:00,1,27,7,271.1,0,0,CMP0081
SCH015,2025-05-01 00:00:00,6,432,42,727.39,1,0,CMP0082
SCH015,2025-06-01 00:00:00,6,450,12,277.75,1,0,CMP0083
SCH015,2025-07-01 00:00:00,5,255,15,528.54,2,0,CMP0084
SCH015,2025-08-01 00:00:00,6,306,36,919.03,1,0,CMP0085
SCH015,2025-09-01 00:00:00,6,330,18,510.13,1,0,CMP0086
SCH015,2025-10-01 00:00:00,7,532,28,612.22,2,1,CMP0087
SCH015,2025-11-01 00:00:00,3,114,21,854.93,1,0,CMP0088
SCH015,2025-12-01 00:00:00,5,225,35,323.03,1,0,CMP0089
SCH015,2026-01-01 00:00:00,6,276,18,221.62,1,0,CMP0090
SCH015,2026-02-01 00:00:00,1,55,3,115.41,0,0,CMP0091
SCH015,2026-03-01 00:00:00,3,72,6,128.1,1,0,CMP0092
SCH015,2026-04-01 00:00:00,2,66,12,320.89,0,0,CMP0093
SCH015,2026-05-01 00:00:00,6,456,42,1454.92,2,0,CMP0094
SCH015,2026-06-01 00:00:00,4,208,28,787.63,1,0,CMP0095
SCH015,2026-07-01 00:00:00,8,232,56,503.02,2,0,CMP0096
SCH016,2021-01-01 00:00:00,2,96,10,157.73,0,0,CMP0097
SCH016,2021-02-01 00:00:00,3,234,15,256.32,1,0,CMP0098
SCH016,2021-03-01 00:00:00,7,189,49,1196.76,2,0,CMP0099
SCH016,2021-04-01 00:00:00,4,84,12,322.03,1,0,CMP0100
SCH016,2021-05-01 00:00:00,3,204,18,410.54,0,0,CMP0101
SCH016,2021-06-01 00:00:00,6,426,36,1385.33,2,0,CMP0102
SCH016,2021-07-01 00:00:00,8,504,56,2199.58,3,1,CMP0103
SCH016,2021-08-01 00:00:00,5,185,25,225.39,1,0,CMP0104
SCH016,2021-09-01 00:00:00,4,316,12,335.94,0,0,CMP0105
SCH016,2021-10-01 00:00:00,2,74,10,256.61,0,0,CMP0106
SCH016,2021-11-01 00:00:00,4,144,16,460.82,1,0,CMP0107
SCH016,2021-12-01 00:00:00,5,100,35,668.47,0,0,CMP0108
SCH016,2022-01-01 00:00:00,1,37,5,99.26,0,0,CMP0109
SCH016,2022-02-01 00:00:00,4,108,24,375.17,1,0,CMP0110
SCH016,2022-03-01 00:00:00,4,248,28,501.7,0,0,CMP0111
SCH016,2022-04-01 00:00:00,5,255,20,893.9,1,0,CMP0112
SCH016,2022-05-01 00:00:00,4,196,24,327.43,1,0,CMP0113
SCH016,2022-06-01 00:00:00,3,72,21,548.57,1,0,CMP0114
SCH016,2022-07-01 00:00:00,3,174,12,110.17,0,0,CMP0115
SCH016,2022-08-01 00:00:00,6,144,24,503.86,1,0,CMP0116
SCH016,2022-09-01 00:00:00,2,108,12,310.12,0,0,CMP0117
SCH016,2022-10-01 00:00:00,4,100,12,428.96,1,0,CMP0118
SCH016,2022-11-01 00:00:00,7,343,49,1941.9,2,0,CMP0119
SCH016,2022-12-01 00:00:00,8,176,24,616.79,2,0,CMP0120
SCH016,2023-01-01 00:00:00,8,568,32,405.94,1,0,CMP0121
SCH016,2023-02-01 00:00:00,7,392,21,453.18,2,0,CMP0122
SCH016,2023-03-01 00:00:00,1,62,2,50.92,0,0,CMP0123
SCH016,2023-04-01 00:00:00,7,259,28,682.55,1,0,CMP0124
SCH016,2023-05-01 00:00:00,7,245,42,1006.52,2,0,CMP0125
SCH016,2023-06-01 00:00:00,4,188,24,707.19,0,0,CMP0126
SCH016,2023-07-01 00:00:00,7,462,21,721.35,2,0,CMP0127
SCH016,2023-08-01 00:00:00,9,396,18,341.79,2,0,CMP0128
SCH016,2023-09-01 00:00:00,6,288,42,639.92,2,0,CMP0129
SCH016,2023-10-01 00:00:00,9,387,18,758.42,2,0,CMP0130
SCH016,2023-11-01 00:00:00,4,244,20,794.7,1,0,CMP0131
SCH016,2023-12-01 00:00:00,5,300,15,652.02,2,0,CMP0132
SCH016,2024-01-01 00:00:00,4,148,16,266.86,0,0,CMP0133
SCH016,2024-02-01 00:00:00,4,264,8,337.44,1,0,CMP0134
SCH016,2024-03-01 00:00:00,5,130,35,1150.58,1,0,CMP0135
SCH016,2024-04-01 00:00:00,7,147,14,392.7,3,0,CMP0136
SCH016,2024-05-01 00:00:00,3,195,12,281.2,1,0,CMP0137
SCH016,2024-06-01 00:00:00,6,462,24,442.66,0,0,CMP0138
SCH016,2024-07-01 00:00:00,2,84,10,250.41,0,0,CMP0139
SCH016,2024-08-01 00:00:00,4,264,8,322.29,0,0,CMP0140
SCH016,2024-09-01 00:00:00,3,129,21,442.99,1,0,CMP0141
SCH016,2024-10-01 00:00:00,2,102,6,124.05,0,0,CMP0142
SCH016,2024-11-01 00:00:00,5,260,25,790.6,2,0,CMP0143
SCH016,2024-12-01 00:00:00,2,94,14,126.23,0,0,CMP0144
SCH016,2025-01-01 00:00:00,5,145,20,516.62,1,0,CMP0145
SCH016,2025-02-01 00:00:00,3,138,18,653.18,0,0,CMP0146
SCH016,2025-03-01 00:00:00,3,225,6,104.03,0,0,CMP0147
SCH016,2025-04-01 00:00:00,9,486,18,546.72,3,0,CMP0148
SCH016,2025-05-01 00:00:00,2,80,12,427.36,0,0,CMP0149
SCH016,2025-06-01 00:00:00,4,160,12,432.76,1,0,CMP0150
SCH016,2025-07-01 00:00:00,4,284,8,66.89,1,0,CMP0151
SCH016,2025-08-01 00:00:00,1,60,2,34.14,0,0,CMP0152
SCH016,2025-09-01 00:00:00,3,162,6,211.6,0,0,CMP0153
SCH016,2025-10-01 00:00:00,1,58,5,160.85,0,0,CMP0154
SCH016,2025-11-01 00:00:00,3,237,21,630.98,1,0,CMP0155
SCH016,2025-12-01 00:00:00,3,174,18,297.78,1,0,CMP0156
SCH016,2026-01-01 00:00:00,2,48,8,294.6,0,0,CMP0157
SCH016,2026-02-01 00:00:00,5,355,30,1349.26,1,0,CMP0158
SCH016,2026-03-01 00:00:00,6,390,18,800.58,1,0,CMP0159
SCH016,2026-04-01 00:00:00,5,150,15,481.2,0,0,CMP0160
SCH016,2026-05-01 00:00:00,10,410,50,628.49,2,0,CMP0161
SCH016,2026-06-01 00:00:00,3,141,18,445.49,0,0,CMP0162
SCH016,2026-07-01 00:00:00,5,385,30,715.47,1,0,CMP0163
SCH017,2021-01-01 00:00:00,6,132,30,761.09,1,0,CMP0164
SCH017,2021-02-01 00:00:00,7,427,21,480.73,1,0,CMP0165
SCH017,2021-03-01 00:00:00,8,368,32,886.26,1,0,CMP0166
SCH017,2021-04-01 00:00:00,7,189,49,1143.66,2,0,CMP0167
SCH017,2021-05-01 00:00:00,6,336,18,424.66,1,0,CMP0168
SCH017,2021-06-01 00:00:00,5,195,35,972.38,1,0,CMP0169
SCH017,2021-07-01 00:00:00,4,256,28,350,1,0,CMP0170
SCH017,2021-08-01 00:00:00,3,222,6,177.03,0,0,CMP0171
SCH017,2021-09-01 00:00:00,2,66,4,170.48,0,0,CMP0172
SCH017,2021-10-01 00:00:00,3,171,9,165.88,1,0,CMP0173
SCH017,2021-11-01 00:00:00,3,189,15,239.04,0,0,CMP0174
SCH017,2021-12-01 00:00:00,6,324,30,874.57,0,0,CMP0175
SCH017,2022-01-01 00:00:00,6,312,12,317.8,2,0,CMP0176
SCH017,2022-02-01 00:00:00,8,184,32,678.95,1,0,CMP0177
SCH017,2022-03-01 00:00:00,6,426,12,238.79,1,0,CMP0178
SCH017,2022-04-01 00:00:00,7,476,42,913.87,1,0,CMP0179
SCH017,2022-05-01 00:00:00,4,176,8,153.97,1,0,CMP0180
SCH017,2022-06-01 00:00:00,2,110,4,108.72,0,0,CMP0181
SCH017,2022-07-01 00:00:00,5,330,35,629.59,2,0,CMP0182
SCH017,2022-08-01 00:00:00,1,78,6,137.84,0,0,CMP0183
SCH017,2022-09-01 00:00:00,5,110,15,585.3,1,0,CMP0184
SCH017,2022-10-01 00:00:00,3,90,18,488.21,1,0,CMP0185
SCH017,2022-11-01 00:00:00,4,200,12,256.07,0,0,CMP0186
SCH017,2022-12-01 00:00:00,7,364,28,295.87,2,0,CMP0187
SCH017,2023-01-01 00:00:00,5,300,20,303.47,1,0,CMP0188
SCH017,2023-02-01 00:00:00,5,380,10,262.54,1,0,CMP0189
SCH017,2023-03-01 00:00:00,1,31,2,24.64,0,0,CMP0190
SCH017,2023-04-01 00:00:00,2,138,6,67.1,0,0,CMP0191
SCH017,2023-05-01 00:00:00,4,88,28,697.91,1,0,CMP0192
SCH017,2023-06-01 00:00:00,3,150,18,399.68,1,0,CMP0193
SCH017,2023-07-01 00:00:00,3,132,9,343.28,0,0,CMP0194
SCH017,2023-08-01 00:00:00,4,244,20,854.26,0,0,CMP0195
SCH017,2023-09-01 00:00:00,3,81,21,600.51,0,0,CMP0196
SCH017,2023-10-01 00:00:00,7,434,49,1155.17,1,0,CMP0197
SCH017,2023-11-01 00:00:00,5,175,30,902.68,1,0,CMP0198
SCH017,2023-12-01 00:00:00,9,585,54,731.56,3,0,CMP0199
SCH017,2024-01-01 00:00:00,4,316,24,652.25,1,0,CMP0200
SCH017,2024-02-01 00:00:00,6,336,18,685.17,1,0,CMP0201
SCH017,2024-03-01 00:00:00,6,234,42,1763.51,1,0,CMP0202
SCH017,2024-04-01 00:00:00,5,315,30,859.31,0,0,CMP0203
SCH017,2024-05-01 00:00:00,5,250,20,662.63,1,0,CMP0204
SCH017,2024-06-01 00:00:00,6,234,30,1057.07,2,0,CMP0205
SCH017,2024-07-01 00:00:00,5,225,35,359.35,1,0,CMP0206
SCH017,2024-08-01 00:00:00,2,62,8,214.29,0,0,CMP0207
SCH017,2024-09-01 00:00:00,6,228,36,1506.58,2,0,CMP0208
SCH017,2024-10-01 00:00:00,4,300,16,453.89,0,0,CMP0209
SCH017,2024-11-01 00:00:00,8,352,24,1017.3,3,1,CMP0210
SCH017,2024-12-01 00:00:00,6,150,30,377.94,2,1,CMP0211
SCH017,2025-01-01 00:00:00,5,360,20,765.29,1,0,CMP0212
SCH017,2025-02-01 00:00:00,5,350,20,187.85,0,0,CMP0213
SCH017,2025-03-01 00:00:00,5,260,30,253.23,0,0,CMP0214
SCH017,2025-04-01 00:00:00,5,355,25,431.08,2,1,CMP0215
SCH017,2025-05-01 00:00:00,5,125,35,605.04,1,0,CMP0216
SCH017,2025-06-01 00:00:00,1,58,4,128.83,0,0,CMP0217
SCH017,2025-07-01 00:00:00,3,213,9,241.88,0,0,CMP0218
SCH017,2025-08-01 00:00:00,5,180,25,710.4,0,0,CMP0219
SCH017,2025-09-01 00:00:00,7,525,35,646.32,2,0,CMP0220
SCH017,2025-10-01 00:00:00,6,420,18,247.97,1,0,CMP0221
SCH017,2025-11-01 00:00:00,3,219,9,344.85,0,0,CMP0222
SCH017,2025-12-01 00:00:00,6,216,24,367.63,1,0,CMP0223
SCH017,2026-01-01 00:00:00,3,114,21,913.62,0,0,CMP0224
SCH017,2026-02-01 00:00:00,3,78,6,112.14,0,0,CMP0225
SCH017,2026-03-01 00:00:00,2,62,8,271.52,0,0,CMP0226
SCH017,2026-04-01 00:00:00,8,224,32,537.87,1,0,CMP0227
SCH017,2026-05-01 00:00:00,7,497,14,205.69,1,0,CMP0228
SCH017,2026-06-01 00:00:00,7,294,14,262.06,1,0,CMP0229
SCH017,2026-07-01 00:00:00,4,168,16,241.56,0,0,CMP0230
SCH018,2021-01-01 00:00:00,5,305,15,176.23,1,0,CMP0231
SCH018,2021-02-01 00:00:00,5,280,35,1263.69,1,0,CMP0232
SCH018,2021-03-01 00:00:00,3,108,21,789.48,0,0,CMP0233
SCH018,2021-04-01 00:00:00,4,236,16,599.17,0,0,CMP0234
SCH018,2021-05-01 00:00:00,7,392,49,1613.44,2,0,CMP0235
SCH018,2021-06-01 00:00:00,8,464,24,452.9,3,1,CMP0236
SCH018,2021-07-01 00:00:00,4,184,8,66.61,0,0,CMP0237
SCH018,2021-08-01 00:00:00,7,511,42,878.44,3,0,CMP0238
SCH018,2021-09-01 00:00:00,6,474,30,1195.63,1,0,CMP0239
SCH018,2021-10-01 00:00:00,9,558,54,953.5,1,0,CMP0240
SCH018,2021-11-01 00:00:00,9,270,45,1188.42,2,0,CMP0241
SCH018,2021-12-01 00:00:00,4,268,24,686.56,0,0,CMP0242
SCH018,2022-01-01 00:00:00,5,140,25,584.5,1,0,CMP0243
SCH018,2022-02-01 00:00:00,5,380,20,871.89,1,0,CMP0244
SCH018,2022-03-01 00:00:00,8,592,24,343.51,2,1,CMP0245
SCH018,2022-04-01 00:00:00,4,148,28,1170.63,1,0,CMP0246
SCH018,2022-05-01 00:00:00,2,132,10,421.09,0,0,CMP0247
SCH018,2022-06-01 00:00:00,4,192,24,439.06,1,0,CMP0248
SCH018,2022-07-01 00:00:00,1,70,4,79.44,0,0,CMP0249
SCH018,2022-08-01 00:00:00,4,132,20,673.59,0,0,CMP0250
SCH018,2022-09-01 00:00:00,8,240,16,136.83,3,1,CMP0251
SCH018,2022-10-01 00:00:00,9,513,45,1023.88,2,0,CMP0252
SCH018,2022-11-01 00:00:00,5,180,35,1220.4,0,0,CMP0253
SCH018,2022-12-01 00:00:00,6,138,30,385.42,2,0,CMP0254
SCH018,2023-01-01 00:00:00,1,42,2,45.01,0,0,CMP0255
SCH018,2023-02-01 00:00:00,2,54,6,259.55,0,0,CMP0256
SCH018,2023-03-01 00:00:00,8,264,40,1756.83,1,0,CMP0257
SCH018,2023-04-01 00:00:00,2,144,14,320.17,0,0,CMP0258
SCH018,2023-05-01 00:00:00,3,153,21,719.83,1,0,CMP0259
SCH018,2023-06-01 00:00:00,3,177,6,177.27,0,0,CMP0260
SCH018,2023-07-01 00:00:00,6,360,30,585.87,1,0,CMP0261
SCH018,2023-08-01 00:00:00,3,189,6,226.76,0,0,CMP0262
SCH018,2023-09-01 00:00:00,2,156,4,95.21,0,0,CMP0263
SCH018,2023-10-01 00:00:00,8,288,40,699.51,1,0,CMP0264
SCH018,2023-11-01 00:00:00,3,198,6,212.91,1,0,CMP0265
SCH018,2023-12-01 00:00:00,4,200,8,160.22,0,0,CMP0266
SCH018,2024-01-01 00:00:00,7,553,35,737.92,2,0,CMP0267
SCH018,2024-02-01 00:00:00,5,165,20,504.94,1,0,CMP0268
SCH018,2024-03-01 00:00:00,7,553,49,1858.89,1,0,CMP0269
SCH018,2024-04-01 00:00:00,5,255,10,427.75,1,0,CMP0270
SCH018,2024-05-01 00:00:00,4,104,24,297.23,1,0,CMP0271
SCH018,2024-06-01 00:00:00,8,304,24,650.7,1,0,CMP0272
SCH018,2024-07-01 00:00:00,8,256,16,481.02,2,0,CMP0273
SCH018,2024-08-01 00:00:00,7,483,42,1207.87,2,0,CMP0274
SCH018,2024-09-01 00:00:00,6,120,42,1606.8,2,0,CMP0275
SCH018,2024-10-01 00:00:00,8,208,32,1105.31,2,0,CMP0276
SCH018,2024-11-01 00:00:00,7,490,42,1561.93,2,0,CMP0277
SCH018,2024-12-01 00:00:00,4,160,16,361,0,0,CMP0278
SCH018,2025-01-01 00:00:00,9,369,63,1982.8,3,0,CMP0279
SCH018,2025-02-01 00:00:00,2,124,10,303.29,0,0,CMP0280
SCH018,2025-03-01 00:00:00,6,156,12,233.02,2,0,CMP0281
SCH018,2025-04-01 00:00:00,4,304,28,394.93,1,0,CMP0282
SCH018,2025-05-01 00:00:00,7,399,42,1148.27,1,0,CMP0283
SCH018,2025-06-01 00:00:00,5,120,15,255.32,1,0,CMP0284
SCH018,2025-07-01 00:00:00,3,144,12,505.95,0,0,CMP0285
SCH018,2025-08-01 00:00:00,3,132,15,240.23,1,0,CMP0286
SCH018,2025-09-01 00:00:00,5,300,10,277.93,0,0,CMP0287
SCH018,2025-10-01 00:00:00,2,154,10,400.9,0,0,CMP0288
SCH018,2025-11-01 00:00:00,5,240,35,518.07,1,0,CMP0289
SCH018,2025-12-01 00:00:00,7,182,35,1057.9,2,0,CMP0290
SCH018,2026-01-01 00:00:00,7,385,28,495.69,2,0,CMP0291
SCH018,2026-02-01 00:00:00,7,273,42,1697.98,2,0,CMP0292
SCH018,2026-03-01 00:00:00,3,153,21,518.14,0,0,CMP0293
SCH018,2026-04-01 00:00:00,8,200,40,617.87,2,0,CMP0294
SCH018,2026-05-01 00:00:00,8,376,40,1472.19,3,1,CMP0295
SCH018,2026-06-01 00:00:00,11,440,22,745.55,2,1,CMP0296
SCH018,2026-07-01 00:00:00,5,280,20,768.66,1,0,CMP0297
SCH019,2021-01-01 00:00:00,6,192,12,489.3,1,0,CMP0298
SCH019,2021-02-01 00:00:00,5,255,30,603.39,0,0,CMP0299
SCH019,2021-03-01 00:00:00,9,495,54,1918.38,3,0,CMP0300
SCH019,2021-04-01 00:00:00,2,100,6,201.38,0,0,CMP0001
SCH019,2021-05-01 00:00:00,8,208,32,1023.53,3,0,CMP0002
SCH019,2021-06-01 00:00:00,4,224,12,452.52,1,0,CMP0003
SCH019,2021-07-01 00:00:00,6,174,42,1099.37,1,0,CMP0004
SCH019,2021-08-01 00:00:00,5,115,20,440.08,2,0,CMP0005
SCH019,2021-09-01 00:00:00,4,316,20,277.19,1,0,CMP0006
SCH019,2021-10-01 00:00:00,3,117,6,234.63,1,0,CMP0007
SCH019,2021-11-01 00:00:00,4,80,16,575.85,0,0,CMP0008
SCH019,2021-12-01 00:00:00,6,198,12,477.91,1,0,CMP0009
SCH019,2022-01-01 00:00:00,6,180,42,526.14,2,0,CMP0010
SCH019,2022-02-01 00:00:00,7,315,49,413.38,3,0,CMP0011
SCH019,2022-03-01 00:00:00,5,365,15,276.51,1,0,CMP0012
SCH019,2022-04-01 00:00:00,7,259,49,890.41,1,0,CMP0013
SCH019,2022-05-01 00:00:00,2,96,8,253.52,0,0,CMP0014
SCH019,2022-06-01 00:00:00,4,212,20,680.95,0,0,CMP0015
SCH019,2022-07-01 00:00:00,2,86,14,465.34,0,0,CMP0016
SCH019,2022-08-01 00:00:00,1,49,4,52.65,0,0,CMP0017
SCH019,2022-09-01 00:00:00,4,84,8,340.34,1,0,CMP0018
SCH019,2022-10-01 00:00:00,5,165,30,1142.61,1,0,CMP0019
SCH019,2022-11-01 00:00:00,3,129,12,300.95,0,0,CMP0020
SCH019,2022-12-01 00:00:00,3,114,18,721.45,0,0,CMP0021
SCH019,2023-01-01 00:00:00,4,236,28,1023.47,1,0,CMP0022
SCH019,2023-02-01 00:00:00,3,63,12,214.34,0,0,CMP0023
SCH019,2023-03-01 00:00:00,3,150,21,653.5,1,0,CMP0024
SCH019,2023-04-01 00:00:00,6,288,18,474.33,1,0,CMP0025
SCH019,2023-05-01 00:00:00,5,105,25,245.11,1,0,CMP0026
SCH019,2023-06-01 00:00:00,1,35,2,34.81,0,0,CMP0027
SCH019,2023-07-01 00:00:00,7,378,42,868.26,2,0,CMP0028
SCH019,2023-08-01 00:00:00,2,132,14,200.35,0,0,CMP0029
SCH019,2023-09-01 00:00:00,4,216,20,417.14,1,0,CMP0030
SCH019,2023-10-01 00:00:00,7,546,35,1044.95,1,0,CMP0031
SCH019,2023-11-01 00:00:00,2,84,8,200.81,0,0,CMP0032
SCH019,2023-12-01 00:00:00,6,366,36,876.1,1,0,CMP0033
SCH019,2024-01-01 00:00:00,5,190,20,895.79,1,0,CMP0034
SCH019,2024-02-01 00:00:00,2,86,12,493.12,0,0,CMP0035
SCH019,2024-03-01 00:00:00,10,260,50,1080.4,2,0,CMP0036
SCH019,2024-04-01 00:00:00,7,266,21,380.06,1,0,CMP0037
SCH019,2024-05-01 00:00:00,5,285,20,305.8,1,0,CMP0038
SCH019,2024-06-01 00:00:00,4,124,16,581.08,1,0,CMP0039
SCH019,2024-07-01 00:00:00,5,355,10,131,1,0,CMP0040
SCH019,2024-08-01 00:00:00,1,46,4,131.49,0,0,CMP0041
SCH019,2024-09-01 00:00:00,3,60,18,530.73,0,0,CMP0042
SCH019,2024-10-01 00:00:00,4,196,8,110.16,1,0,CMP0043
SCH019,2024-11-01 00:00:00,6,228,42,1606.84,1,0,CMP0044
SCH019,2024-12-01 00:00:00,5,165,20,617.61,1,0,CMP0045
SCH019,2025-01-01 00:00:00,3,192,9,258.05,0,0,CMP0046
SCH019,2025-02-01 00:00:00,7,308,49,1064.61,2,1,CMP0047
SCH019,2025-03-01 00:00:00,5,310,10,330.13,0,0,CMP0048
SCH019,2025-04-01 00:00:00,8,560,56,2449.27,2,1,CMP0049
SCH019,2025-05-01 00:00:00,4,84,16,540.35,0,0,CMP0050
SCH019,2025-06-01 00:00:00,5,275,25,367.83,1,0,CMP0051
SCH019,2025-07-01 00:00:00,4,280,8,141.53,1,0,CMP0052
SCH019,2025-08-01 00:00:00,11,616,55,1862.69,3,1,CMP0053
SCH019,2025-09-01 00:00:00,4,220,28,273.26,1,0,CMP0054
SCH019,2025-10-01 00:00:00,3,147,9,294.23,0,0,CMP0055
SCH019,2025-11-01 00:00:00,3,129,6,95.02,0,0,CMP0056
SCH019,2025-12-01 00:00:00,7,441,35,758.88,2,0,CMP0057
SCH019,2026-01-01 00:00:00,7,462,49,958.95,1,0,CMP0058
SCH019,2026-02-01 00:00:00,6,222,24,494.41,2,1,CMP0059
SCH019,2026-03-01 00:00:00,3,156,6,111,1,0,CMP0060
SCH019,2026-04-01 00:00:00,5,325,20,450.98,1,0,CMP0061
SCH019,2026-05-01 00:00:00,7,168,49,1835.59,1,0,CMP0062
SCH019,2026-06-01 00:00:00,4,172,28,542.48,1,0,CMP0063
SCH019,2026-07-01 00:00:00,1,28,6,141.81,0,0,CMP0064
SCH020,2021-01-01 00:00:00,3,72,18,367.55,0,0,CMP0065
SCH020,2021-02-01 00:00:00,6,378,30,1101.4,1,0,CMP0066
SCH020,2021-03-01 00:00:00,5,345,35,793.86,1,0,CMP0067
SCH020,2021-04-01 00:00:00,5,245,10,278.24,1,0,CMP0068
SCH020,2021-05-01 00:00:00,2,64,8,351.48,0,0,CMP0069
SCH020,2021-06-01 00:00:00,3,81,6,179.27,0,0,CMP0070
SCH020,2021-07-01 00:00:00,2,78,12,411.53,0,0,CMP0071
SCH020,2021-08-01 00:00:00,2,62,8,238.99,0,0,CMP0072
SCH020,2021-09-01 00:00:00,5,325,25,437.31,1,0,CMP0073
SCH020,2021-10-01 00:00:00,6,222,30,602.21,1,0,CMP0074
SCH020,2021-11-01 00:00:00,7,154,28,454.26,2,0,CMP0075
SCH020,2021-12-01 00:00:00,6,144,24,1025.62,2,0,CMP0076
SCH020,2022-01-01 00:00:00,6,348,24,478.47,0,0,CMP0077
SCH020,2022-02-01 00:00:00,7,154,21,315.39,1,0,CMP0078
SCH020,2022-03-01 00:00:00,4,104,8,149.41,0,0,CMP0079
SCH020,2022-04-01 00:00:00,1,22,7,200.98,0,0,CMP0080
SCH020,2022-05-01 00:00:00,6,204,24,569.32,2,0,CMP0081
SCH020,2022-06-01 00:00:00,3,144,21,188.72,1,0,CMP0082
SCH020,2022-07-01 00:00:00,2,42,4,43.87,0,0,CMP0083
SCH020,2022-08-01 00:00:00,6,228,42,1795.5,1,0,CMP0084
SCH020,2022-09-01 00:00:00,7,273,21,634.49,1,0,CMP0085
SCH020,2022-10-01 00:00:00,9,396,36,785.44,2,0,CMP0086
SCH020,2022-11-01 00:00:00,8,200,16,238,2,0,CMP0087
SCH020,2022-12-01 00:00:00,3,99,12,134.86,0,0,CMP0088
SCH020,2023-01-01 00:00:00,9,639,54,1143.63,2,0,CMP0089
SCH020,2023-02-01 00:00:00,11,297,33,1163.37,4,1,CMP0090
SCH020,2023-03-01 00:00:00,8,312,24,960.95,2,0,CMP0091
SCH020,2023-04-01 00:00:00,6,342,30,284.03,1,0,CMP0092
SCH020,2023-05-01 00:00:00,8,200,48,633.62,1,0,CMP0093
SCH020,2023-06-01 00:00:00,4,176,20,285.07,0,0,CMP0094
SCH020,2023-07-01 00:00:00,3,66,12,524.26,1,0,CMP0095
SCH020,2023-08-01 00:00:00,8,296,32,1402.17,3,1,CMP0096
SCH020,2023-09-01 00:00:00,2,144,12,167.84,0,0,CMP0097
SCH020,2023-10-01 00:00:00,6,354,30,852.21,2,1,CMP0098
SCH020,2023-11-01 00:00:00,4,312,12,240.58,0,0,CMP0099
SCH020,2023-12-01 00:00:00,4,108,8,200.76,1,0,CMP0100
SCH020,2024-01-01 00:00:00,7,469,21,385.79,2,0,CMP0101
SCH020,2024-02-01 00:00:00,4,308,12,441.34,1,0,CMP0102
SCH020,2024-03-01 00:00:00,6,246,30,786.66,2,0,CMP0103
SCH020,2024-04-01 00:00:00,3,234,21,844.35,0,0,CMP0104
SCH020,2024-05-01 00:00:00,12,948,60,2455.02,2,0,CMP0105
SCH020,2024-06-01 00:00:00,9,486,54,1450.36,1,0,CMP0106
SCH020,2024-07-01 00:00:00,7,294,49,1920.86,2,0,CMP0107
SCH020,2024-08-01 00:00:00,3,123,18,487.39,0,0,CMP0108
SCH020,2024-09-01 00:00:00,3,111,18,485.78,1,0,CMP0109
SCH020,2024-10-01 00:00:00,4,148,20,639.86,0,0,CMP0110
SCH020,2024-11-01 00:00:00,2,150,6,212.78,0,0,CMP0111
SCH020,2024-12-01 00:00:00,5,265,10,416.73,1,0,CMP0112
SCH020,2025-01-01 00:00:00,2,130,4,57.41,0,0,CMP0113
SCH020,2025-02-01 00:00:00,4,124,12,488.1,1,0,CMP0114
SCH020,2025-03-01 00:00:00,8,280,24,983.46,2,0,CMP0115
SCH020,2025-04-01 00:00:00,5,310,15,231.48,0,0,CMP0116
SCH020,2025-05-01 00:00:00,1,20,2,19.47,0,0,CMP0117
SCH020,2025-06-01 00:00:00,7,546,14,150.85,2,0,CMP0118
SCH020,2025-07-01 00:00:00,4,84,24,896.11,0,0,CMP0119
SCH020,2025-08-01 00:00:00,3,81,12,417.05,1,0,CMP0120
SCH020,2025-09-01 00:00:00,5,385,20,857.07,0,0,CMP0121
SCH020,2025-10-01 00:00:00,4,124,12,282.36,0,0,CMP0122
SCH020,2025-11-01 00:00:00,5,340,15,207.83,1,0,CMP0123
SCH020,2025-12-01 00:00:00,8,560,24,348.37,2,0,CMP0124
SCH020,2026-01-01 00:00:00,5,340,30,794.06,0,0,CMP0125
SCH020,2026-02-01 00:00:00,4,116,20,200.32,1,0,CMP0126
SCH020,2026-03-01 00:00:00,3,186,21,344.86,1,0,CMP0127
SCH020,2026-04-01 00:00:00,3,126,21,198.5,1,0,CMP0128
SCH020,2026-05-01 00:00:00,2,138,10,386.99,0,0,CMP0129
SCH020,2026-06-01 00:00:00,6,318,24,440.08,2,0,CMP0130
SCH020,2026-07-01 00:00:00,4,196,12,108.94,1,0,CMP0131
SCH021,2021-01-01 00:00:00,5,380,35,1143.53,1,0,CMP0132
SCH021,2021-02-01 00:00:00,4,160,12,294.37,1,0,CMP0133
SCH021,2021-03-01 00:00:00,4,284,20,649.61,0,0,CMP0134
SCH021,2021-04-01 00:00:00,8,256,16,461.9,1,0,CMP0135
SCH021,2021-05-01 00:00:00,4,116,16,580.32,1,0,CMP0136
SCH021,2021-06-01 00:00:00,4,248,8,324.97,1,0,CMP0137
SCH021,2021-07-01 00:00:00,5,385,10,223.12,2,0,CMP0138
SCH021,2021-08-01 00:00:00,6,396,30,1174.79,2,0,CMP0139
SCH021,2021-09-01 00:00:00,8,352,40,1579.12,2,0,CMP0140
SCH021,2021-10-01 00:00:00,4,164,12,444.88,0,0,CMP0141
SCH021,2021-11-01 00:00:00,3,87,12,434.92,0,0,CMP0142
SCH021,2021-12-01 00:00:00,3,72,6,178.67,1,0,CMP0143
SCH021,2022-01-01 00:00:00,3,174,15,248.45,0,0,CMP0144
SCH021,2022-02-01 00:00:00,6,396,18,502.11,0,0,CMP0145
SCH021,2022-03-01 00:00:00,2,114,10,418.11,0,0,CMP0146
SCH021,2022-04-01 00:00:00,2,84,8,267.81,0,0,CMP0147
SCH021,2022-05-01 00:00:00,5,255,35,1557.52,1,0,CMP0148
SCH021,2022-06-01 00:00:00,6,408,24,867.05,0,0,CMP0149
SCH021,2022-07-01 00:00:00,3,90,15,627.61,0,0,CMP0150
SCH021,2022-08-01 00:00:00,8,544,56,2213.88,1,0,CMP0151
SCH021,2022-09-01 00:00:00,7,322,21,313.96,2,0,CMP0152
SCH021,2022-10-01 00:00:00,4,184,12,358.27,1,0,CMP0153
SCH021,2022-11-01 00:00:00,2,96,4,126.63,0,0,CMP0154
SCH021,2022-12-01 00:00:00,4,176,16,396.25,1,0,CMP0155
SCH021,2023-01-01 00:00:00,5,250,15,272.17,2,0,CMP0156
SCH021,2023-02-01 00:00:00,5,280,30,838.21,1,0,CMP0157
SCH021,2023-03-01 00:00:00,8,352,24,192.82,1,0,CMP0158
SCH021,2023-04-01 00:00:00,6,438,18,481.44,2,0,CMP0159
SCH021,2023-05-01 00:00:00,10,460,50,809.36,4,0,CMP0160
SCH021,2023-06-01 00:00:00,4,100,20,221.38,1,0,CMP0161
SCH021,2023-07-01 00:00:00,4,284,8,273.88,1,0,CMP0162
SCH021,2023-08-01 00:00:00,7,301,35,480.57,2,0,CMP0163
SCH021,2023-09-01 00:00:00,6,270,12,328.63,1,0,CMP0164
SCH021,2023-10-01 00:00:00,5,265,30,859.73,2,0,CMP0165
SCH021,2023-11-01 00:00:00,5,375,15,185.98,1,0,CMP0166
SCH021,2023-12-01 00:00:00,6,390,36,1249.95,1,0,CMP0167
SCH021,2024-01-01 00:00:00,8,368,24,737.24,1,0,CMP0168
SCH021,2024-02-01 00:00:00,4,304,24,544.69,1,0,CMP0169
SCH021,2024-03-01 00:00:00,7,427,49,1735.29,1,0,CMP0170
SCH021,2024-04-01 00:00:00,5,295,20,366.77,2,0,CMP0171
SCH021,2024-05-01 00:00:00,5,340,30,265.77,1,0,CMP0172
SCH021,2024-06-01 00:00:00,9,558,27,1105.86,3,1,CMP0173
SCH021,2024-07-01 00:00:00,2,128,10,91.61,0,0,CMP0174
SCH021,2024-08-01 00:00:00,5,275,20,635.75,1,0,CMP0175
SCH021,2024-09-01 00:00:00,1,48,7,178.69,0,0,CMP0176
SCH021,2024-10-01 00:00:00,2,96,14,382.23,0,0,CMP0177
SCH021,2024-11-01 00:00:00,5,115,15,262.6,1,0,CMP0178
SCH021,2024-12-01 00:00:00,5,120,30,863.87,1,0,CMP0179
SCH021,2025-01-01 00:00:00,3,168,18,762.28,0,0,CMP0180
SCH021,2025-02-01 00:00:00,2,144,4,108.65,0,0,CMP0181
SCH021,2025-03-01 00:00:00,2,96,14,324.43,0,0,CMP0182
SCH021,2025-04-01 00:00:00,9,477,36,733.37,1,0,CMP0183
SCH021,2025-05-01 00:00:00,4,240,8,309.39,0,0,CMP0184
SCH021,2025-06-01 00:00:00,1,27,6,225.85,0,0,CMP0185
SCH021,2025-07-01 00:00:00,5,280,10,290.94,2,0,CMP0186
SCH021,2025-08-01 00:00:00,4,264,12,445.6,1,0,CMP0187
SCH021,2025-09-01 00:00:00,10,450,40,1260.82,3,1,CMP0188
SCH021,2025-10-01 00:00:00,8,464,16,277.67,1,0,CMP0189
SCH021,2025-11-01 00:00:00,9,603,45,663.82,1,0,CMP0190
SCH021,2025-12-01 00:00:00,8,280,48,1724.41,2,0,CMP0191
SCH021,2026-01-01 00:00:00,10,270,70,1182.05,3,1,CMP0192
SCH021,2026-02-01 00:00:00,5,135,25,398.72,1,0,CMP0193
SCH021,2026-03-01 00:00:00,6,258,24,1052.58,2,0,CMP0194
SCH021,2026-04-01 00:00:00,12,240,60,921.66,5,1,CMP0195
SCH021,2026-05-01 00:00:00,7,140,28,249.84,2,0,CMP0196
SCH021,2026-06-01 00:00:00,13,416,26,876.13,3,0,CMP0197
SCH021,2026-07-01 00:00:00,2,132,14,581.39,0,0,CMP0198
SCH022,2021-01-01 00:00:00,6,408,12,413.16,2,0,CMP0199
SCH022,2021-02-01 00:00:00,4,160,8,338.78,1,0,CMP0200
SCH022,2021-03-01 00:00:00,2,58,14,385.35,0,0,CMP0201
SCH022,2021-04-01 00:00:00,8,176,48,1096.26,2,0,CMP0202
SCH022,2021-05-01 00:00:00,3,138,12,173.97,1,0,CMP0203
SCH022,2021-06-01 00:00:00,4,288,12,201.45,0,0,CMP0204
SCH022,2021-07-01 00:00:00,6,198,18,685.14,1,0,CMP0205
SCH022,2021-08-01 00:00:00,2,84,4,140.82,0,0,CMP0206
SCH022,2021-09-01 00:00:00,3,228,15,428.48,1,0,CMP0207
SCH022,2021-10-01 00:00:00,3,96,21,573.58,0,0,CMP0208
SCH022,2021-11-01 00:00:00,3,102,12,121.4,0,0,CMP0209
SCH022,2021-12-01 00:00:00,3,126,21,790.49,0,0,CMP0210
SCH022,2022-01-01 00:00:00,5,210,20,822.62,1,0,CMP0211
SCH022,2022-02-01 00:00:00,6,384,36,402.21,1,0,CMP0212
SCH022,2022-03-01 00:00:00,5,115,15,668.91,1,0,CMP0213
SCH022,2022-04-01 00:00:00,4,172,20,571.81,0,0,CMP0214
SCH022,2022-05-01 00:00:00,7,434,42,1310.38,2,0,CMP0215
SCH022,2022-06-01 00:00:00,2,128,8,289.75,0,0,CMP0216
SCH022,2022-07-01 00:00:00,3,63,18,753.57,1,0,CMP0217
SCH022,2022-08-01 00:00:00,2,90,4,147.68,0,0,CMP0218
SCH022,2022-09-01 00:00:00,2,78,12,228.34,0,0,CMP0219
SCH022,2022-10-01 00:00:00,6,288,30,427.91,1,0,CMP0220
SCH022,2022-11-01 00:00:00,2,56,10,352.07,0,0,CMP0221
SCH022,2022-12-01 00:00:00,4,192,8,282.62,1,0,CMP0222
SCH022,2023-01-01 00:00:00,4,220,8,133.95,1,0,CMP0223
SCH022,2023-02-01 00:00:00,7,553,42,1083.45,2,0,CMP0224
SCH022,2023-03-01 00:00:00,3,96,21,910.8,1,0,CMP0225
SCH022,2023-04-01 00:00:00,2,42,4,44.35,0,0,CMP0226
SCH022,2023-05-01 00:00:00,5,100,20,763.16,1,0,CMP0227
SCH022,2023-06-01 00:00:00,5,160,15,189.69,1,0,CMP0228
SCH022,2023-07-01 00:00:00,6,438,36,767.7,1,0,CMP0229
SCH022,2023-08-01 00:00:00,12,492,60,534.45,2,0,CMP0230
SCH022,2023-09-01 00:00:00,3,201,21,647.21,0,0,CMP0231
SCH022,2023-10-01 00:00:00,4,140,8,118.26,1,0,CMP0232
SCH022,2023-11-01 00:00:00,5,395,35,1133.9,0,0,CMP0233
SCH022,2023-12-01 00:00:00,8,392,32,1028.88,2,1,CMP0234
SCH022,2024-01-01 00:00:00,6,390,24,459.21,0,0,CMP0235
SCH022,2024-02-01 00:00:00,3,75,9,197.3,0,0,CMP0236
SCH022,2024-03-01 00:00:00,4,304,8,193.45,0,0,CMP0237
SCH022,2024-04-01 00:00:00,5,155,10,420.44,2,0,CMP0238
SCH022,2024-05-01 00:00:00,7,392,21,915.13,2,1,CMP0239
SCH022,2024-06-01 00:00:00,3,216,15,405.34,1,0,CMP0240
SCH022,2024-07-01 00:00:00,10,750,30,422.98,2,0,CMP0241
SCH022,2024-08-01 00:00:00,4,244,8,85.31,0,0,CMP0242
SCH022,2024-09-01 00:00:00,2,130,12,443.21,0,0,CMP0243
SCH022,2024-10-01 00:00:00,4,124,20,710.62,1,0,CMP0244
SCH022,2024-11-01 00:00:00,3,132,6,178.41,0,0,CMP0245
SCH022,2024-12-01 00:00:00,5,205,15,274.11,2,1,CMP0246
SCH022,2025-01-01 00:00:00,3,177,18,282.28,0,0,CMP0247
SCH022,2025-02-01 00:00:00,2,44,14,353.01,0,0,CMP0248
SCH022,2025-03-01 00:00:00,5,310,25,761.26,0,0,CMP0249
SCH022,2025-04-01 00:00:00,3,108,12,463.96,0,0,CMP0250
SCH022,2025-05-01 00:00:00,4,156,28,1038.86,0,0,CMP0251
SCH022,2025-06-01 00:00:00,7,203,35,549.52,1,0,CMP0252
SCH022,2025-07-01 00:00:00,3,102,15,288.89,1,0,CMP0253
SCH022,2025-08-01 00:00:00,5,270,15,558.1,1,0,CMP0254
SCH022,2025-09-01 00:00:00,3,129,18,486.99,1,0,CMP0255
SCH022,2025-10-01 00:00:00,4,316,20,412.69,1,0,CMP0256
SCH022,2025-11-01 00:00:00,2,96,4,90.51,0,0,CMP0257
SCH022,2025-12-01 00:00:00,5,310,15,525.41,0,0,CMP0258
SCH022,2026-01-01 00:00:00,3,198,9,143.36,0,0,CMP0259
SCH022,2026-02-01 00:00:00,5,345,10,253.87,2,0,CMP0260
SCH022,2026-03-01 00:00:00,4,156,28,999.09,1,0,CMP0261
SCH022,2026-04-01 00:00:00,6,432,42,1241.15,1,0,CMP0262
SCH022,2026-05-01 00:00:00,4,300,28,1036.66,0,0,CMP0263
SCH022,2026-06-01 00:00:00,5,245,25,445.84,2,0,CMP0264
SCH022,2026-07-01 00:00:00,5,205,30,912,1,0,CMP0265
SCH023,2021-01-01 00:00:00,6,252,30,892.73,1,0,CMP0266
SCH023,2021-02-01 00:00:00,2,66,10,267.25,0,0,CMP0267
SCH023,2021-03-01 00:00:00,5,245,35,1345.58,2,0,CMP0268
SCH023,2021-04-01 00:00:00,2,60,10,417.32,0,0,CMP0269
SCH023,2021-05-01 00:00:00,4,224,20,652.88,1,0,CMP0270
SCH023,2021-06-01 00:00:00,4,216,16,257.46,1,0,CMP0271
SCH023,2021-07-01 00:00:00,5,310,10,307.23,1,0,CMP0272
SCH023,2021-08-01 00:00:00,5,305,20,378.62,1,0,CMP0273
SCH023,2021-09-01 00:00:00,3,66,12,477.88,0,0,CMP0274
SCH023,2021-10-01 00:00:00,7,497,35,708.03,3,0,CMP0275
SCH023,2021-11-01 00:00:00,9,522,27,1101.82,2,1,CMP0276
SCH023,2021-12-01 00:00:00,6,264,30,266.77,2,0,CMP0277
SCH023,2022-01-01 00:00:00,3,90,15,487.56,1,0,CMP0278
SCH023,2022-02-01 00:00:00,6,462,36,1396.48,1,0,CMP0279
SCH023,2022-03-01 00:00:00,3,153,18,571.74,1,0,CMP0280
SCH023,2022-04-01 00:00:00,2,62,8,319.19,0,0,CMP0281
SCH023,2022-05-01 00:00:00,7,322,21,837.74,1,0,CMP0282
SCH023,2022-06-01 00:00:00,4,212,20,358.63,0,0,CMP0283
SCH023,2022-07-01 00:00:00,7,343,14,130.35,2,0,CMP0284
SCH023,2022-08-01 00:00:00,2,42,4,34.87,0,0,CMP0285
SCH023,2022-09-01 00:00:00,6,414,12,400.46,2,0,CMP0286
SCH023,2022-10-01 00:00:00,5,190,30,590.81,1,0,CMP0287
SCH023,2022-11-01 00:00:00,8,240,40,1438.29,2,1,CMP0288
SCH023,2022-12-01 00:00:00,8,448,48,498.25,3,1,CMP0289
SCH023,2023-01-01 00:00:00,5,390,15,206.5,1,0,CMP0290
SCH023,2023-02-01 00:00:00,10,560,70,1351.82,3,1,CMP0291
SCH023,2023-03-01 00:00:00,3,192,12,317.66,0,0,CMP0292
SCH023,2023-04-01 00:00:00,8,376,56,2195.2,3,0,CMP0293
SCH023,2023-05-01 00:00:00,7,287,49,575.05,2,0,CMP0294
SCH023,2023-06-01 00:00:00,3,216,9,309.52,1,0,CMP0295
SCH023,2023-07-01 00:00:00,3,141,12,502.55,1,0,CMP0296
SCH023,2023-08-01 00:00:00,5,295,25,873.37,1,0,CMP0297
SCH023,2023-09-01 00:00:00,4,168,28,1201.11,0,0,CMP0298
SCH023,2023-10-01 00:00:00,7,301,49,1399.37,1,0,CMP0299
SCH023,2023-11-01 00:00:00,2,140,8,264.68,0,0,CMP0300
SCH023,2023-12-01 00:00:00,7,434,35,1325.59,1,0,CMP0001
SCH023,2024-01-01 00:00:00,3,141,12,437.79,0,0,CMP0002
SCH023,2024-02-01 00:00:00,8,296,24,651.65,1,0,CMP0003
SCH023,2024-03-01 00:00:00,7,322,42,883.49,2,1,CMP0004
SCH023,2024-04-01 00:00:00,7,399,28,1050.53,1,0,CMP0005
SCH023,2024-05-01 00:00:00,4,96,28,943.82,1,0,CMP0006
SCH023,2024-06-01 00:00:00,5,280,25,1086.58,1,0,CMP0007
SCH023,2024-07-01 00:00:00,3,177,12,256.43,0,0,CMP0008
SCH023,2024-08-01 00:00:00,5,225,30,641.3,1,0,CMP0009
SCH023,2024-09-01 00:00:00,4,152,8,317.25,1,0,CMP0010
SCH023,2024-10-01 00:00:00,9,234,18,156.82,1,0,CMP0011
SCH023,2024-11-01 00:00:00,6,420,12,157.48,1,0,CMP0012
SCH023,2024-12-01 00:00:00,7,301,42,1606.25,2,0,CMP0013
SCH023,2025-01-01 00:00:00,9,639,54,1604.89,2,0,CMP0014
SCH023,2025-02-01 00:00:00,7,497,35,323.37,2,0,CMP0015
SCH023,2025-03-01 00:00:00,6,186,30,744.3,1,0,CMP0016
SCH023,2025-04-01 00:00:00,6,354,12,161.56,1,0,CMP0017
SCH023,2025-05-01 00:00:00,8,608,16,401.27,2,0,CMP0018
SCH023,2025-06-01 00:00:00,5,195,35,390.41,1,0,CMP0019
SCH023,2025-07-01 00:00:00,3,156,15,183.16,0,0,CMP0020
SCH023,2025-08-01 00:00:00,5,205,15,269.3,1,0,CMP0021
SCH023,2025-09-01 00:00:00,5,225,10,158.09,1,0,CMP0022
SCH023,2025-10-01 00:00:00,5,230,30,1021.2,2,0,CMP0023
SCH023,2025-11-01 00:00:00,8,392,40,512.67,2,0,CMP0024
SCH023,2025-12-01 00:00:00,3,132,9,110.61,0,0,CMP0025
SCH023,2026-01-01 00:00:00,3,60,12,535.31,1,0,CMP0026
SCH023,2026-02-01 00:00:00,1,73,5,168.93,0,0,CMP0027
SCH023,2026-03-01 00:00:00,4,108,8,125.33,1,0,CMP0028
SCH023,2026-04-01 00:00:00,5,260,10,424.61,1,0,CMP0029
SCH023,2026-05-01 00:00:00,6,306,30,1156.25,2,0,CMP0030
SCH023,2026-06-01 00:00:00,6,222,24,757.95,1,0,CMP0031
SCH023,2026-07-01 00:00:00,2,120,4,103.92,0,0,CMP0032
SCH024,2021-01-01 00:00:00,3,144,15,572.47,0,0,CMP0033
SCH024,2021-02-01 00:00:00,3,201,12,344.1,0,0,CMP0034
SCH024,2021-03-01 00:00:00,8,216,48,2025.56,1,0,CMP0035
SCH024,2021-04-01 00:00:00,2,126,4,120.36,0,0,CMP0036
SCH024,2021-05-01 00:00:00,5,175,30,900.36,1,0,CMP0037
SCH024,2021-06-01 00:00:00,3,114,9,211.12,0,0,CMP0038
SCH024,2021-07-01 00:00:00,4,192,24,234.11,1,0,CMP0039
SCH024,2021-08-01 00:00:00,6,222,12,428.62,1,0,CMP0040
SCH024,2021-10-01 00:00:00,4,184,8,108.09,1,0,CMP0041
SCH024,2021-11-01 00:00:00,7,231,42,1143.17,1,0,CMP0042
SCH024,2021-12-01 00:00:00,4,196,8,250.38,1,0,CMP0043
SCH024,2022-01-01 00:00:00,5,150,35,391.99,1,0,CMP0044
SCH024,2022-02-01 00:00:00,5,210,25,1032.42,1,0,CMP0045
SCH024,2022-03-01 00:00:00,1,50,5,115.84,0,0,CMP0046
SCH024,2022-04-01 00:00:00,4,208,16,700.16,1,0,CMP0047
SCH024,2022-05-01 00:00:00,3,180,6,181.17,0,0,CMP0048
SCH024,2022-06-01 00:00:00,5,380,25,1008.97,1,0,CMP0049
SCH024,2022-07-01 00:00:00,4,100,8,298.46,0,0,CMP0050
SCH024,2022-08-01 00:00:00,1,46,4,179.5,0,0,CMP0051
SCH024,2022-09-01 00:00:00,4,236,16,604.67,1,0,CMP0052
SCH024,2022-10-01 00:00:00,4,240,24,923.44,1,0,CMP0053
SCH024,2022-11-01 00:00:00,1,71,4,139.94,0,0,CMP0054
SCH024,2022-12-01 00:00:00,3,81,6,247.45,0,0,CMP0055
SCH024,2023-01-01 00:00:00,4,292,16,526.01,1,0,CMP0056
SCH024,2023-02-01 00:00:00,3,108,21,279.9,0,0,CMP0057
SCH024,2023-03-01 00:00:00,5,260,20,779.12,2,0,CMP0058
SCH024,2023-04-01 00:00:00,3,165,21,802.58,0,0,CMP0059
SCH024,2023-05-01 00:00:00,4,260,12,323.85,0,0,CMP0060
SCH024,2023-06-01 00:00:00,3,144,21,191.84,0,0,CMP0061
SCH024,2023-07-01 00:00:00,4,80,16,261.68,1,0,CMP0062
SCH024,2023-08-01 00:00:00,2,104,4,78.19,0,0,CMP0063
SCH024,2023-09-01 00:00:00,2,146,14,365.01,0,0,CMP0064
SCH024,2023-10-01 00:00:00,2,76,6,90.43,0,0,CMP0065
SCH024,2023-11-01 00:00:00,4,84,24,819.61,1,0,CMP0066
SCH024,2023-12-01 00:00:00,4,200,16,698.68,1,0,CMP0067
SCH024,2024-01-01 00:00:00,4,140,24,448.93,0,0,CMP0068
SCH024,2024-02-01 00:00:00,5,120,15,274.14,1,0,CMP0069
SCH024,2024-03-01 00:00:00,5,310,30,805.59,1,0,CMP0070
SCH024,2024-04-01 00:00:00,2,130,14,115.01,0,0,CMP0071
SCH024,2024-05-01 00:00:00,7,231,35,309.03,2,0,CMP0072
SCH024,2024-06-01 00:00:00,4,92,24,562.13,1,0,CMP0073
SCH024,2024-07-01 00:00:00,5,125,25,529.04,1,0,CMP0074
SCH024,2024-08-01 00:00:00,10,420,30,1165.09,4,2,CMP0075
SCH024,2024-09-01 00:00:00,4,88,8,215.2,1,0,CMP0076
SCH024,2024-10-01 00:00:00,3,189,12,296.27,0,0,CMP0077
SCH024,2024-11-01 00:00:00,2,116,12,168.14,0,0,CMP0078
SCH024,2024-12-01 00:00:00,4,132,8,307.03,0,0,CMP0079
SCH024,2025-01-01 00:00:00,9,243,18,416.98,3,1,CMP0080
SCH024,2025-02-01 00:00:00,4,124,28,1134.52,1,0,CMP0081
SCH024,2025-03-01 00:00:00,9,261,54,1303.23,1,0,CMP0082
SCH024,2025-04-01 00:00:00,6,366,30,543.29,1,0,CMP0083
SCH024,2025-05-01 00:00:00,1,24,2,22.73,0,0,CMP0084
SCH024,2025-06-01 00:00:00,2,76,10,228.81,0,0,CMP0085
SCH024,2025-07-01 00:00:00,3,117,15,578.56,0,0,CMP0086
SCH024,2025-08-01 00:00:00,8,264,32,1248.89,2,0,CMP0087
SCH024,2025-09-01 00:00:00,6,384,18,228.62,1,0,CMP0088
SCH024,2025-10-01 00:00:00,5,240,35,294.37,1,0,CMP0089
SCH024,2025-11-01 00:00:00,3,72,9,203.41,1,0,CMP0090
SCH024,2025-12-01 00:00:00,4,92,16,411.73,1,0,CMP0091
SCH024,2026-01-01 00:00:00,4,316,24,577.48,1,0,CMP0092
SCH024,2026-02-01 00:00:00,2,112,14,501.97,0,0,CMP0093
SCH024,2026-03-01 00:00:00,2,128,14,125.63,0,0,CMP0094
SCH024,2026-04-01 00:00:00,6,312,30,516.43,2,0,CMP0095
SCH024,2026-05-01 00:00:00,4,132,24,529.57,1,0,CMP0096
SCH024,2026-06-01 00:00:00,4,280,8,355.59,1,0,CMP0097
SCH024,2026-07-01 00:00:00,2,120,8,279.03,0,0,CMP0098
SCH025,2021-02-01 00:00:00,6,246,18,609.86,1,0,CMP0099
SCH025,2021-03-01 00:00:00,5,115,10,283.06,1,0,CMP0100
SCH025,2021-04-01 00:00:00,5,300,35,1145.91,2,0,CMP0101
SCH025,2021-05-01 00:00:00,5,150,10,376.79,0,0,CMP0102
SCH025,2021-06-01 00:00:00,2,54,6,210.81,0,0,CMP0103
SCH025,2021-07-01 00:00:00,3,228,9,309.05,0,0,CMP0104
SCH025,2021-08-01 00:00:00,6,294,18,586.34,1,0,CMP0105
SCH025,2021-09-01 00:00:00,4,144,28,965.47,1,0,CMP0106
SCH025,2021-10-01 00:00:00,6,144,42,1106.28,1,0,CMP0107
SCH025,2021-11-01 00:00:00,7,476,21,678.78,2,0,CMP0108
SCH025,2021-12-01 00:00:00,5,155,35,553.3,2,0,CMP0109
SCH025,2022-01-01 00:00:00,4,304,24,357.26,1,0,CMP0110
SCH025,2022-02-01 00:00:00,2,62,12,352.09,0,0,CMP0111
SCH025,2022-03-01 00:00:00,2,40,4,93.57,0,0,CMP0112
SCH025,2022-04-01 00:00:00,3,90,18,576.26,1,0,CMP0113
SCH025,2022-05-01 00:00:00,7,259,21,910.24,1,0,CMP0114
SCH025,2022-06-01 00:00:00,6,420,24,1042.39,1,0,CMP0115
SCH025,2022-07-01 00:00:00,5,240,25,308.77,1,0,CMP0116
SCH025,2022-08-01 00:00:00,7,238,49,2130.92,3,0,CMP0117
SCH025,2022-09-01 00:00:00,4,144,28,262.07,1,0,CMP0118
SCH025,2022-10-01 00:00:00,8,536,32,908.61,1,0,CMP0119
SCH025,2022-11-01 00:00:00,8,256,32,1017.92,3,0,CMP0120
SCH025,2022-12-01 00:00:00,5,360,10,226.11,1,0,CMP0121
SCH025,2023-01-01 00:00:00,7,217,21,252,2,1,CMP0122
SCH025,2023-02-01 00:00:00,7,378,21,564.52,1,0,CMP0123
SCH025,2023-03-01 00:00:00,5,345,15,213.79,1,0,CMP0124
SCH025,2023-04-01 00:00:00,1,65,6,100.85,0,0,CMP0125
SCH025,2023-05-01 00:00:00,3,204,15,165,1,0,CMP0126
SCH025,2023-06-01 00:00:00,1,73,7,74.03,0,0,CMP0127
SCH025,2023-07-01 00:00:00,7,322,42,1719.28,1,0,CMP0128
SCH025,2023-08-01 00:00:00,1,32,6,77.65,0,0,CMP0129
SCH025,2023-09-01 00:00:00,5,395,35,353.36,1,0,CMP0130
SCH025,2023-10-01 00:00:00,7,259,28,1130.26,1,0,CMP0131
SCH025,2023-11-01 00:00:00,3,210,12,218.77,0,0,CMP0132
SCH025,2023-12-01 00:00:00,5,165,30,909.56,1,0,CMP0133
SCH025,2024-01-01 00:00:00,6,168,24,200.39,2,0,CMP0134
SCH025,2024-02-01 00:00:00,5,245,15,170.6,1,0,CMP0135
SCH025,2024-03-01 00:00:00,6,186,36,1482.58,2,0,CMP0136
SCH025,2024-04-01 00:00:00,6,414,18,786.03,2,0,CMP0137
SCH025,2024-05-01 00:00:00,6,330,42,1864.61,0,0,CMP0138
SCH025,2024-06-01 00:00:00,2,74,6,157.28,0,0,CMP0139
SCH025,2024-07-01 00:00:00,5,225,25,519.67,1,0,CMP0140
SCH025,2024-08-01 00:00:00,8,592,32,1146.71,2,0,CMP0141
SCH025,2024-09-01 00:00:00,6,324,24,466.33,2,0,CMP0142
SCH025,2024-10-01 00:00:00,5,120,10,204.56,0,0,CMP0143
SCH025,2024-11-01 00:00:00,8,400,40,1564.54,2,0,CMP0144
SCH025,2024-12-01 00:00:00,2,42,4,150.45,0,0,CMP0145
SCH025,2025-01-01 00:00:00,7,518,28,362.46,3,1,CMP0146
SCH025,2025-02-01 00:00:00,6,420,42,1081.7,1,0,CMP0147
SCH025,2025-03-01 00:00:00,2,130,4,83.84,0,0,CMP0148
SCH025,2025-04-01 00:00:00,6,426,18,622.42,2,0,CMP0149
SCH025,2025-05-01 00:00:00,2,114,8,209.44,0,0,CMP0150
SCH025,2025-06-01 00:00:00,4,236,24,745.15,1,0,CMP0151
SCH025,2025-07-01 00:00:00,4,116,8,136.29,1,0,CMP0152
SCH025,2025-08-01 00:00:00,5,265,35,738.08,1,0,CMP0153
SCH025,2025-09-01 00:00:00,5,330,10,446.36,1,0,CMP0154
SCH025,2025-10-01 00:00:00,4,232,28,605.22,1,0,CMP0155
SCH025,2025-11-01 00:00:00,6,324,18,449.54,1,0,CMP0156
SCH025,2025-12-01 00:00:00,4,212,16,630.79,0,0,CMP0157
SCH025,2026-01-01 00:00:00,6,348,12,486.62,1,0,CMP0158
SCH025,2026-02-01 00:00:00,3,96,6,87.31,1,0,CMP0159
SCH025,2026-03-01 00:00:00,7,343,28,1078.06,2,0,CMP0160
SCH025,2026-04-01 00:00:00,6,444,18,403.2,1,0,CMP0161
SCH025,2026-05-01 00:00:00,6,228,18,714.88,2,0,CMP0162
SCH025,2026-06-01 00:00:00,4,128,16,345.29,1,0,CMP0163
SCH025,2026-07-01 00:00:00,4,248,12,174.1,1,0,CMP0164
SCH026,2021-01-01 00:00:00,3,225,21,169.82,0,0,CMP0165
SCH026,2021-02-01 00:00:00,4,292,8,128.66,1,0,CMP0166
SCH026,2021-03-01 00:00:00,6,342,18,754.79,2,0,CMP0167
SCH026,2021-04-01 00:00:00,10,570,60,1027.88,2,1,CMP0168
SCH026,2021-05-01 00:00:00,5,350,20,355.63,1,0,CMP0169
SCH026,2021-06-01 00:00:00,6,456,12,285.72,1,0,CMP0170
SCH026,2021-07-01 00:00:00,6,330,30,663.39,2,0,CMP0171
SCH026,2021-08-01 00:00:00,4,160,8,335.37,0,0,CMP0172
SCH026,2021-09-01 00:00:00,5,100,25,748.57,2,0,CMP0173
SCH026,2021-10-01 00:00:00,2,116,14,249.99,0,0,CMP0174
SCH026,2021-11-01 00:00:00,2,82,6,228.15,0,0,CMP0175
SCH026,2021-12-01 00:00:00,5,345,25,582.74,2,1,CMP0176
SCH026,2022-01-01 00:00:00,7,196,42,1089.03,1,0,CMP0177
SCH026,2022-02-01 00:00:00,6,318,30,344.52,1,0,CMP0178
SCH026,2022-03-01 00:00:00,3,129,12,376.71,0,0,CMP0179
SCH026,2022-04-01 00:00:00,2,122,14,598.79,0,0,CMP0180
SCH026,2022-05-01 00:00:00,7,406,42,739.69,2,0,CMP0181
SCH026,2022-06-01 00:00:00,5,375,25,453.15,1,0,CMP0182
SCH026,2022-07-01 00:00:00,7,315,21,733.5,1,0,CMP0183
SCH026,2022-08-01 00:00:00,6,120,18,730.14,2,0,CMP0184
SCH026,2022-09-01 00:00:00,6,132,24,246.17,1,0,CMP0185
SCH026,2022-10-01 00:00:00,3,162,9,204.69,1,0,CMP0186
SCH026,2022-11-01 00:00:00,4,116,16,264.86,0,0,CMP0187
SCH026,2022-12-01 00:00:00,5,230,35,1339.53,0,0,CMP0188
SCH026,2023-01-01 00:00:00,7,532,35,1452.25,2,0,CMP0189
SCH026,2023-02-01 00:00:00,7,168,42,459.1,2,0,CMP0190
SCH026,2023-03-01 00:00:00,2,54,10,203.05,0,0,CMP0191
SCH026,2023-04-01 00:00:00,5,170,30,272.36,1,0,CMP0192
SCH026,2023-05-01 00:00:00,3,117,9,146.93,1,0,CMP0193
SCH026,2023-06-01 00:00:00,7,224,42,1012.13,2,0,CMP0194
SCH026,2023-07-01 00:00:00,3,153,15,672.4,1,0,CMP0195
SCH026,2023-08-01 00:00:00,2,136,4,94.24,0,0,CMP0196
SCH026,2023-09-01 00:00:00,2,40,14,154.1,0,0,CMP0197
SCH026,2023-10-01 00:00:00,4,256,20,165.17,1,0,CMP0198
SCH026,2023-11-01 00:00:00,5,160,30,1025.16,1,0,CMP0199
SCH026,2023-12-01 00:00:00,2,64,10,379.23,0,0,CMP0200
SCH026,2024-01-01 00:00:00,8,176,32,1037.59,1,0,CMP0201
SCH026,2024-02-01 00:00:00,7,147,14,483.11,3,1,CMP0202
SCH026,2024-03-01 00:00:00,4,288,28,636.93,1,0,CMP0203
SCH026,2024-04-01 00:00:00,5,395,35,983.63,1,0,CMP0204
SCH026,2024-05-01 00:00:00,2,128,12,377.25,0,0,CMP0205
SCH026,2024-06-01 00:00:00,4,292,24,518.03,1,0,CMP0206
SCH026,2024-07-01 00:00:00,6,432,30,544.63,1,0,CMP0207
SCH026,2024-08-01 00:00:00,8,504,40,550.46,1,0,CMP0208
SCH026,2024-09-01 00:00:00,4,260,12,130.79,1,0,CMP0209
SCH026,2024-10-01 00:00:00,9,234,45,874.33,1,0,CMP0210
SCH026,2024-11-01 00:00:00,5,210,25,927.81,1,0,CMP0211
SCH026,2024-12-01 00:00:00,6,324,36,942.96,2,1,CMP0212
SCH026,2025-01-01 00:00:00,4,176,20,209.64,0,0,CMP0213
SCH026,2025-02-01 00:00:00,4,312,12,97.39,1,0,CMP0214
SCH026,2025-03-01 00:00:00,4,240,12,245.85,0,0,CMP0215
SCH026,2025-04-01 00:00:00,3,72,15,200.53,0,0,CMP0216
SCH026,2025-05-01 00:00:00,6,396,36,492.65,1,0,CMP0217
SCH026,2025-06-01 00:00:00,2,150,12,308.81,0,0,CMP0218
SCH026,2025-07-01 00:00:00,6,216,24,1003.04,1,0,CMP0219
SCH026,2025-08-01 00:00:00,9,612,18,269.73,3,0,CMP0220
SCH026,2025-09-01 00:00:00,6,276,24,824.61,1,0,CMP0221
SCH026,2025-10-01 00:00:00,8,576,56,637.55,2,0,CMP0222
SCH026,2025-11-01 00:00:00,4,112,12,499.62,0,0,CMP0223
SCH026,2025-12-01 00:00:00,6,306,36,1183.71,2,0,CMP0224
SCH026,2026-01-01 00:00:00,8,288,24,773.99,2,0,CMP0225
SCH026,2026-02-01 00:00:00,5,165,15,144.41,1,0,CMP0226
SCH026,2026-03-01 00:00:00,1,56,4,143.88,0,0,CMP0227
SCH026,2026-04-01 00:00:00,4,280,20,208,1,0,CMP0228
SCH026,2026-05-01 00:00:00,5,220,35,1436.37,1,0,CMP0229
SCH026,2026-06-01 00:00:00,7,476,35,1417.98,3,0,CMP0230
SCH026,2026-07-01 00:00:00,7,462,21,615.55,3,1,CMP0231
SCH027,2021-01-01 00:00:00,8,472,16,363.82,2,0,CMP0232
SCH027,2021-02-01 00:00:00,2,94,6,224.29,0,0,CMP0233
SCH027,2021-03-01 00:00:00,4,100,16,474.53,1,0,CMP0234
SCH027,2021-04-01 00:00:00,1,71,3,58.44,0,0,CMP0235
SCH027,2021-05-01 00:00:00,2,154,6,136.85,0,0,CMP0236
SCH027,2021-06-01 00:00:00,4,148,16,520.9,0,0,CMP0237
SCH027,2021-07-01 00:00:00,4,296,20,317.82,1,0,CMP0238
SCH027,2021-08-01 00:00:00,5,250,30,567.11,2,0,CMP0239
SCH027,2021-09-01 00:00:00,3,225,9,207.21,0,0,CMP0240
SCH027,2021-10-01 00:00:00,6,186,24,229.01,2,0,CMP0241
SCH027,2021-11-01 00:00:00,2,140,6,82.81,0,0,CMP0242
SCH027,2021-12-01 00:00:00,3,108,18,582.4,1,0,CMP0243
SCH027,2022-01-01 00:00:00,3,192,6,213.39,1,0,CMP0244
SCH027,2022-02-01 00:00:00,3,213,15,523.11,1,0,CMP0245
SCH027,2022-03-01 00:00:00,7,175,42,1771.03,2,0,CMP0246
SCH027,2022-04-01 00:00:00,1,71,5,125.22,0,0,CMP0247
SCH027,2022-05-01 00:00:00,4,256,20,783.16,1,0,CMP0248
SCH027,2022-06-01 00:00:00,6,228,42,1622.88,1,0,CMP0249
SCH027,2022-07-01 00:00:00,5,350,20,466.57,2,0,CMP0250
SCH027,2022-08-01 00:00:00,9,477,18,524.62,3,1,CMP0251
SCH027,2022-09-01 00:00:00,7,427,42,464.29,2,0,CMP0252
SCH027,2022-10-01 00:00:00,4,304,16,713.49,1,0,CMP0253
SCH027,2022-11-01 00:00:00,3,156,9,134.05,0,0,CMP0254
SCH027,2022-12-01 00:00:00,6,270,24,1012.94,1,0,CMP0255
SCH027,2023-01-01 00:00:00,3,63,18,327.87,0,0,CMP0256
SCH027,2023-02-01 00:00:00,3,237,15,307.61,0,0,CMP0257
SCH027,2023-03-01 00:00:00,5,350,10,134.7,1,0,CMP0258
SCH027,2023-04-01 00:00:00,4,180,28,828.01,1,0,CMP0259
SCH027,2023-05-01 00:00:00,6,282,12,357.26,1,0,CMP0260
SCH027,2023-06-01 00:00:00,5,225,20,891.97,1,0,CMP0261
SCH027,2023-07-01 00:00:00,7,189,49,718.02,1,0,CMP0262
SCH027,2023-08-01 00:00:00,3,135,21,547.05,1,0,CMP0263
SCH027,2023-09-01 00:00:00,4,128,8,171.48,0,0,CMP0264
SCH027,2023-10-01 00:00:00,4,260,24,927.62,1,0,CMP0265
SCH027,2023-11-01 00:00:00,4,216,16,698.9,1,0,CMP0266
SCH027,2023-12-01 00:00:00,4,204,24,1024.94,1,0,CMP0267
SCH027,2024-01-01 00:00:00,5,110,35,336.97,1,0,CMP0268
SCH027,2024-02-01 00:00:00,5,130,10,136.89,1,0,CMP0269
SCH027,2024-03-01 00:00:00,3,132,15,299.43,0,0,CMP0270
SCH027,2024-04-01 00:00:00,4,148,20,438.68,1,0,CMP0271
SCH027,2024-05-01 00:00:00,5,265,25,388.35,0,0,CMP0272
SCH027,2024-06-01 00:00:00,6,138,18,720.4,1,0,CMP0273
SCH027,2024-07-01 00:00:00,5,390,35,484.15,1,0,CMP0274
SCH027,2024-08-01 00:00:00,7,217,14,423.82,2,1,CMP0275
SCH027,2024-09-01 00:00:00,5,155,10,375.65,1,0,CMP0276
SCH027,2024-10-01 00:00:00,6,120,30,796.86,2,0,CMP0277
SCH027,2024-11-01 00:00:00,3,69,21,256.44,1,0,CMP0278
SCH027,2024-12-01 00:00:00,1,75,2,65.13,0,0,CMP0279
SCH027,2025-01-01 00:00:00,3,183,12,110.2,1,0,CMP0280
SCH027,2025-02-01 00:00:00,6,276,30,906.35,2,0,CMP0281
SCH027,2025-03-01 00:00:00,2,46,4,129.78,0,0,CMP0282
SCH027,2025-04-01 00:00:00,7,217,28,366.33,2,0,CMP0283
SCH027,2025-05-01 00:00:00,2,138,4,156.67,0,0,CMP0284
SCH027,2025-06-01 00:00:00,5,140,35,1407.45,1,0,CMP0285
SCH027,2025-07-01 00:00:00,4,260,20,583.25,1,0,CMP0286
SCH027,2025-08-01 00:00:00,1,41,5,163.87,0,0,CMP0287
SCH027,2025-09-01 00:00:00,6,138,24,663.34,2,0,CMP0288
SCH027,2025-10-01 00:00:00,6,456,24,765.11,1,0,CMP0289
SCH027,2025-11-01 00:00:00,1,47,4,66.49,0,0,CMP0290
SCH027,2025-12-01 00:00:00,6,330,18,296.03,2,0,CMP0291
SCH027,2026-01-01 00:00:00,4,256,16,705.18,1,0,CMP0292
SCH027,2026-02-01 00:00:00,4,256,12,189.88,0,0,CMP0293
SCH027,2026-03-01 00:00:00,4,276,20,376.57,0,0,CMP0294
SCH027,2026-04-01 00:00:00,5,375,30,1236.92,1,0,CMP0295
SCH027,2026-05-01 00:00:00,6,126,18,677.21,1,0,CMP0296
SCH027,2026-06-01 00:00:00,4,308,8,240.03,1,0,CMP0297
SCH027,2026-07-01 00:00:00,7,364,35,982.26,1,0,CMP0298
SCH028,2021-01-01 00:00:00,2,118,14,425.51,0,0,CMP0299
SCH028,2021-02-01 00:00:00,6,216,36,771.4,2,0,CMP0300
SCH028,2021-03-01 00:00:00,7,553,28,1049.87,1,0,CMP0001
SCH028,2021-04-01 00:00:00,1,60,2,54.51,0,0,CMP0002
SCH028,2021-05-01 00:00:00,4,312,20,295.17,1,0,CMP0003
SCH028,2021-06-01 00:00:00,4,228,28,756.26,1,0,CMP0004
SCH028,2021-07-01 00:00:00,2,110,14,280.51,0,0,CMP0005
SCH028,2021-08-01 00:00:00,6,390,12,213.73,1,0,CMP0006
SCH028,2021-09-01 00:00:00,4,184,12,503.8,1,0,CMP0007
SCH028,2021-10-01 00:00:00,5,155,35,966.71,2,0,CMP0008
SCH028,2021-11-01 00:00:00,4,80,20,333.38,1,0,CMP0009
SCH028,2021-12-01 00:00:00,10,540,40,899.37,1,0,CMP0010
SCH028,2022-01-01 00:00:00,3,96,18,488.17,1,0,CMP0011
SCH028,2022-02-01 00:00:00,14,518,98,2285.91,6,2,CMP0012
SCH028,2022-03-01 00:00:00,8,416,32,861.59,3,0,CMP0013
SCH028,2022-04-01 00:00:00,3,189,15,311.64,0,0,CMP0014
SCH028,2022-05-01 00:00:00,6,156,30,646.22,1,0,CMP0015
SCH028,2022-06-01 00:00:00,4,164,12,369.77,0,0,CMP0016
SCH028,2022-07-01 00:00:00,9,315,63,1103.34,3,1,CMP0017
SCH028,2022-08-01 00:00:00,4,116,16,495.77,1,0,CMP0018
SCH028,2022-09-01 00:00:00,3,138,18,191.65,1,0,CMP0019
SCH028,2022-10-01 00:00:00,5,290,15,200.2,1,0,CMP0020
SCH028,2022-11-01 00:00:00,1,77,7,86.6,0,0,CMP0021
SCH028,2022-12-01 00:00:00,3,156,6,243.31,1,0,CMP0022
SCH028,2023-01-01 00:00:00,5,210,25,775.47,1,0,CMP0023
SCH028,2023-02-01 00:00:00,7,210,42,1823.63,1,0,CMP0024
SCH028,2023-03-01 00:00:00,5,150,35,518.24,1,0,CMP0025
SCH028,2023-04-01 00:00:00,4,284,28,474.65,0,0,CMP0026
SCH028,2023-05-01 00:00:00,4,92,24,359.87,1,0,CMP0027
SCH028,2023-06-01 00:00:00,3,198,9,315.86,0,0,CMP0028
SCH028,2023-07-01 00:00:00,4,148,12,230.16,1,0,CMP0029
SCH028,2023-08-01 00:00:00,4,284,16,346.46,1,0,CMP0030
SCH028,2023-09-01 00:00:00,11,759,44,1823.97,3,0,CMP0031
SCH028,2023-10-01 00:00:00,3,225,12,216.43,0,0,CMP0032
SCH028,2023-11-01 00:00:00,7,238,21,911.83,2,0,CMP0033
SCH028,2023-12-01 00:00:00,6,162,42,1660.25,2,1,CMP0034
SCH028,2024-01-01 00:00:00,6,324,24,459.28,1,0,CMP0035
SCH028,2024-02-01 00:00:00,6,174,12,236.73,1,0,CMP0036
SCH028,2024-03-01 00:00:00,3,120,18,270.78,1,0,CMP0037
SCH028,2024-04-01 00:00:00,2,94,6,52.33,0,0,CMP0038
SCH028,2024-05-01 00:00:00,4,276,8,69.99,1,0,CMP0039
SCH028,2024-06-01 00:00:00,3,150,12,515,0,0,CMP0040
SCH028,2024-07-01 00:00:00,5,325,10,385.52,2,0,CMP0041
SCH028,2024-08-01 00:00:00,5,295,20,349.45,1,0,CMP0042
SCH028,2024-09-01 00:00:00,1,51,4,174.82,0,0,CMP0043
SCH028,2024-10-01 00:00:00,3,132,18,163.59,0,0,CMP0044
SCH028,2024-11-01 00:00:00,5,145,35,535.54,1,0,CMP0045
SCH028,2024-12-01 00:00:00,5,245,35,611.14,1,0,CMP0046
SCH028,2025-01-01 00:00:00,5,365,35,1023.24,2,0,CMP0047
SCH028,2025-02-01 00:00:00,3,87,12,133.18,1,0,CMP0048
SCH028,2025-03-01 00:00:00,5,255,10,268.44,1,0,CMP0049
SCH028,2025-04-01 00:00:00,7,539,14,515.83,2,0,CMP0050
SCH028,2025-05-01 00:00:00,4,188,20,628.05,1,0,CMP0051
SCH028,2025-06-01 00:00:00,1,66,6,74.69,0,0,CMP0052
SCH028,2025-08-01 00:00:00,4,220,16,494.35,1,0,CMP0053
SCH028,2025-09-01 00:00:00,3,105,21,453.64,0,0,CMP0054
SCH028,2025-10-01 00:00:00,5,190,25,457.14,1,0,CMP0055
SCH028,2025-11-01 00:00:00,5,200,25,917.4,1,0,CMP0056
SCH028,2025-12-01 00:00:00,3,237,12,256.78,1,0,CMP0057
SCH028,2026-01-01 00:00:00,4,116,28,715.19,1,0,CMP0058
SCH028,2026-02-01 00:00:00,3,195,15,463.87,0,0,CMP0059
SCH028,2026-03-01 00:00:00,4,260,20,441.99,1,0,CMP0060
SCH028,2026-04-01 00:00:00,5,320,35,1116.94,1,0,CMP0061
SCH028,2026-05-01 00:00:00,7,329,42,1382.37,2,0,CMP0062
SCH028,2026-06-01 00:00:00,3,153,9,354.52,0,0,CMP0063
SCH028,2026-07-01 00:00:00,7,315,35,291.49,1,0,CMP0064
SCH029,2021-01-01 00:00:00,5,100,25,493.84,1,0,CMP0065
SCH029,2021-02-01 00:00:00,8,256,32,1016.48,2,0,CMP0066
SCH029,2021-03-01 00:00:00,3,78,15,260.04,1,0,CMP0067
SCH029,2021-04-01 00:00:00,4,268,24,683.15,1,0,CMP0068
SCH029,2021-05-01 00:00:00,2,88,8,260.97,0,0,CMP0069
SCH029,2021-06-01 00:00:00,4,272,12,395.02,0,0,CMP0070
SCH029,2021-07-01 00:00:00,8,488,24,432.24,3,1,CMP0071
SCH029,2021-08-01 00:00:00,8,176,32,1384.59,3,1,CMP0072
SCH029,2021-09-01 00:00:00,4,116,12,206.1,1,0,CMP0073
SCH029,2021-10-01 00:00:00,6,378,42,1091.94,2,0,CMP0074
SCH029,2021-11-01 00:00:00,5,100,10,355.57,2,1,CMP0075
SCH029,2021-12-01 00:00:00,3,105,18,344.53,0,0,CMP0076
SCH029,2022-01-01 00:00:00,3,201,12,535.38,0,0,CMP0077
SCH029,2022-02-01 00:00:00,4,252,24,822.29,0,0,CMP0078
SCH029,2022-03-01 00:00:00,8,488,32,1231.66,2,0,CMP0079
SCH029,2022-04-01 00:00:00,4,120,28,421.2,1,0,CMP0080
SCH029,2022-05-01 00:00:00,2,152,6,174.53,0,0,CMP0081
SCH029,2022-06-01 00:00:00,1,79,3,32.39,0,0,CMP0082
SCH029,2022-07-01 00:00:00,3,81,9,266.22,0,0,CMP0083
SCH029,2022-08-01 00:00:00,7,546,14,605.28,1,0,CMP0084
SCH029,2022-09-01 00:00:00,6,210,18,441.85,1,0,CMP0085
SCH029,2022-10-01 00:00:00,2,136,14,578.89,0,0,CMP0086
SCH029,2022-11-01 00:00:00,11,605,22,748.62,2,0,CMP0087
SCH029,2022-12-01 00:00:00,3,135,21,478.1,0,0,CMP0088
SCH029,2023-01-01 00:00:00,7,266,14,311.53,2,0,CMP0089
SCH029,2023-02-01 00:00:00,8,264,56,2350.62,2,0,CMP0090
SCH029,2023-03-01 00:00:00,4,276,20,723,0,0,CMP0091
SCH029,2023-04-01 00:00:00,2,84,8,184.75,0,0,CMP0092
SCH029,2023-05-01 00:00:00,2,82,4,150.76,0,0,CMP0093
SCH029,2023-06-01 00:00:00,5,305,30,409.07,1,0,CMP0094
SCH029,2023-07-01 00:00:00,9,207,27,708.95,2,0,CMP0095
SCH029,2023-08-01 00:00:00,6,438,12,364.44,2,0,CMP0096
SCH029,2023-09-01 00:00:00,6,150,24,258.07,2,0,CMP0097
SCH029,2023-10-01 00:00:00,5,365,25,208.33,0,0,CMP0098
SCH029,2023-11-01 00:00:00,3,162,18,199.2,0,0,CMP0099
SCH029,2023-12-01 00:00:00,7,392,49,1785.32,1,0,CMP0100
SCH029,2024-01-01 00:00:00,2,44,6,79.63,0,0,CMP0101
SCH029,2024-02-01 00:00:00,5,380,20,476.9,0,0,CMP0102
SCH029,2024-03-01 00:00:00,8,384,56,1993.04,3,0,CMP0103
SCH029,2024-04-01 00:00:00,5,210,30,383.86,1,0,CMP0104
SCH029,2024-05-01 00:00:00,4,284,12,206.31,1,0,CMP0105
SCH029,2024-06-01 00:00:00,5,380,35,842.83,1,0,CMP0106
SCH029,2024-07-01 00:00:00,5,340,10,97.76,1,0,CMP0107
SCH029,2024-08-01 00:00:00,1,20,7,308.02,0,0,CMP0108
SCH029,2024-09-01 00:00:00,9,396,63,1695.47,2,1,CMP0109
SCH029,2024-10-01 00:00:00,2,134,6,69.57,0,0,CMP0110
SCH029,2024-11-01 00:00:00,3,156,15,212.98,0,0,CMP0111
SCH029,2024-12-01 00:00:00,5,305,30,565.19,1,0,CMP0112
SCH029,2025-01-01 00:00:00,8,472,24,613.35,1,0,CMP0113
SCH029,2025-02-01 00:00:00,6,192,30,962.67,1,0,CMP0114
SCH029,2025-03-01 00:00:00,6,126,30,300.36,2,0,CMP0115
SCH029,2025-04-01 00:00:00,1,33,7,75.01,0,0,CMP0116
SCH029,2025-05-01 00:00:00,4,84,8,281.98,1,0,CMP0117
SCH029,2025-06-01 00:00:00,4,268,24,292.22,1,0,CMP0118
SCH029,2025-07-01 00:00:00,4,216,12,504.59,1,0,CMP0119
SCH029,2025-08-01 00:00:00,3,108,6,83.79,0,0,CMP0120
SCH029,2025-09-01 00:00:00,2,130,14,567.82,0,0,CMP0121
SCH029,2025-10-01 00:00:00,2,152,14,255.62,0,0,CMP0122
SCH029,2025-11-01 00:00:00,3,93,15,173.99,1,0,CMP0123
SCH029,2025-12-01 00:00:00,7,140,49,1112.75,2,0,CMP0124
SCH029,2026-01-01 00:00:00,6,270,12,314.41,2,0,CMP0125
SCH029,2026-02-01 00:00:00,9,378,36,778.52,1,0,CMP0126
SCH029,2026-03-01 00:00:00,7,455,21,474.26,1,0,CMP0127
SCH029,2026-05-01 00:00:00,4,288,16,479.85,1,0,CMP0128
SCH029,2026-06-01 00:00:00,5,285,15,560.85,1,0,CMP0129
SCH029,2026-07-01 00:00:00,5,165,15,612.27,1,0,CMP0130
SCH030,2021-01-01 00:00:00,3,66,12,268.41,1,0,CMP0131
SCH030,2021-02-01 00:00:00,7,518,14,497.33,2,0,CMP0132
SCH030,2021-03-01 00:00:00,2,52,12,435.9,0,0,CMP0133
SCH030,2021-04-01 00:00:00,6,144,18,151.79,2,0,CMP0134
SCH030,2021-05-01 00:00:00,4,284,28,991.07,1,0,CMP0135
SCH030,2021-06-01 00:00:00,5,335,30,679.59,1,0,CMP0136
SCH030,2021-07-01 00:00:00,3,222,12,487.47,0,0,CMP0137
SCH030,2021-08-01 00:00:00,4,160,28,510.92,1,0,CMP0138
SCH030,2021-09-01 00:00:00,3,234,6,181.98,0,0,CMP0139
SCH030,2021-10-01 00:00:00,2,132,8,284.84,0,0,CMP0140
SCH030,2021-11-01 00:00:00,10,700,70,2077.55,2,0,CMP0141
SCH030,2021-12-01 00:00:00,5,200,20,786.79,1,0,CMP0142
SCH030,2022-01-01 00:00:00,4,148,24,430.39,1,0,CMP0143
SCH030,2022-02-01 00:00:00,2,106,6,69,0,0,CMP0144
SCH030,2022-03-01 00:00:00,5,315,10,156.72,0,0,CMP0145
SCH030,2022-04-01 00:00:00,5,105,30,1117.29,1,0,CMP0146
SCH030,2022-05-01 00:00:00,7,224,49,1705.68,2,0,CMP0147
SCH030,2022-06-01 00:00:00,9,558,54,669.78,2,1,CMP0148
SCH030,2022-07-01 00:00:00,7,210,42,434.35,2,0,CMP0149
SCH030,2022-08-01 00:00:00,1,40,2,68.31,0,0,CMP0150
SCH030,2022-09-01 00:00:00,7,252,21,670.5,3,1,CMP0151
SCH030,2022-10-01 00:00:00,6,426,12,228.24,2,0,CMP0152
SCH030,2022-11-01 00:00:00,6,360,36,789.21,2,0,CMP0153
SCH030,2022-12-01 00:00:00,4,164,16,393.43,0,0,CMP0154
SCH030,2023-01-01 00:00:00,6,126,30,851.07,2,0,CMP0155
SCH030,2023-02-01 00:00:00,3,153,9,276.86,0,0,CMP0156
SCH030,2023-03-01 00:00:00,7,490,14,170.77,1,0,CMP0157
SCH030,2023-04-01 00:00:00,4,252,8,92.93,0,0,CMP0158
SCH030,2023-05-01 00:00:00,5,220,15,429.5,1,0,CMP0159
SCH030,2023-06-01 00:00:00,6,396,42,447.44,1,0,CMP0160
SCH030,2023-07-01 00:00:00,3,117,18,231.95,0,0,CMP0161
SCH030,2023-08-01 00:00:00,7,546,42,622.99,1,0,CMP0162
SCH030,2023-09-01 00:00:00,3,102,6,163.13,1,0,CMP0163
SCH030,2023-10-01 00:00:00,1,74,2,49.92,0,0,CMP0164
SCH030,2023-11-01 00:00:00,4,104,28,1247.52,1,0,CMP0165
SCH030,2023-12-01 00:00:00,6,444,42,904.74,1,0,CMP0166
SCH030,2024-01-01 00:00:00,6,408,42,1578.54,1,0,CMP0167
SCH030,2024-02-01 00:00:00,7,210,28,657.87,2,0,CMP0168
SCH030,2024-03-01 00:00:00,6,294,36,1256.06,1,0,CMP0169
SCH030,2024-04-01 00:00:00,5,265,20,663.42,2,0,CMP0170
SCH030,2024-05-01 00:00:00,11,385,44,1308.83,3,1,CMP0171
SCH030,2024-06-01 00:00:00,5,365,30,939.76,1,0,CMP0172
SCH030,2024-07-01 00:00:00,5,360,15,667.11,2,1,CMP0173
SCH030,2024-08-01 00:00:00,3,78,6,234.72,1,0,CMP0174
SCH030,2024-09-01 00:00:00,7,203,28,252.74,1,0,CMP0175
SCH030,2024-10-01 00:00:00,3,174,21,585.91,1,0,CMP0176
SCH030,2024-11-01 00:00:00,3,126,6,109.41,0,0,CMP0177
SCH030,2024-12-01 00:00:00,5,245,35,802.91,0,0,CMP0178
SCH030,2025-01-01 00:00:00,4,80,8,296.56,1,0,CMP0179
SCH030,2025-02-01 00:00:00,5,270,15,384.48,2,1,CMP0180
SCH030,2025-03-01 00:00:00,5,285,35,772.83,1,0,CMP0181
SCH030,2025-04-01 00:00:00,4,224,8,64.76,1,0,CMP0182
SCH030,2025-05-01 00:00:00,4,124,24,369.1,1,0,CMP0183
SCH030,2025-06-01 00:00:00,5,310,20,868.58,1,0,CMP0184
SCH030,2025-07-01 00:00:00,4,92,28,846.92,1,0,CMP0185
SCH030,2025-08-01 00:00:00,4,256,16,257.23,1,0,CMP0186
SCH030,2025-09-01 00:00:00,5,280,25,510.59,1,0,CMP0187
SCH030,2025-10-01 00:00:00,4,300,16,234.73,1,0,CMP0188
SCH030,2025-11-01 00:00:00,3,189,18,753.7,1,0,CMP0189
SCH030,2025-12-01 00:00:00,3,90,18,608.48,1,0,CMP0190
SCH030,2026-01-01 00:00:00,5,265,35,1330.96,2,0,CMP0191
SCH030,2026-02-01 00:00:00,2,78,8,133.85,0,0,CMP0192
SCH030,2026-03-01 00:00:00,5,375,10,407.46,1,0,CMP0193
SCH030,2026-04-01 00:00:00,4,240,20,581.38,0,0,CMP0194
SCH030,2026-05-01 00:00:00,9,207,36,1239.94,2,0,CMP0195
SCH030,2026-06-01 00:00:00,5,285,30,572.32,1,0,CMP0196
SCH030,2026-07-01 00:00:00,2,82,8,159.36,0,0,CMP0197
SCH031,2021-01-01 00:00:00,4,160,20,528.67,1,0,CMP0198
SCH031,2021-02-01 00:00:00,3,231,21,856.2,0,0,CMP0199
SCH031,2021-03-01 00:00:00,5,115,30,925.56,0,0,CMP0200
SCH031,2021-04-01 00:00:00,7,532,28,466.24,1,0,CMP0201
SCH031,2021-05-01 00:00:00,4,144,28,488.13,0,0,CMP0202
SCH031,2021-06-01 00:00:00,7,455,14,360.27,2,0,CMP0203
SCH031,2021-07-01 00:00:00,3,210,12,326.92,1,0,CMP0204
SCH031,2021-08-01 00:00:00,4,212,20,637.12,1,0,CMP0205
SCH031,2021-09-01 00:00:00,2,112,8,210.79,0,0,CMP0206
SCH031,2021-10-01 00:00:00,8,616,24,470.39,3,1,CMP0207
SCH031,2021-11-01 00:00:00,5,260,25,628.41,1,0,CMP0208
SCH031,2021-12-01 00:00:00,5,160,10,427.33,1,0,CMP0209
SCH031,2022-01-01 00:00:00,3,147,15,186.55,1,0,CMP0210
SCH031,2022-02-01 00:00:00,5,160,20,799.16,1,0,CMP0211
SCH031,2022-03-01 00:00:00,7,203,14,260.19,1,0,CMP0212
SCH031,2022-04-01 00:00:00,4,280,12,152.07,0,0,CMP0213
SCH031,2022-05-01 00:00:00,3,192,9,152.18,1,0,CMP0214
SCH031,2022-06-01 00:00:00,10,230,30,866.6,4,1,CMP0215
SCH031,2022-07-01 00:00:00,4,308,28,282.94,1,0,CMP0216
SCH031,2022-08-01 00:00:00,5,140,10,182.79,1,0,CMP0217
SCH031,2022-09-01 00:00:00,2,156,4,167.72,0,0,CMP0218
SCH031,2022-10-01 00:00:00,3,216,18,540.63,0,0,CMP0219
SCH031,2022-11-01 00:00:00,2,154,14,584.49,0,0,CMP0220
SCH031,2022-12-01 00:00:00,7,336,28,1083.13,2,0,CMP0221
SCH031,2023-01-01 00:00:00,8,616,48,2117.27,2,0,CMP0222
SCH031,2023-02-01 00:00:00,3,195,9,236.79,0,0,CMP0223
SCH031,2023-03-01 00:00:00,4,140,8,119.62,1,0,CMP0224
SCH031,2023-04-01 00:00:00,5,145,30,1165.24,2,0,CMP0225
SCH031,2023-05-01 00:00:00,3,201,9,302.83,0,0,CMP0226
SCH031,2023-06-01 00:00:00,3,171,15,447.35,0,0,CMP0227
SCH031,2023-07-01 00:00:00,6,474,18,621.08,2,0,CMP0228
SCH031,2023-08-01 00:00:00,5,250,25,406.2,1,0,CMP0229
SCH031,2023-09-01 00:00:00,3,213,18,782.62,1,0,CMP0230
SCH031,2023-10-01 00:00:00,2,148,14,319.28,0,0,CMP0231
SCH031,2023-11-01 00:00:00,2,128,14,475.3,0,0,CMP0232
SCH031,2023-12-01 00:00:00,4,80,24,479.77,1,0,CMP0233
SCH031,2024-01-01 00:00:00,6,288,18,360.13,1,0,CMP0234
SCH031,2024-02-01 00:00:00,2,110,4,174.72,0,0,CMP0235
SCH031,2024-03-01 00:00:00,4,144,8,192.79,1,0,CMP0236
SCH031,2024-04-01 00:00:00,3,228,15,473.85,0,0,CMP0237
SCH031,2024-05-01 00:00:00,6,390,42,373.96,1,0,CMP0238
SCH031,2024-06-01 00:00:00,4,92,20,238.16,1,0,CMP0239
SCH031,2024-07-01 00:00:00,3,144,9,295.79,1,0,CMP0240
SCH031,2024-08-01 00:00:00,2,148,12,183.62,0,0,CMP0241
SCH031,2024-09-01 00:00:00,4,124,16,649.14,1,0,CMP0242
SCH031,2024-10-01 00:00:00,6,396,12,397.91,1,0,CMP0243
SCH031,2024-11-01 00:00:00,3,204,21,293.17,1,0,CMP0244
SCH031,2024-12-01 00:00:00,8,336,56,931.73,2,0,CMP0245
SCH031,2025-01-01 00:00:00,3,174,12,198.4,0,0,CMP0246
SCH031,2025-02-01 00:00:00,3,201,15,448.34,0,0,CMP0247
SCH031,2025-03-01 00:00:00,4,128,16,165.53,1,0,CMP0248
SCH031,2025-04-01 00:00:00,7,147,21,329.96,2,1,CMP0249
SCH031,2025-05-01 00:00:00,4,160,16,201.11,1,0,CMP0250
SCH031,2025-06-01 00:00:00,4,80,12,410.99,1,0,CMP0251
SCH031,2025-07-01 00:00:00,6,336,12,238.61,2,0,CMP0252
SCH031,2025-08-01 00:00:00,5,335,35,811.41,0,0,CMP0253
SCH031,2025-09-01 00:00:00,5,170,25,664.43,0,0,CMP0254
SCH031,2025-10-01 00:00:00,8,160,32,348.68,2,0,CMP0255
SCH031,2025-11-01 00:00:00,4,300,12,537.53,1,0,CMP0256
SCH031,2025-12-01 00:00:00,5,210,15,502.03,1,0,CMP0257
SCH031,2026-01-01 00:00:00,4,96,12,497.49,1,0,CMP0258
SCH031,2026-02-01 00:00:00,8,584,32,402.64,1,0,CMP0259
SCH031,2026-03-01 00:00:00,2,86,6,184.23,0,0,CMP0260
SCH031,2026-04-01 00:00:00,3,117,18,434.06,0,0,CMP0261
SCH031,2026-05-01 00:00:00,7,231,28,1116.33,1,0,CMP0262
SCH031,2026-06-01 00:00:00,3,225,15,541.47,1,0,CMP0263
SCH031,2026-07-01 00:00:00,6,288,36,1209.38,2,0,CMP0264
SCH032,2021-01-01 00:00:00,4,96,28,593.6,1,0,CMP0265
SCH032,2021-02-01 00:00:00,2,136,12,318.59,0,0,CMP0266
SCH032,2021-03-01 00:00:00,6,474,42,1079.36,0,0,CMP0267
SCH032,2021-04-01 00:00:00,5,350,25,683.16,1,0,CMP0268
SCH032,2021-05-01 00:00:00,6,144,42,574.44,1,0,CMP0269
SCH032,2021-06-01 00:00:00,5,195,20,741.95,0,0,CMP0270
SCH032,2021-07-01 00:00:00,5,215,20,515.8,1,0,CMP0271
SCH032,2021-08-01 00:00:00,5,380,15,289.17,0,0,CMP0272
SCH032,2021-09-01 00:00:00,3,126,21,331.81,0,0,CMP0273
SCH032,2021-10-01 00:00:00,7,476,21,386.1,2,1,CMP0274
SCH032,2021-11-01 00:00:00,4,124,24,1065.85,1,0,CMP0275
SCH032,2021-12-01 00:00:00,5,370,10,330.9,1,0,CMP0276
SCH032,2022-01-01 00:00:00,7,413,35,1102.99,3,1,CMP0277
SCH032,2022-02-01 00:00:00,6,270,30,384.42,1,0,CMP0278
SCH032,2022-03-01 00:00:00,2,104,6,108.96,0,0,CMP0279
SCH032,2022-04-01 00:00:00,4,236,24,226.29,1,0,CMP0280
SCH032,2022-05-01 00:00:00,6,216,18,335.19,1,0,CMP0281
SCH032,2022-06-01 00:00:00,7,462,35,1193.46,1,0,CMP0282
SCH032,2022-07-01 00:00:00,7,210,49,1998.23,1,0,CMP0283
SCH032,2022-08-01 00:00:00,3,108,12,99.87,1,0,CMP0284
SCH032,2022-09-01 00:00:00,6,258,42,1344.28,0,0,CMP0285
SCH032,2022-10-01 00:00:00,10,520,20,409.58,2,0,CMP0286
SCH032,2022-11-01 00:00:00,5,355,20,579.07,2,1,CMP0287
SCH032,2022-12-01 00:00:00,4,204,16,138.66,0,0,CMP0288
SCH032,2023-01-01 00:00:00,3,102,9,383.92,1,0,CMP0289
SCH032,2023-02-01 00:00:00,3,114,18,278.21,0,0,CMP0290
SCH032,2023-03-01 00:00:00,4,268,20,248.24,0,0,CMP0291
SCH032,2023-04-01 00:00:00,7,553,49,1559.23,2,1,CMP0292
SCH032,2023-05-01 00:00:00,3,222,9,177.02,1,0,CMP0293
SCH032,2023-06-01 00:00:00,10,270,70,3142.78,3,1,CMP0294
SCH032,2023-07-01 00:00:00,1,68,2,29.87,0,0,CMP0295
SCH032,2023-08-01 00:00:00,3,171,6,152.9,0,0,CMP0296
SCH032,2023-09-01 00:00:00,5,385,30,1309.2,1,0,CMP0297
SCH032,2023-10-01 00:00:00,4,288,8,267,1,0,CMP0298
SCH032,2023-11-01 00:00:00,2,132,8,156.76,0,0,CMP0299
SCH032,2023-12-01 00:00:00,3,222,15,491.9,1,0,CMP0300
SCH032,2024-01-01 00:00:00,2,92,10,207.45,0,0,CMP0001
SCH032,2024-02-01 00:00:00,9,360,27,305.35,2,0,CMP0002
SCH032,2024-03-01 00:00:00,4,172,28,896.38,1,0,CMP0003
SCH032,2024-04-01 00:00:00,6,228,42,740,2,0,CMP0004
SCH032,2024-05-01 00:00:00,3,117,9,206.69,1,0,CMP0005
SCH032,2024-06-01 00:00:00,4,156,20,591.72,1,0,CMP0006
SCH032,2024-07-01 00:00:00,5,340,35,1099.48,1,0,CMP0007
SCH032,2024-08-01 00:00:00,2,88,6,212.76,0,0,CMP0008
SCH032,2024-09-01 00:00:00,3,180,21,601.14,1,0,CMP0009
SCH032,2024-10-01 00:00:00,3,120,6,195,0,0,CMP0010
SCH032,2024-11-01 00:00:00,1,48,3,88.98,0,0,CMP0011
SCH032,2024-12-01 00:00:00,5,160,35,407.45,1,0,CMP0012
SCH032,2025-01-01 00:00:00,7,539,14,544.78,1,0,CMP0013
SCH032,2025-02-01 00:00:00,3,201,15,663.47,0,0,CMP0014
SCH032,2025-03-01 00:00:00,12,528,60,655.52,4,1,CMP0015
SCH032,2025-04-01 00:00:00,3,93,9,80.6,0,0,CMP0016
SCH032,2025-05-01 00:00:00,5,345,20,455.79,2,0,CMP0017
SCH032,2025-06-01 00:00:00,4,100,28,523.58,1,0,CMP0018
SCH032,2025-07-01 00:00:00,3,63,21,244.04,1,0,CMP0019
SCH032,2025-08-01 00:00:00,5,255,35,940.43,1,0,CMP0020
SCH032,2025-09-01 00:00:00,4,144,24,878.61,1,0,CMP0021
SCH032,2025-10-01 00:00:00,7,455,42,1071.64,2,0,CMP0022
SCH032,2025-11-01 00:00:00,5,340,10,204.42,1,0,CMP0023
SCH032,2025-12-01 00:00:00,6,390,30,570.72,1,0,CMP0024
SCH032,2026-01-01 00:00:00,6,228,42,1503.71,2,0,CMP0025
SCH032,2026-03-01 00:00:00,6,414,42,535.04,2,0,CMP0026
SCH032,2026-04-01 00:00:00,5,270,20,499.52,1,0,CMP0027
SCH032,2026-06-01 00:00:00,5,350,20,317.08,1,0,CMP0028
SCH032,2026-07-01 00:00:00,5,310,10,413.61,2,0,CMP0029
SCH033,2021-01-01 00:00:00,8,504,24,626.24,1,0,CMP0030
SCH033,2021-02-01 00:00:00,6,180,42,1040.84,1,0,CMP0031
SCH033,2021-03-01 00:00:00,4,184,16,660.03,1,0,CMP0032
SCH033,2021-04-01 00:00:00,1,69,5,147.53,0,0,CMP0033
SCH033,2021-05-01 00:00:00,6,132,36,680.86,0,0,CMP0034
SCH033,2021-06-01 00:00:00,5,155,35,1423.84,1,0,CMP0035
SCH033,2021-07-01 00:00:00,1,29,4,111.65,0,0,CMP0036
SCH033,2021-08-01 00:00:00,3,102,18,709.49,0,0,CMP0037
SCH033,2021-09-01 00:00:00,5,255,25,947.21,1,0,CMP0038
SCH033,2021-10-01 00:00:00,3,237,15,151.11,0,0,CMP0039
SCH033,2021-11-01 00:00:00,7,371,14,112.66,1,0,CMP0040
SCH033,2021-12-01 00:00:00,1,29,7,65.67,0,0,CMP0041
SCH033,2022-01-01 00:00:00,5,380,25,585.91,1,0,CMP0042
SCH033,2022-02-01 00:00:00,2,136,4,84.8,0,0,CMP0043
SCH033,2022-03-01 00:00:00,8,208,48,742.91,2,0,CMP0044
SCH033,2022-04-01 00:00:00,5,245,35,878.94,1,0,CMP0045
SCH033,2022-05-01 00:00:00,3,96,12,107.24,1,0,CMP0046
SCH033,2022-06-01 00:00:00,6,366,12,383.94,2,0,CMP0047
SCH033,2022-07-01 00:00:00,6,210,18,708.01,1,0,CMP0048
SCH033,2022-08-01 00:00:00,9,585,45,744.49,3,1,CMP0049
SCH033,2022-09-01 00:00:00,4,92,24,1048.77,1,0,CMP0050
SCH033,2022-10-01 00:00:00,4,116,8,126.6,1,0,CMP0051
SCH033,2022-11-01 00:00:00,9,684,36,507.39,3,1,CMP0052
SCH033,2022-12-01 00:00:00,8,544,32,888.56,2,0,CMP0053
SCH033,2023-01-01 00:00:00,4,204,28,932.3,0,0,CMP0054
SCH033,2023-02-01 00:00:00,5,115,25,487.08,1,0,CMP0055
SCH033,2023-03-01 00:00:00,2,132,8,233.24,0,0,CMP0056
SCH033,2023-04-01 00:00:00,8,384,16,416.96,2,0,CMP0057
SCH033,2023-05-01 00:00:00,6,120,18,421.95,1,0,CMP0058
SCH033,2023-06-01 00:00:00,7,231,35,922.62,1,0,CMP0059
SCH033,2023-07-01 00:00:00,11,495,77,2190.03,2,1,CMP0060
SCH033,2023-08-01 00:00:00,6,372,18,568.99,1,0,CMP0061
SCH033,2023-09-01 00:00:00,3,186,9,191.8,0,0,CMP0062
SCH033,2023-10-01 00:00:00,10,650,30,1168.07,4,1,CMP0063
SCH033,2023-11-01 00:00:00,6,246,12,256.89,2,0,CMP0064
SCH033,2023-12-01 00:00:00,6,384,42,1266.28,2,1,CMP0065
SCH033,2024-01-01 00:00:00,4,96,12,361.06,1,0,CMP0066
SCH033,2024-02-01 00:00:00,3,132,6,181.59,0,0,CMP0067
SCH033,2024-03-01 00:00:00,8,320,40,1030.59,2,0,CMP0068
SCH033,2024-04-01 00:00:00,2,92,4,145.12,0,0,CMP0069
SCH033,2024-05-01 00:00:00,6,150,24,543.58,1,0,CMP0070
SCH033,2024-06-01 00:00:00,4,92,8,316.05,1,0,CMP0071
SCH033,2024-07-01 00:00:00,3,81,21,850.88,0,0,CMP0072
SCH033,2024-08-01 00:00:00,2,88,14,216.81,0,0,CMP0073
SCH033,2024-09-01 00:00:00,1,68,3,82.08,0,0,CMP0074
SCH033,2024-10-01 00:00:00,5,280,10,411.37,1,0,CMP0075
SCH033,2024-11-01 00:00:00,5,265,30,1301.93,1,0,CMP0076
SCH033,2024-12-01 00:00:00,6,288,24,735.29,0,0,CMP0077
SCH033,2025-01-01 00:00:00,3,237,15,590.02,1,0,CMP0078
SCH033,2025-02-01 00:00:00,2,52,14,361.13,0,0,CMP0079
SCH033,2025-03-01 00:00:00,3,189,21,619.8,0,0,CMP0080
SCH033,2025-04-01 00:00:00,4,96,20,812.83,1,0,CMP0081
SCH033,2025-05-01 00:00:00,5,320,25,1059.49,2,0,CMP0082
SCH033,2025-06-01 00:00:00,3,165,15,154.31,0,0,CMP0083
SCH033,2025-07-01 00:00:00,3,162,6,187.98,0,0,CMP0084
SCH033,2025-08-01 00:00:00,4,172,8,315.99,0,0,CMP0085
SCH033,2025-09-01 00:00:00,5,105,30,1337.39,1,0,CMP0086
SCH033,2025-10-01 00:00:00,5,315,35,575.47,1,0,CMP0087
SCH033,2025-11-01 00:00:00,6,468,12,409.32,2,0,CMP0088
SCH033,2025-12-01 00:00:00,5,235,35,893.84,1,0,CMP0089
SCH033,2026-01-01 00:00:00,5,360,25,286.38,1,0,CMP0090
SCH033,2026-02-01 00:00:00,4,140,20,864.44,1,0,CMP0091
SCH033,2026-03-01 00:00:00,9,702,54,532.09,2,0,CMP0092
SCH033,2026-04-01 00:00:00,2,110,4,50.36,0,0,CMP0093
SCH033,2026-05-01 00:00:00,1,24,6,121.74,0,0,CMP0094
SCH033,2026-06-01 00:00:00,1,73,2,79.53,0,0,CMP0095
SCH033,2026-07-01 00:00:00,2,76,10,196.86,0,0,CMP0096
SCH034,2021-01-01 00:00:00,8,592,24,1066,2,0,CMP0097
SCH034,2021-02-01 00:00:00,7,161,28,919.89,1,0,CMP0098
SCH034,2021-03-01 00:00:00,3,237,6,62.44,0,0,CMP0099
SCH034,2021-04-01 00:00:00,5,380,20,774.24,1,0,CMP0100
SCH034,2021-05-01 00:00:00,7,161,14,193.34,2,0,CMP0101
SCH034,2021-06-01 00:00:00,4,312,20,396.48,1,0,CMP0102
SCH034,2021-07-01 00:00:00,7,154,14,567.42,1,0,CMP0103
SCH034,2021-08-01 00:00:00,6,150,12,365.2,1,0,CMP0104
SCH034,2021-09-01 00:00:00,3,234,12,182.96,0,0,CMP0105
SCH034,2021-10-01 00:00:00,4,104,28,1062.59,1,0,CMP0106
SCH034,2021-11-01 00:00:00,5,345,25,1087.55,2,0,CMP0107
SCH034,2021-12-01 00:00:00,6,144,12,96.84,1,0,CMP0108
SCH034,2022-01-01 00:00:00,2,116,4,33.87,0,0,CMP0109
SCH034,2022-02-01 00:00:00,5,175,35,1096.62,2,0,CMP0110
SCH034,2022-03-01 00:00:00,10,730,70,2173.04,3,1,CMP0111
SCH034,2022-04-01 00:00:00,2,134,12,379.84,0,0,CMP0112
SCH034,2022-05-01 00:00:00,9,198,45,1441.9,1,0,CMP0113
SCH034,2022-06-01 00:00:00,2,140,10,314.48,0,0,CMP0114
SCH034,2022-07-01 00:00:00,2,112,4,166.33,0,0,CMP0115
SCH034,2022-08-01 00:00:00,9,288,54,1710.02,3,1,CMP0116
SCH034,2022-09-01 00:00:00,4,164,24,880.89,1,0,CMP0117
SCH034,2022-10-01 00:00:00,5,115,15,424.28,1,0,CMP0118
SCH034,2022-11-01 00:00:00,2,40,10,104.78,0,0,CMP0119
SCH034,2022-12-01 00:00:00,1,76,2,51.24,0,0,CMP0120
SCH034,2023-01-01 00:00:00,3,96,18,660.36,1,0,CMP0121
SCH034,2023-02-01 00:00:00,4,284,16,320.7,0,0,CMP0122
SCH034,2023-03-01 00:00:00,9,252,45,1640.22,1,0,CMP0123
SCH034,2023-04-01 00:00:00,4,156,12,269.13,1,0,CMP0124
SCH034,2023-05-01 00:00:00,5,395,35,892.11,0,0,CMP0125
SCH034,2023-06-01 00:00:00,3,129,18,506.2,0,0,CMP0126
SCH034,2023-07-01 00:00:00,4,120,8,177.63,1,0,CMP0127
SCH034,2023-08-01 00:00:00,2,116,14,616.5,0,0,CMP0128
SCH034,2023-09-01 00:00:00,2,110,4,64.48,0,0,CMP0129
SCH034,2023-10-01 00:00:00,2,126,12,375.96,0,0,CMP0130
SCH034,2023-11-01 00:00:00,3,87,6,235.02,1,0,CMP0131
SCH034,2023-12-01 00:00:00,1,36,4,61.45,0,0,CMP0132
SCH034,2024-01-01 00:00:00,2,54,10,371.24,0,0,CMP0133
SCH034,2024-02-01 00:00:00,5,270,25,800.09,2,0,CMP0134
SCH034,2024-03-01 00:00:00,6,438,30,275.11,2,0,CMP0135
SCH034,2024-04-01 00:00:00,2,90,12,499.39,0,0,CMP0136
SCH034,2024-05-01 00:00:00,4,92,28,836.07,1,0,CMP0137
SCH034,2024-06-01 00:00:00,3,171,21,742.67,0,0,CMP0138
SCH034,2024-07-01 00:00:00,7,238,35,1413.58,2,0,CMP0139
SCH034,2024-08-01 00:00:00,6,384,42,608.06,2,0,CMP0140
SCH034,2024-09-01 00:00:00,4,176,24,1013.85,1,0,CMP0141
SCH034,2024-10-01 00:00:00,7,301,14,274.58,1,0,CMP0142
SCH034,2024-11-01 00:00:00,6,426,12,227.69,2,0,CMP0143
SCH034,2024-12-01 00:00:00,4,256,28,276.28,0,0,CMP0144
SCH034,2025-01-01 00:00:00,5,335,35,625.35,1,0,CMP0145
SCH034,2025-02-01 00:00:00,3,180,9,236.83,0,0,CMP0146
SCH034,2025-03-01 00:00:00,7,322,42,500.2,2,0,CMP0147
SCH034,2025-04-01 00:00:00,5,240,20,282.38,1,0,CMP0148
SCH034,2025-05-01 00:00:00,7,455,21,921.5,3,0,CMP0149
SCH034,2025-06-01 00:00:00,5,375,15,295.3,1,0,CMP0150
SCH034,2025-07-01 00:00:00,5,190,20,409.73,1,0,CMP0151
SCH034,2025-08-01 00:00:00,3,105,18,434.94,0,0,CMP0152
SCH034,2025-09-01 00:00:00,3,201,12,115.39,0,0,CMP0153
SCH034,2025-10-01 00:00:00,3,135,21,828.25,1,0,CMP0154
SCH034,2025-11-01 00:00:00,10,220,60,1202.25,3,1,CMP0155
SCH034,2025-12-01 00:00:00,4,192,8,191.01,1,0,CMP0156
SCH034,2026-01-01 00:00:00,7,420,35,1342.84,2,0,CMP0157
SCH034,2026-02-01 00:00:00,5,135,30,593.77,0,0,CMP0158
SCH034,2026-03-01 00:00:00,7,203,42,921.06,1,0,CMP0159
SCH034,2026-04-01 00:00:00,2,100,8,347.52,0,0,CMP0160
SCH034,2026-05-01 00:00:00,3,156,9,201.8,1,0,CMP0161
SCH034,2026-06-01 00:00:00,6,384,18,273.22,1,0,CMP0162
SCH034,2026-07-01 00:00:00,4,128,24,855.1,1,0,CMP0163
SCH035,2021-01-01 00:00:00,8,456,40,592.92,1,0,CMP0164
SCH035,2021-02-01 00:00:00,3,66,18,682.69,0,0,CMP0165
SCH035,2021-03-01 00:00:00,11,418,44,513.37,4,1,CMP0166
SCH035,2021-04-01 00:00:00,7,434,28,462.75,3,0,CMP0167
SCH035,2021-05-01 00:00:00,3,192,21,171.59,0,0,CMP0168
SCH035,2021-06-01 00:00:00,5,380,15,651.03,1,0,CMP0169
SCH035,2021-07-01 00:00:00,3,174,12,235.78,0,0,CMP0170
SCH035,2021-08-01 00:00:00,5,220,10,410.5,1,0,CMP0171
SCH035,2021-09-01 00:00:00,4,204,28,335.1,1,0,CMP0172
SCH035,2021-10-01 00:00:00,2,116,14,268,0,0,CMP0173
SCH035,2021-11-01 00:00:00,2,76,8,126.08,0,0,CMP0174
SCH035,2021-12-01 00:00:00,5,300,10,341.87,0,0,CMP0175
SCH035,2022-01-01 00:00:00,2,74,8,287.32,0,0,CMP0176
SCH035,2022-02-01 00:00:00,8,392,56,1091.61,2,0,CMP0177
SCH035,2022-03-01 00:00:00,5,365,20,250.49,1,0,CMP0178
SCH035,2022-04-01 00:00:00,4,260,8,247.66,0,0,CMP0179
SCH035,2022-05-01 00:00:00,6,234,24,374.35,1,0,CMP0180
SCH035,2022-06-01 00:00:00,5,270,35,729.7,1,0,CMP0181
SCH035,2022-07-01 00:00:00,6,294,30,966.79,2,0,CMP0182
SCH035,2022-08-01 00:00:00,3,189,9,315.87,0,0,CMP0183
SCH035,2022-09-01 00:00:00,8,480,40,1445.38,1,0,CMP0184
SCH035,2022-10-01 00:00:00,11,242,66,827.82,4,1,CMP0185
SCH035,2022-11-01 00:00:00,5,345,10,319.69,1,0,CMP0186
SCH035,2022-12-01 00:00:00,8,504,40,766.95,1,0,CMP0187
SCH035,2023-01-01 00:00:00,5,140,30,837.54,1,0,CMP0188
SCH035,2023-02-01 00:00:00,1,22,7,169.89,0,0,CMP0189
SCH035,2023-03-01 00:00:00,3,147,9,137.29,1,0,CMP0190
SCH035,2023-04-01 00:00:00,4,84,24,316.04,1,0,CMP0191
SCH035,2023-05-01 00:00:00,7,196,14,383.27,3,1,CMP0192
SCH035,2023-06-01 00:00:00,3,165,9,332.71,1,0,CMP0193
SCH035,2023-07-01 00:00:00,3,123,9,317.16,1,0,CMP0194
SCH035,2023-08-01 00:00:00,6,438,24,651.72,2,0,CMP0195
SCH035,2023-09-01 00:00:00,6,216,36,918.27,1,0,CMP0196
SCH035,2023-10-01 00:00:00,6,156,42,1108.39,2,0,CMP0197
SCH035,2023-11-01 00:00:00,6,438,12,521.04,1,0,CMP0198
SCH035,2023-12-01 00:00:00,7,539,35,1499.68,2,0,CMP0199
SCH035,2024-01-01 00:00:00,2,84,6,143.67,0,0,CMP0200
SCH035,2024-02-01 00:00:00,3,90,6,200.36,0,0,CMP0201
SCH035,2024-03-01 00:00:00,4,296,12,512.74,1,0,CMP0202
SCH035,2024-04-01 00:00:00,5,335,15,193.75,1,0,CMP0203
SCH035,2024-05-01 00:00:00,4,220,28,801.28,0,0,CMP0204
SCH035,2024-06-01 00:00:00,6,132,42,1738.74,1,0,CMP0205
SCH035,2024-07-01 00:00:00,5,150,35,824.8,1,0,CMP0206
SCH035,2024-08-01 00:00:00,3,132,18,489.53,0,0,CMP0207
SCH035,2024-09-01 00:00:00,3,198,15,122.05,0,0,CMP0208
SCH035,2024-10-01 00:00:00,3,138,9,182.52,0,0,CMP0209
SCH035,2024-11-01 00:00:00,4,304,12,292.02,1,0,CMP0210
SCH035,2024-12-01 00:00:00,3,156,18,343.62,0,0,CMP0211
SCH035,2025-01-01 00:00:00,8,368,24,421.28,2,0,CMP0212
SCH035,2025-02-01 00:00:00,2,148,10,373.11,0,0,CMP0213
SCH035,2025-03-01 00:00:00,5,365,35,775.34,1,0,CMP0214
SCH035,2025-04-01 00:00:00,6,408,36,696.14,1,0,CMP0215
SCH035,2025-05-01 00:00:00,3,123,18,278.81,0,0,CMP0216
SCH035,2025-06-01 00:00:00,4,216,16,693.81,1,0,CMP0217
SCH035,2025-07-01 00:00:00,8,632,24,697.28,2,0,CMP0218
SCH035,2025-08-01 00:00:00,5,245,20,315.01,1,0,CMP0219
SCH035,2025-09-01 00:00:00,4,108,28,525.04,0,0,CMP0220
SCH035,2025-10-01 00:00:00,4,220,12,176.24,1,0,CMP0221
SCH035,2025-11-01 00:00:00,4,156,28,1113.68,0,0,CMP0222
SCH035,2025-12-01 00:00:00,5,225,25,819.63,1,0,CMP0223
SCH035,2026-01-01 00:00:00,5,155,25,272.55,1,0,CMP0224
SCH035,2026-02-01 00:00:00,3,228,21,283.74,0,0,CMP0225
SCH035,2026-03-01 00:00:00,3,225,6,124.22,1,0,CMP0226
SCH035,2026-04-01 00:00:00,6,360,30,779.41,2,0,CMP0227
SCH035,2026-05-01 00:00:00,5,345,20,568.89,1,0,CMP0228
SCH035,2026-06-01 00:00:00,2,98,6,264.63,0,0,CMP0229
SCH035,2026-07-01 00:00:00,6,294,24,230.51,1,0,CMP0230
SCH036,2021-01-01 00:00:00,4,92,16,345.96,0,0,CMP0231
SCH036,2021-02-01 00:00:00,3,159,21,393.54,0,0,CMP0232
SCH036,2021-03-01 00:00:00,2,100,6,136,0,0,CMP0233
SCH036,2021-04-01 00:00:00,5,170,10,291.21,0,0,CMP0234
SCH036,2021-05-01 00:00:00,1,54,7,59.16,0,0,CMP0235
SCH036,2021-07-01 00:00:00,5,100,10,400.73,2,0,CMP0236
SCH036,2021-08-01 00:00:00,5,395,25,218.1,1,0,CMP0237
SCH036,2021-09-01 00:00:00,4,224,28,1105.18,0,0,CMP0238
SCH036,2021-10-01 00:00:00,3,189,12,534.89,1,0,CMP0239
SCH036,2021-11-01 00:00:00,7,469,21,488.81,1,0,CMP0240
SCH036,2021-12-01 00:00:00,7,371,42,1718.93,1,0,CMP0241
SCH036,2022-01-01 00:00:00,5,100,15,589.01,1,0,CMP0242
SCH036,2022-02-01 00:00:00,3,87,15,172.53,0,0,CMP0243
SCH036,2022-03-01 00:00:00,5,330,25,426.27,2,0,CMP0244
SCH036,2022-04-01 00:00:00,6,204,30,1314.58,1,0,CMP0245
SCH036,2022-05-01 00:00:00,6,156,36,763.77,1,0,CMP0246
SCH036,2022-06-01 00:00:00,2,152,6,156.18,0,0,CMP0247
SCH036,2022-07-01 00:00:00,8,496,48,1914.2,1,0,CMP0248
SCH036,2022-08-01 00:00:00,3,222,15,654.02,1,0,CMP0249
SCH036,2022-09-01 00:00:00,1,27,3,75.1,0,0,CMP0250
SCH036,2022-10-01 00:00:00,7,280,49,1306.18,2,0,CMP0251
SCH036,2022-11-01 00:00:00,7,434,35,422.67,3,0,CMP0252
SCH036,2022-12-01 00:00:00,3,195,12,537.33,0,0,CMP0253
SCH036,2023-01-01 00:00:00,3,177,21,866.99,1,0,CMP0254
SCH036,2023-02-01 00:00:00,1,61,2,39.95,0,0,CMP0255
SCH036,2023-03-01 00:00:00,5,115,35,312.61,0,0,CMP0256
SCH036,2023-04-01 00:00:00,5,125,25,263.03,1,0,CMP0257
SCH036,2023-05-01 00:00:00,8,296,40,1250.46,2,0,CMP0258
SCH036,2023-06-01 00:00:00,2,136,12,104.72,0,0,CMP0259
SCH036,2023-07-01 00:00:00,3,195,21,269.18,0,0,CMP0260
SCH036,2023-08-01 00:00:00,6,426,24,453.22,1,0,CMP0261
SCH036,2023-09-01 00:00:00,6,120,30,1222.23,2,0,CMP0262
SCH036,2023-10-01 00:00:00,5,120,35,1261.66,1,0,CMP0263
SCH036,2023-11-01 00:00:00,8,416,16,306.8,1,0,CMP0264
SCH036,2023-12-01 00:00:00,2,68,12,277.88,0,0,CMP0265
SCH036,2024-01-01 00:00:00,2,108,12,343.21,0,0,CMP0266
SCH036,2024-02-01 00:00:00,4,192,8,250.61,1,0,CMP0267
SCH036,2024-03-01 00:00:00,3,69,21,919.01,1,0,CMP0268
SCH036,2024-04-01 00:00:00,4,180,28,409.82,1,0,CMP0269
SCH036,2024-05-01 00:00:00,3,231,15,228.07,0,0,CMP0270
SCH036,2024-06-01 00:00:00,6,168,12,403.58,2,0,CMP0271
SCH036,2024-07-01 00:00:00,8,304,32,664.22,2,0,CMP0272
SCH036,2024-08-01 00:00:00,3,231,6,207.17,1,0,CMP0273
SCH036,2024-09-01 00:00:00,3,147,9,103.66,1,0,CMP0274
SCH036,2024-10-01 00:00:00,5,235,30,517.18,1,0,CMP0275
SCH036,2024-11-01 00:00:00,6,366,24,629.79,2,0,CMP0276
SCH036,2024-12-01 00:00:00,7,532,35,605.57,2,0,CMP0277
SCH036,2025-01-01 00:00:00,8,176,40,854.43,3,0,CMP0278
SCH036,2025-02-01 00:00:00,5,255,35,920.73,1,0,CMP0279
SCH036,2025-03-01 00:00:00,4,148,16,418.7,1,0,CMP0280
SCH036,2025-04-01 00:00:00,5,240,30,712.44,1,0,CMP0281
SCH036,2025-05-01 00:00:00,3,210,15,376.93,1,0,CMP0282
SCH036,2025-06-01 00:00:00,4,304,8,85.56,1,0,CMP0283
SCH036,2025-07-01 00:00:00,4,144,12,211.81,1,0,CMP0284
SCH036,2025-08-01 00:00:00,6,174,42,445.95,1,0,CMP0285
SCH036,2025-09-01 00:00:00,3,177,6,221.44,1,0,CMP0286
SCH036,2025-10-01 00:00:00,3,126,15,619.01,0,0,CMP0287
SCH036,2025-11-01 00:00:00,5,115,15,199.17,1,0,CMP0288
SCH036,2025-12-01 00:00:00,3,183,15,565.96,1,0,CMP0289
SCH036,2026-01-01 00:00:00,3,75,15,322.76,1,0,CMP0290
SCH036,2026-02-01 00:00:00,4,220,24,602.11,1,0,CMP0291
SCH036,2026-03-01 00:00:00,6,174,42,1272.2,2,0,CMP0292
SCH036,2026-04-01 00:00:00,3,123,6,191.32,1,0,CMP0293
SCH036,2026-05-01 00:00:00,5,370,15,299.21,1,0,CMP0294
SCH036,2026-06-01 00:00:00,5,175,25,890.39,1,0,CMP0295
SCH036,2026-07-01 00:00:00,5,365,20,758.15,1,0,CMP0296
SCH037,2021-01-01 00:00:00,4,232,24,947.59,1,0,CMP0297
SCH037,2021-02-01 00:00:00,3,174,12,495.36,1,0,CMP0298
SCH037,2021-03-01 00:00:00,1,55,7,137.63,0,0,CMP0299
SCH037,2021-04-01 00:00:00,4,176,20,423.03,1,0,CMP0300
SCH037,2021-05-01 00:00:00,4,116,8,183.91,1,0,CMP0001
SCH037,2021-06-01 00:00:00,5,325,25,326.23,2,0,CMP0002
SCH037,2021-07-01 00:00:00,2,152,6,244.6,0,0,CMP0003
SCH037,2021-08-01 00:00:00,5,235,20,343.39,1,0,CMP0004
SCH037,2021-09-01 00:00:00,4,124,8,95.61,0,0,CMP0005
SCH037,2021-10-01 00:00:00,1,31,2,69.44,0,0,CMP0006
SCH037,2021-11-01 00:00:00,1,47,2,55.26,0,0,CMP0007
SCH037,2021-12-01 00:00:00,5,320,15,566.66,1,0,CMP0008
SCH037,2022-01-01 00:00:00,5,370,20,251.13,1,0,CMP0009
SCH037,2022-02-01 00:00:00,3,96,6,188.48,1,0,CMP0010
SCH037,2022-03-01 00:00:00,5,300,30,545.04,0,0,CMP0011
SCH037,2022-04-01 00:00:00,4,316,24,712.97,1,0,CMP0012
SCH037,2022-05-01 00:00:00,5,140,35,464.51,1,0,CMP0013
SCH037,2022-06-01 00:00:00,6,276,12,314.12,2,0,CMP0014
SCH037,2022-07-01 00:00:00,6,354,30,1331.38,2,0,CMP0015
SCH037,2022-08-01 00:00:00,3,150,15,133.92,0,0,CMP0016
SCH037,2022-09-01 00:00:00,7,497,42,638.52,1,0,CMP0017
SCH037,2022-10-01 00:00:00,10,670,30,742.76,4,0,CMP0018
SCH037,2022-11-01 00:00:00,5,100,20,495.69,1,0,CMP0019
SCH037,2022-12-01 00:00:00,6,150,12,365.92,1,0,CMP0020
SCH037,2023-01-01 00:00:00,7,154,49,1240.47,2,0,CMP0021
SCH037,2023-02-01 00:00:00,6,282,36,608.25,1,0,CMP0022
SCH037,2023-03-01 00:00:00,6,414,30,689.19,2,0,CMP0023
SCH037,2023-04-01 00:00:00,3,198,18,438.71,0,0,CMP0024
SCH037,2023-05-01 00:00:00,5,305,20,163.39,1,0,CMP0025
SCH037,2023-06-01 00:00:00,3,207,21,426.39,0,0,CMP0026
SCH037,2023-07-01 00:00:00,6,312,24,879.74,1,0,CMP0027
SCH037,2023-08-01 00:00:00,7,238,35,711.23,2,0,CMP0028
SCH037,2023-09-01 00:00:00,7,231,49,1421.06,1,0,CMP0029
SCH037,2023-10-01 00:00:00,6,186,42,399.36,2,0,CMP0030
SCH037,2023-11-01 00:00:00,6,300,30,1177.62,1,0,CMP0031
SCH037,2023-12-01 00:00:00,2,156,4,93.7,0,0,CMP0032
SCH037,2024-01-01 00:00:00,6,426,36,1136.86,1,0,CMP0033
SCH037,2024-02-01 00:00:00,7,259,49,1087.2,2,0,CMP0034
SCH037,2024-03-01 00:00:00,6,294,30,708.56,1,0,CMP0035
SCH037,2024-04-01 00:00:00,1,25,6,105.86,0,0,CMP0036
SCH037,2024-05-01 00:00:00,6,396,18,543.43,2,0,CMP0037
SCH037,2024-06-01 00:00:00,1,35,3,115.05,0,0,CMP0038
SCH037,2024-07-01 00:00:00,1,36,7,234.86,0,0,CMP0039
SCH037,2024-08-01 00:00:00,5,145,10,184.22,1,0,CMP0040
SCH037,2024-09-01 00:00:00,4,280,28,533.29,1,0,CMP0041
SCH037,2024-10-01 00:00:00,7,329,28,323.85,1,0,CMP0042
SCH037,2024-11-01 00:00:00,5,265,15,558.57,0,0,CMP0043
SCH037,2024-12-01 00:00:00,7,308,28,792.1,1,0,CMP0044
SCH037,2025-01-01 00:00:00,4,296,28,1081.68,0,0,CMP0045
SCH037,2025-02-01 00:00:00,1,23,2,46.5,0,0,CMP0046
SCH037,2025-03-01 00:00:00,3,66,12,309.82,1,0,CMP0047
SCH037,2025-04-01 00:00:00,5,265,20,674.7,1,0,CMP0048
SCH037,2025-05-01 00:00:00,7,525,49,1027.33,1,0,CMP0049
SCH037,2025-06-01 00:00:00,4,268,20,248.6,1,0,CMP0050
SCH037,2025-07-01 00:00:00,5,335,35,1023.31,2,0,CMP0051
SCH037,2025-08-01 00:00:00,1,59,2,48.27,0,0,CMP0052
SCH037,2025-09-01 00:00:00,3,90,21,312.75,0,0,CMP0053
SCH037,2025-10-01 00:00:00,10,680,50,1747.61,2,0,CMP0054
SCH037,2025-11-01 00:00:00,3,210,15,222.87,0,0,CMP0055
SCH037,2025-12-01 00:00:00,1,58,6,66.55,0,0,CMP0056
SCH037,2026-01-01 00:00:00,2,82,12,538.23,0,0,CMP0057
SCH037,2026-02-01 00:00:00,4,92,24,386.34,1,0,CMP0058
SCH037,2026-03-01 00:00:00,5,340,35,1129.07,1,0,CMP0059
SCH037,2026-04-01 00:00:00,4,216,8,327.98,0,0,CMP0060
SCH037,2026-05-01 00:00:00,6,144,42,807.4,2,0,CMP0061
SCH037,2026-06-01 00:00:00,3,129,15,300.03,0,0,CMP0062
SCH037,2026-07-01 00:00:00,4,260,28,704.84,0,0,CMP0063
SCH038,2021-01-01 00:00:00,7,322,49,1430.31,1,0,CMP0064
SCH038,2021-02-01 00:00:00,6,336,18,796.42,1,0,CMP0065
SCH038,2021-03-01 00:00:00,3,117,9,402.41,0,0,CMP0066
SCH038,2021-04-01 00:00:00,6,354,18,180.18,2,0,CMP0067
SCH038,2021-05-01 00:00:00,2,92,4,175.74,0,0,CMP0068
SCH038,2021-06-01 00:00:00,5,155,25,885.72,1,0,CMP0069
SCH038,2021-07-01 00:00:00,6,222,18,669.6,1,0,CMP0070
SCH038,2021-08-01 00:00:00,5,180,15,438.5,1,0,CMP0071
SCH038,2021-09-01 00:00:00,4,252,24,784.52,1,0,CMP0072
SCH038,2021-10-01 00:00:00,6,126,18,319.63,2,0,CMP0073
SCH038,2021-11-01 00:00:00,4,300,16,671.45,0,0,CMP0074
SCH038,2021-12-01 00:00:00,5,260,35,320.42,0,0,CMP0075
SCH038,2022-01-01 00:00:00,4,144,20,330,1,0,CMP0076
SCH038,2022-02-01 00:00:00,5,160,35,568.35,1,0,CMP0077
SCH038,2022-03-01 00:00:00,7,392,49,2053.39,1,0,CMP0078
SCH038,2022-04-01 00:00:00,6,192,42,1070.33,1,0,CMP0079
SCH038,2022-05-01 00:00:00,6,432,42,1407.74,1,0,CMP0080
SCH038,2022-06-01 00:00:00,5,175,30,394.54,1,0,CMP0081
SCH038,2022-07-01 00:00:00,1,35,3,81.13,0,0,CMP0082
SCH038,2022-08-01 00:00:00,5,235,30,1165.1,1,0,CMP0083
SCH038,2022-09-01 00:00:00,11,396,22,670.23,3,1,CMP0084
SCH038,2022-10-01 00:00:00,9,477,18,246.71,3,0,CMP0085
SCH038,2022-11-01 00:00:00,4,240,8,351.31,1,0,CMP0086
SCH038,2022-12-01 00:00:00,3,138,12,134.72,0,0,CMP0087
SCH038,2023-01-01 00:00:00,3,75,15,146.3,0,0,CMP0088
SCH038,2023-02-01 00:00:00,3,171,18,229.97,0,0,CMP0089
SCH038,2023-03-01 00:00:00,7,196,42,388.94,1,0,CMP0090
SCH038,2023-04-01 00:00:00,4,232,16,288.67,0,0,CMP0091
SCH038,2023-05-01 00:00:00,6,264,18,243.79,2,0,CMP0092
SCH038,2023-06-01 00:00:00,4,152,8,157.82,0,0,CMP0093
SCH038,2023-07-01 00:00:00,6,420,12,444.26,2,0,CMP0094
SCH038,2023-08-01 00:00:00,1,64,3,36.55,0,0,CMP0095
SCH038,2023-09-01 00:00:00,4,288,12,442.76,1,0,CMP0096
SCH038,2023-10-01 00:00:00,4,188,20,826.35,1,0,CMP0097
SCH038,2023-11-01 00:00:00,4,284,20,275.28,1,0,CMP0098
SCH038,2023-12-01 00:00:00,9,315,45,740.05,1,0,CMP0099
SCH038,2024-01-01 00:00:00,3,99,15,464.07,0,0,CMP0100
SCH038,2024-02-01 00:00:00,5,270,25,852.97,2,0,CMP0101
SCH038,2024-03-01 00:00:00,3,198,15,603.5,1,0,CMP0102
SCH038,2024-04-01 00:00:00,6,408,30,1270.88,0,0,CMP0103
SCH038,2024-05-01 00:00:00,3,189,9,380.24,0,0,CMP0104
SCH038,2024-06-01 00:00:00,4,120,20,686.8,0,0,CMP0105
SCH038,2024-07-01 00:00:00,9,567,18,345.19,1,0,CMP0106
SCH038,2024-08-01 00:00:00,4,304,20,207.3,0,0,CMP0107
SCH038,2024-09-01 00:00:00,5,345,25,925.59,1,0,CMP0108
SCH038,2024-10-01 00:00:00,3,126,21,503.32,0,0,CMP0109
SCH038,2024-11-01 00:00:00,3,174,9,309.14,1,0,CMP0110
SCH038,2024-12-01 00:00:00,4,316,16,562.66,0,0,CMP0111
SCH038,2025-01-01 00:00:00,5,130,20,722.3,2,0,CMP0112
SCH038,2025-02-01 00:00:00,6,384,36,1619.08,1,0,CMP0113
SCH038,2025-03-01 00:00:00,6,330,18,706.82,2,0,CMP0114
SCH038,2025-04-01 00:00:00,5,205,20,384.14,1,0,CMP0115
SCH038,2025-05-01 00:00:00,3,114,12,491.88,0,0,CMP0116
SCH038,2025-06-01 00:00:00,6,396,24,505.88,0,0,CMP0117
SCH038,2025-07-01 00:00:00,1,63,6,193.9,0,0,CMP0118
SCH038,2025-08-01 00:00:00,4,88,16,542.94,0,0,CMP0119
SCH038,2025-09-01 00:00:00,4,276,20,171.81,1,0,CMP0120
SCH038,2025-10-01 00:00:00,6,162,18,193.15,2,0,CMP0121
SCH038,2025-11-01 00:00:00,6,246,30,735.53,1,0,CMP0122
SCH038,2025-12-01 00:00:00,9,225,36,380.95,2,1,CMP0123
SCH038,2026-01-01 00:00:00,5,235,15,275.12,1,0,CMP0124
SCH038,2026-02-01 00:00:00,8,496,32,1079.3,1,0,CMP0125
SCH038,2026-03-01 00:00:00,9,513,63,2830.2,1,0,CMP0126
SCH038,2026-04-01 00:00:00,5,110,25,818.86,1,0,CMP0127
SCH038,2026-05-01 00:00:00,5,300,20,573.79,0,0,CMP0128
SCH038,2026-06-01 00:00:00,5,150,15,342.87,1,0,CMP0129
SCH038,2026-07-01 00:00:00,3,168,12,246.68,1,0,CMP0130
SCH039,2021-01-01 00:00:00,7,469,28,864.24,1,0,CMP0131
SCH039,2021-02-01 00:00:00,4,124,16,403.07,0,0,CMP0132
SCH039,2021-03-01 00:00:00,2,100,12,428.13,0,0,CMP0133
SCH039,2021-04-01 00:00:00,8,328,40,1522.88,2,0,CMP0134
SCH039,2021-05-01 00:00:00,5,335,20,631.02,0,0,CMP0135
SCH039,2021-06-01 00:00:00,6,402,12,172.61,2,0,CMP0136
SCH039,2021-07-01 00:00:00,4,288,20,242.69,1,0,CMP0137
SCH039,2021-08-01 00:00:00,6,138,12,110.52,1,0,CMP0138
SCH039,2021-09-01 00:00:00,6,282,12,514.27,2,0,CMP0139
SCH039,2021-10-01 00:00:00,2,120,8,169.88,0,0,CMP0140
SCH039,2021-11-01 00:00:00,3,150,18,203.03,0,0,CMP0141
SCH039,2021-12-01 00:00:00,7,371,28,792.27,2,1,CMP0142
SCH039,2022-01-01 00:00:00,8,312,40,573.29,2,0,CMP0143
SCH039,2022-02-01 00:00:00,1,58,6,230.42,0,0,CMP0144
SCH039,2022-03-01 00:00:00,5,110,10,146.05,1,0,CMP0145
SCH039,2022-04-01 00:00:00,3,234,12,312.36,0,0,CMP0146
SCH039,2022-05-01 00:00:00,6,396,36,535.18,2,0,CMP0147
SCH039,2022-06-01 00:00:00,5,325,10,158.94,2,0,CMP0148
SCH039,2022-07-01 00:00:00,6,198,30,1087.23,1,0,CMP0149
SCH039,2022-08-01 00:00:00,4,148,8,287.01,1,0,CMP0150
SCH039,2022-09-01 00:00:00,1,56,7,311.93,0,0,CMP0151
SCH039,2022-10-01 00:00:00,8,624,16,449.73,2,0,CMP0152
SCH039,2022-11-01 00:00:00,6,474,12,195.19,2,0,CMP0153
SCH039,2022-12-01 00:00:00,9,234,45,1730.14,2,0,CMP0154
SCH039,2023-01-01 00:00:00,8,544,32,390.13,2,0,CMP0155
SCH039,2023-02-01 00:00:00,1,30,4,98.06,0,0,CMP0156
SCH039,2023-03-01 00:00:00,8,440,32,1087.83,1,0,CMP0157
SCH039,2023-04-01 00:00:00,5,100,20,562.1,1,0,CMP0158
SCH039,2023-05-01 00:00:00,5,325,20,438.54,1,0,CMP0159
SCH039,2023-06-01 00:00:00,1,59,2,67.72,0,0,CMP0160
SCH039,2023-07-01 00:00:00,9,270,36,1552.72,2,0,CMP0161
SCH039,2023-08-01 00:00:00,8,568,40,681.92,1,0,CMP0162
SCH039,2023-09-01 00:00:00,2,62,14,180.6,0,0,CMP0163
SCH039,2023-10-01 00:00:00,5,110,10,416.45,0,0,CMP0164
SCH039,2023-11-01 00:00:00,6,342,36,595.27,2,0,CMP0165
SCH039,2023-12-01 00:00:00,10,530,20,696.54,3,0,CMP0166
SCH039,2024-01-01 00:00:00,4,284,16,628.04,1,0,CMP0167
SCH039,2024-02-01 00:00:00,2,90,12,336.59,0,0,CMP0168
SCH039,2024-03-01 00:00:00,4,112,12,109.19,1,0,CMP0169
SCH039,2024-04-01 00:00:00,10,630,50,1047.06,2,0,CMP0170
SCH039,2024-05-01 00:00:00,3,195,6,100.31,0,0,CMP0171
SCH039,2024-06-01 00:00:00,3,228,12,528.92,0,0,CMP0172
SCH039,2024-07-01 00:00:00,4,288,28,1166.5,0,0,CMP0173
SCH039,2024-08-01 00:00:00,2,112,8,114.01,0,0,CMP0174
SCH039,2024-09-01 00:00:00,5,155,35,1387.95,2,1,CMP0175
SCH039,2024-10-01 00:00:00,2,140,12,308.48,0,0,CMP0176
SCH039,2024-11-01 00:00:00,4,228,16,272.12,1,0,CMP0177
SCH039,2024-12-01 00:00:00,2,68,6,225.02,0,0,CMP0178
SCH039,2025-01-01 00:00:00,6,222,30,641.59,1,0,CMP0179
SCH039,2025-02-01 00:00:00,5,110,15,190.45,0,0,CMP0180
SCH039,2025-03-01 00:00:00,6,246,18,401.97,2,0,CMP0181
SCH039,2025-04-01 00:00:00,4,196,28,1232.52,0,0,CMP0182
SCH039,2025-05-01 00:00:00,4,148,16,324.15,1,0,CMP0183
SCH039,2025-06-01 00:00:00,2,42,8,274.29,0,0,CMP0184
SCH039,2025-07-01 00:00:00,8,424,40,1648.86,3,0,CMP0185
SCH039,2025-08-01 00:00:00,4,308,16,194.75,0,0,CMP0186
SCH039,2025-09-01 00:00:00,5,330,15,609.54,1,0,CMP0187
SCH039,2025-10-01 00:00:00,5,130,20,258.67,1,0,CMP0188
SCH039,2025-11-01 00:00:00,4,108,20,325.19,1,0,CMP0189
SCH039,2025-12-01 00:00:00,8,320,48,1301.59,1,0,CMP0190
SCH039,2026-01-01 00:00:00,6,138,12,500.76,2,0,CMP0191
SCH039,2026-02-01 00:00:00,5,305,20,321.47,0,0,CMP0192
SCH039,2026-03-01 00:00:00,1,66,4,146.18,0,0,CMP0193
SCH039,2026-04-01 00:00:00,1,74,6,84.36,0,0,CMP0194
SCH039,2026-05-01 00:00:00,6,210,42,1412.37,2,1,CMP0195
SCH039,2026-06-01 00:00:00,7,154,21,626.17,1,0,CMP0196
SCH039,2026-07-01 00:00:00,2,98,12,322.29,0,0,CMP0197
SCH040,2021-01-01 00:00:00,5,105,10,135.32,0,0,CMP0198
SCH040,2021-02-01 00:00:00,4,276,20,176.75,1,0,CMP0199
SCH040,2021-03-01 00:00:00,3,153,6,140.97,0,0,CMP0200
SCH040,2021-04-01 00:00:00,5,255,35,959.27,1,0,CMP0201
SCH040,2021-05-01 00:00:00,3,195,21,651.4,1,0,CMP0202
SCH040,2021-06-01 00:00:00,3,153,9,282.75,1,0,CMP0203
SCH040,2021-07-01 00:00:00,3,234,15,604.1,0,0,CMP0204
SCH040,2021-08-01 00:00:00,4,276,28,716.41,1,0,CMP0205
SCH040,2021-09-01 00:00:00,2,66,10,131.47,0,0,CMP0206
SCH040,2021-10-01 00:00:00,4,172,20,207.21,1,0,CMP0207
SCH040,2021-11-01 00:00:00,2,66,4,113.42,0,0,CMP0208
SCH040,2021-12-01 00:00:00,4,148,8,328.5,1,0,CMP0209
SCH040,2022-01-01 00:00:00,3,105,21,168.52,0,0,CMP0210
SCH040,2022-02-01 00:00:00,3,78,18,172.16,0,0,CMP0211
SCH040,2022-03-01 00:00:00,5,180,25,534.39,0,0,CMP0212
SCH040,2022-04-01 00:00:00,3,60,6,214.75,0,0,CMP0213
SCH040,2022-05-01 00:00:00,1,20,6,187.89,0,0,CMP0214
SCH040,2022-06-01 00:00:00,4,172,16,694.32,1,0,CMP0215
SCH040,2022-07-01 00:00:00,4,172,28,731.22,0,0,CMP0216
SCH040,2022-08-01 00:00:00,7,532,35,557.29,1,0,CMP0217
SCH040,2022-09-01 00:00:00,3,168,9,296.69,1,0,CMP0218
SCH040,2022-10-01 00:00:00,5,210,25,493.65,1,0,CMP0219
SCH040,2022-11-01 00:00:00,2,130,4,100.98,0,0,CMP0220
SCH040,2022-12-01 00:00:00,8,576,24,382.22,1,0,CMP0221
SCH040,2023-01-01 00:00:00,5,190,10,435.32,1,0,CMP0222
SCH040,2023-02-01 00:00:00,4,164,24,541.97,1,0,CMP0223
SCH040,2023-03-01 00:00:00,8,632,48,2034.11,1,0,CMP0224
SCH040,2023-04-01 00:00:00,5,315,10,438.71,1,0,CMP0225
SCH040,2023-05-01 00:00:00,6,462,30,1103.14,1,0,CMP0226
SCH040,2023-06-01 00:00:00,2,106,6,173.54,0,0,CMP0227
SCH040,2023-07-01 00:00:00,5,375,20,217.71,1,0,CMP0228
SCH040,2023-08-01 00:00:00,7,483,35,548.16,1,0,CMP0229
SCH040,2023-09-01 00:00:00,7,217,35,1528.18,2,1,CMP0230
SCH040,2023-10-01 00:00:00,8,240,56,594.05,2,0,CMP0231
SCH040,2023-11-01 00:00:00,2,108,14,307.78,0,0,CMP0232
SCH040,2023-12-01 00:00:00,5,250,10,277.86,1,0,CMP0233
SCH040,2024-01-01 00:00:00,3,186,21,493.2,0,0,CMP0234
SCH040,2024-02-01 00:00:00,7,455,35,1164.77,2,0,CMP0235
SCH040,2024-03-01 00:00:00,2,50,8,164.41,0,0,CMP0236
SCH040,2024-04-01 00:00:00,6,432,42,1163.83,1,0,CMP0237
SCH040,2024-05-01 00:00:00,3,150,15,155.02,1,0,CMP0238
SCH040,2024-06-01 00:00:00,5,165,35,558.19,0,0,CMP0239
SCH040,2024-07-01 00:00:00,3,60,15,279.54,1,0,CMP0240
SCH040,2024-08-01 00:00:00,4,192,20,719.41,1,0,CMP0241
SCH040,2024-09-01 00:00:00,5,215,30,1012.34,1,0,CMP0242
SCH040,2024-10-01 00:00:00,3,63,21,666.42,0,0,CMP0243
SCH040,2024-11-01 00:00:00,3,123,15,524.14,0,0,CMP0244
SCH040,2024-12-01 00:00:00,8,464,24,573.99,3,1,CMP0245
SCH040,2025-01-01 00:00:00,2,98,10,223.18,0,0,CMP0246
SCH040,2025-02-01 00:00:00,3,87,6,230.7,0,0,CMP0247
SCH040,2025-03-01 00:00:00,3,186,12,253.91,0,0,CMP0248
SCH040,2025-04-01 00:00:00,7,182,49,1939.69,2,0,CMP0249
SCH040,2025-05-01 00:00:00,3,72,6,189.44,1,0,CMP0250
SCH040,2025-06-01 00:00:00,5,260,10,91.26,1,0,CMP0251
SCH040,2025-07-01 00:00:00,5,295,30,824.56,1,0,CMP0252
SCH040,2025-08-01 00:00:00,4,312,28,459.52,0,0,CMP0253
SCH040,2025-09-01 00:00:00,6,384,36,874.72,2,0,CMP0254
SCH040,2025-10-01 00:00:00,5,355,15,266.42,1,0,CMP0255
SCH040,2025-11-01 00:00:00,5,340,15,162.88,0,0,CMP0256
SCH040,2025-12-01 00:00:00,7,168,49,654.49,2,0,CMP0257
SCH040,2026-01-01 00:00:00,6,246,42,1396.97,1,0,CMP0258
SCH040,2026-02-01 00:00:00,4,248,20,894.8,0,0,CMP0259
SCH040,2026-03-01 00:00:00,4,216,8,223.46,1,0,CMP0260
SCH040,2026-04-01 00:00:00,12,876,36,1452.11,3,1,CMP0261
SCH040,2026-05-01 00:00:00,2,66,10,203.05,0,0,CMP0262
SCH040,2026-06-01 00:00:00,6,180,30,354.66,1,0,CMP0263
SCH040,2026-07-01 00:00:00,5,220,25,230.94,1,0,CMP0264
SCH041,2021-01-01 00:00:00,4,248,16,450.22,1,0,CMP0265
SCH041,2021-02-01 00:00:00,8,584,56,2276.49,2,0,CMP0266
SCH041,2021-03-01 00:00:00,4,248,12,287.32,1,0,CMP0267
SCH041,2021-04-01 00:00:00,1,22,4,69.54,0,0,CMP0268
SCH041,2021-05-01 00:00:00,7,308,35,1139.69,2,0,CMP0269
SCH041,2021-06-01 00:00:00,5,260,10,428.99,0,0,CMP0270
SCH041,2021-07-01 00:00:00,4,140,12,414.66,1,0,CMP0271
SCH041,2021-08-01 00:00:00,5,120,10,424.89,1,0,CMP0272
SCH041,2021-09-01 00:00:00,3,132,15,591.28,1,0,CMP0273
SCH041,2021-10-01 00:00:00,7,168,14,405.15,2,1,CMP0274
SCH041,2021-11-01 00:00:00,7,546,35,532.06,2,0,CMP0275
SCH041,2021-12-01 00:00:00,7,322,35,312.98,1,0,CMP0276
SCH041,2022-01-01 00:00:00,2,154,10,159.26,0,0,CMP0277
SCH041,2022-02-01 00:00:00,5,165,20,284.37,1,0,CMP0278
SCH041,2022-03-01 00:00:00,3,228,6,253.73,1,0,CMP0279
SCH041,2022-04-01 00:00:00,11,484,66,589.26,2,1,CMP0280
SCH041,2022-05-01 00:00:00,5,395,35,881.63,0,0,CMP0281
SCH041,2022-06-01 00:00:00,6,336,12,231.47,1,0,CMP0282
SCH041,2022-07-01 00:00:00,7,301,49,448.49,1,0,CMP0283
SCH041,2022-08-01 00:00:00,1,39,2,21.15,0,0,CMP0284
SCH041,2022-09-01 00:00:00,3,186,6,139.75,1,0,CMP0285
SCH041,2022-10-01 00:00:00,7,196,14,321.78,1,0,CMP0286
SCH041,2022-11-01 00:00:00,2,90,8,253.71,0,0,CMP0287
SCH041,2022-12-01 00:00:00,4,300,20,248.32,1,0,CMP0288
SCH041,2023-01-01 00:00:00,6,474,42,424.94,2,0,CMP0289
SCH041,2023-02-01 00:00:00,4,116,12,455.1,1,0,CMP0290
SCH041,2023-03-01 00:00:00,5,390,10,300.37,1,0,CMP0291
SCH041,2023-04-01 00:00:00,1,62,2,35.61,0,0,CMP0292
SCH041,2023-05-01 00:00:00,4,244,24,1029.97,1,0,CMP0293
SCH041,2023-06-01 00:00:00,2,52,12,395.18,0,0,CMP0294
SCH041,2023-07-01 00:00:00,6,408,42,384.3,1,0,CMP0295
SCH041,2023-08-01 00:00:00,4,248,20,416.72,0,0,CMP0296
SCH041,2023-09-01 00:00:00,7,469,42,748.11,2,0,CMP0297
SCH041,2023-10-01 00:00:00,5,230,10,173.14,1,0,CMP0298
SCH041,2023-11-01 00:00:00,4,208,12,110.09,1,0,CMP0299
SCH041,2023-12-01 00:00:00,3,78,21,502.73,0,0,CMP0300
SCH041,2024-01-01 00:00:00,5,330,10,306.46,1,0,CMP0001
SCH041,2024-02-01 00:00:00,4,164,12,208.63,1,0,CMP0002
SCH041,2024-03-01 00:00:00,4,176,28,1092.04,1,0,CMP0003
SCH041,2024-04-01 00:00:00,4,304,20,755.45,1,0,CMP0004
SCH041,2024-05-01 00:00:00,6,204,30,1332.06,2,0,CMP0005
SCH041,2024-06-01 00:00:00,1,45,3,103.65,0,0,CMP0006
SCH041,2024-07-01 00:00:00,7,259,14,207.41,2,0,CMP0007
SCH041,2024-08-01 00:00:00,4,296,8,259.19,0,0,CMP0008
SCH041,2024-09-01 00:00:00,7,238,28,254.02,2,0,CMP0009
SCH041,2024-10-01 00:00:00,4,232,28,435.7,1,0,CMP0010
SCH041,2024-11-01 00:00:00,3,213,21,843.27,1,0,CMP0011
SCH041,2024-12-01 00:00:00,5,150,35,1170.39,1,0,CMP0012
SCH041,2025-01-01 00:00:00,1,75,4,62.47,0,0,CMP0013
SCH041,2025-02-01 00:00:00,4,164,20,779.95,1,0,CMP0014
SCH041,2025-03-01 00:00:00,5,255,25,884.87,1,0,CMP0015
SCH041,2025-04-01 00:00:00,3,141,12,153.45,0,0,CMP0016
SCH041,2025-05-01 00:00:00,4,132,28,1027.13,0,0,CMP0017
SCH041,2025-07-01 00:00:00,4,132,20,827.44,1,0,CMP0018
SCH041,2025-08-01 00:00:00,1,50,4,75,0,0,CMP0019
SCH041,2025-09-01 00:00:00,5,320,35,1181.98,1,0,CMP0020
SCH041,2025-10-01 00:00:00,4,228,28,1156.22,0,0,CMP0021
SCH041,2025-11-01 00:00:00,5,345,30,1120.37,0,0,CMP0022
SCH041,2025-12-01 00:00:00,5,120,30,1292.65,0,0,CMP0023
SCH041,2026-01-01 00:00:00,8,496,16,625.6,2,0,CMP0024
SCH041,2026-02-01 00:00:00,10,580,50,984.89,3,0,CMP0025
SCH041,2026-03-01 00:00:00,1,46,7,268.03,0,0,CMP0026
SCH041,2026-04-01 00:00:00,3,111,9,258.11,0,0,CMP0027
SCH041,2026-05-01 00:00:00,13,429,65,2601.7,2,0,CMP0028
SCH041,2026-06-01 00:00:00,2,102,12,227.47,0,0,CMP0029
SCH041,2026-07-01 00:00:00,4,136,24,785.86,1,0,CMP0030
SCH042,2021-01-01 00:00:00,3,120,21,275.03,0,0,CMP0031
SCH042,2021-02-01 00:00:00,4,124,8,204.39,1,0,CMP0032
SCH042,2021-03-01 00:00:00,8,192,56,2425.35,1,0,CMP0033
SCH042,2021-04-01 00:00:00,4,172,8,179.05,1,0,CMP0034
SCH042,2021-05-01 00:00:00,3,147,21,887.98,0,0,CMP0035
SCH042,2021-06-01 00:00:00,4,96,8,298.41,0,0,CMP0036
SCH042,2021-07-01 00:00:00,5,150,25,694.56,1,0,CMP0037
SCH042,2021-08-01 00:00:00,4,124,28,1190.27,1,0,CMP0038
SCH042,2021-09-01 00:00:00,3,192,6,63.93,1,0,CMP0039
SCH042,2021-10-01 00:00:00,8,592,32,995.71,3,1,CMP0040
SCH042,2021-11-01 00:00:00,7,280,42,742.89,2,0,CMP0041
SCH042,2021-12-01 00:00:00,3,129,21,829.42,1,0,CMP0042
SCH042,2022-01-01 00:00:00,4,224,8,208.81,1,0,CMP0043
SCH042,2022-02-01 00:00:00,5,240,10,298.71,2,0,CMP0044
SCH042,2022-03-01 00:00:00,9,495,36,1176.39,3,1,CMP0045
SCH042,2022-04-01 00:00:00,7,448,21,280.62,1,0,CMP0046
SCH042,2022-05-01 00:00:00,7,301,14,490.82,1,0,CMP0047
SCH042,2022-06-01 00:00:00,5,385,10,239.04,0,0,CMP0048
SCH042,2022-07-01 00:00:00,9,180,27,1087.95,1,0,CMP0049
SCH042,2022-08-01 00:00:00,7,161,35,897.67,1,0,CMP0050
SCH042,2022-09-01 00:00:00,2,88,14,309.2,0,0,CMP0051
SCH042,2022-10-01 00:00:00,5,340,35,872.9,1,0,CMP0052
SCH042,2022-11-01 00:00:00,4,264,8,171.61,0,0,CMP0053
SCH042,2022-12-01 00:00:00,8,576,48,1688.97,1,0,CMP0054
SCH042,2023-01-01 00:00:00,2,74,6,175.99,0,0,CMP0055
SCH042,2023-02-01 00:00:00,4,232,20,859.81,1,0,CMP0056
SCH042,2023-03-01 00:00:00,4,204,16,403.62,1,0,CMP0057
SCH042,2023-05-01 00:00:00,2,136,6,206.84,0,0,CMP0058
SCH042,2023-06-01 00:00:00,5,385,35,481.46,1,0,CMP0059
SCH042,2023-07-01 00:00:00,7,392,49,1529.74,2,0,CMP0060
SCH042,2023-08-01 00:00:00,4,212,12,321.44,1,0,CMP0061
SCH042,2023-09-01 00:00:00,9,180,27,478.81,1,0,CMP0062
SCH042,2023-10-01 00:00:00,6,222,42,1743.62,2,1,CMP0063
SCH042,2023-11-01 00:00:00,2,44,14,623.41,0,0,CMP0064
SCH042,2023-12-01 00:00:00,8,512,32,1106.07,1,0,CMP0065
SCH042,2024-01-01 00:00:00,4,240,24,375.15,1,0,CMP0066
SCH042,2024-02-01 00:00:00,2,48,12,128.98,0,0,CMP0067
SCH042,2024-03-01 00:00:00,3,120,18,546.9,1,0,CMP0068
SCH042,2024-04-01 00:00:00,1,48,5,161.76,0,0,CMP0069
SCH042,2024-05-01 00:00:00,3,150,12,488.08,0,0,CMP0070
SCH042,2024-06-01 00:00:00,6,264,42,1413.85,2,0,CMP0071
SCH042,2024-07-01 00:00:00,4,180,12,116.94,1,0,CMP0072
SCH042,2024-08-01 00:00:00,8,296,16,360.52,3,1,CMP0073
SCH042,2024-09-01 00:00:00,4,152,8,164.63,1,0,CMP0074
SCH042,2024-10-01 00:00:00,7,378,35,1277,2,0,CMP0075
SCH042,2024-11-01 00:00:00,7,147,14,325.05,1,0,CMP0076
SCH042,2024-12-01 00:00:00,5,315,10,331.12,1,0,CMP0077
SCH042,2025-01-01 00:00:00,6,312,12,214.31,1,0,CMP0078
SCH042,2025-02-01 00:00:00,5,320,25,437.42,1,0,CMP0079
SCH042,2025-03-01 00:00:00,1,27,4,148.03,0,0,CMP0080
SCH042,2025-04-01 00:00:00,12,336,36,1125.45,3,0,CMP0081
SCH042,2025-05-01 00:00:00,5,210,25,642.42,0,0,CMP0082
SCH042,2025-06-01 00:00:00,7,168,21,944.71,2,1,CMP0083
SCH042,2025-07-01 00:00:00,8,520,16,182.14,1,0,CMP0084
SCH042,2025-08-01 00:00:00,3,126,15,447.63,1,0,CMP0085
SCH042,2025-09-01 00:00:00,1,66,2,71.71,0,0,CMP0086
SCH042,2025-10-01 00:00:00,3,84,12,172,1,0,CMP0087
SCH042,2025-11-01 00:00:00,6,456,24,556.42,2,1,CMP0088
SCH042,2025-12-01 00:00:00,7,161,14,374.21,1,0,CMP0089
SCH042,2026-01-01 00:00:00,2,132,14,354.14,0,0,CMP0090
SCH042,2026-02-01 00:00:00,5,200,10,202.79,1,0,CMP0091
SCH042,2026-03-01 00:00:00,5,250,25,444.26,1,0,CMP0092
SCH042,2026-04-01 00:00:00,3,93,6,214.58,0,0,CMP0093
SCH042,2026-05-01 00:00:00,3,237,18,439.68,1,0,CMP0094
SCH042,2026-06-01 00:00:00,2,86,14,225.88,0,0,CMP0095
SCH042,2026-07-01 00:00:00,2,66,6,118.89,0,0,CMP0096
SCH043,2021-01-01 00:00:00,6,288,12,479.62,1,0,CMP0097
SCH043,2021-02-01 00:00:00,4,252,16,432.38,0,0,CMP0098
SCH043,2021-03-01 00:00:00,2,140,12,233.99,0,0,CMP0099
SCH043,2021-04-01 00:00:00,3,144,12,186.07,1,0,CMP0100
SCH043,2021-05-01 00:00:00,6,360,12,466.29,2,0,CMP0101
SCH043,2021-06-01 00:00:00,5,270,20,796.13,1,0,CMP0102
SCH043,2021-07-01 00:00:00,2,78,8,185.18,0,0,CMP0103
SCH043,2021-08-01 00:00:00,3,189,18,231.24,0,0,CMP0104
SCH043,2021-09-01 00:00:00,4,196,20,549.92,1,0,CMP0105
SCH043,2021-10-01 00:00:00,1,46,6,210.98,0,0,CMP0106
SCH043,2021-11-01 00:00:00,2,44,12,376.26,0,0,CMP0107
SCH043,2021-12-01 00:00:00,8,224,48,408.81,2,1,CMP0108
SCH043,2022-01-01 00:00:00,10,570,50,1890.54,2,0,CMP0109
SCH043,2022-02-01 00:00:00,4,144,24,473.88,0,0,CMP0110
SCH043,2022-03-01 00:00:00,2,70,10,343.11,0,0,CMP0111
SCH043,2022-04-01 00:00:00,7,406,21,933.96,2,0,CMP0112
SCH043,2022-05-01 00:00:00,6,258,42,1652.67,2,0,CMP0113
SCH043,2022-06-01 00:00:00,2,84,4,151.97,0,0,CMP0114
SCH043,2022-07-01 00:00:00,7,371,21,472.71,1,0,CMP0115
SCH043,2022-08-01 00:00:00,5,345,35,1339.36,0,0,CMP0116
SCH043,2022-09-01 00:00:00,4,156,16,248.51,0,0,CMP0117
SCH043,2022-10-01 00:00:00,5,195,35,1362.4,1,0,CMP0118
SCH043,2022-11-01 00:00:00,3,225,12,100.2,0,0,CMP0119
SCH043,2022-12-01 00:00:00,5,340,15,178.99,0,0,CMP0120
SCH043,2023-01-01 00:00:00,1,79,5,95.94,0,0,CMP0121
SCH043,2023-02-01 00:00:00,6,432,12,488.9,2,0,CMP0122
SCH043,2023-03-01 00:00:00,3,159,12,318.73,1,0,CMP0123
SCH043,2023-04-01 00:00:00,4,312,16,418.2,1,0,CMP0124
SCH043,2023-05-01 00:00:00,5,335,25,822.19,1,0,CMP0125
SCH043,2023-06-01 00:00:00,8,464,24,1073.14,2,0,CMP0126
SCH043,2023-07-01 00:00:00,5,130,25,350.77,2,0,CMP0127
SCH043,2023-08-01 00:00:00,7,434,42,482.46,1,0,CMP0128
SCH043,2023-09-01 00:00:00,2,96,6,126.33,0,0,CMP0129
SCH043,2023-10-01 00:00:00,6,138,18,188.24,1,0,CMP0130
SCH043,2023-11-01 00:00:00,5,390,30,390.92,0,0,CMP0131
SCH043,2023-12-01 00:00:00,2,52,12,326.02,0,0,CMP0132
SCH043,2024-01-01 00:00:00,4,280,16,353.98,1,0,CMP0133
SCH043,2024-02-01 00:00:00,4,276,16,648.39,0,0,CMP0134
SCH043,2024-03-01 00:00:00,6,306,18,399.03,1,0,CMP0135
SCH043,2024-04-01 00:00:00,7,462,21,552.33,1,0,CMP0136
SCH043,2024-05-01 00:00:00,3,123,15,283.15,1,0,CMP0137
SCH043,2024-06-01 00:00:00,7,329,35,737.16,1,0,CMP0138
SCH043,2024-07-01 00:00:00,8,584,16,544.2,1,0,CMP0139
SCH043,2024-08-01 00:00:00,5,355,25,1055.66,0,0,CMP0140
SCH043,2024-09-01 00:00:00,5,390,35,722.62,0,0,CMP0141
SCH043,2024-10-01 00:00:00,4,268,8,265.29,1,0,CMP0142
SCH043,2024-11-01 00:00:00,8,424,48,1826.29,2,0,CMP0143
SCH043,2024-12-01 00:00:00,7,399,35,935.19,1,0,CMP0144
SCH043,2025-02-01 00:00:00,3,84,21,497.43,1,0,CMP0145
SCH043,2025-03-01 00:00:00,3,207,12,126.84,0,0,CMP0146
SCH043,2025-04-01 00:00:00,3,201,15,303.37,0,0,CMP0147
SCH043,2025-05-01 00:00:00,6,414,12,204.57,2,0,CMP0148
SCH043,2025-06-01 00:00:00,1,54,3,126.92,0,0,CMP0149
SCH043,2025-07-01 00:00:00,9,666,36,1038.08,3,0,CMP0150
SCH043,2025-08-01 00:00:00,5,120,35,851.5,1,0,CMP0151
SCH043,2025-09-01 00:00:00,8,248,24,672.72,2,1,CMP0152
SCH043,2025-10-01 00:00:00,7,252,21,830.45,2,0,CMP0153
SCH043,2025-11-01 00:00:00,2,94,8,258.07,0,0,CMP0154
SCH043,2025-12-01 00:00:00,3,114,21,494.8,1,0,CMP0155
SCH043,2026-01-01 00:00:00,7,343,42,403.39,1,0,CMP0156
SCH043,2026-02-01 00:00:00,6,444,24,930.14,1,0,CMP0157
SCH043,2026-03-01 00:00:00,7,203,35,702.17,1,0,CMP0158
SCH043,2026-04-01 00:00:00,4,120,8,145.07,1,0,CMP0159
SCH043,2026-05-01 00:00:00,4,228,28,242.61,1,0,CMP0160
SCH043,2026-06-01 00:00:00,5,280,10,417.65,1,0,CMP0161
SCH043,2026-07-01 00:00:00,3,63,9,240.3,0,0,CMP0162
SCH044,2021-01-01 00:00:00,7,224,42,1279.6,1,0,CMP0163
SCH044,2021-02-01 00:00:00,4,132,8,238.07,1,0,CMP0164
SCH044,2021-03-01 00:00:00,4,304,16,633.19,1,0,CMP0165
SCH044,2021-04-01 00:00:00,4,284,28,1050.1,0,0,CMP0166
SCH044,2021-05-01 00:00:00,7,476,49,1038.05,1,0,CMP0167
SCH044,2021-06-01 00:00:00,2,124,8,231.38,0,0,CMP0168
SCH044,2021-07-01 00:00:00,4,268,16,599.53,1,0,CMP0169
SCH044,2021-08-01 00:00:00,5,190,35,426.15,1,0,CMP0170
SCH044,2021-09-01 00:00:00,5,245,35,927.26,1,0,CMP0171
SCH044,2021-10-01 00:00:00,5,220,15,297.51,2,1,CMP0172
SCH044,2021-11-01 00:00:00,5,135,20,825.5,0,0,CMP0173
SCH044,2021-12-01 00:00:00,7,469,35,870.03,2,0,CMP0174
SCH044,2022-01-01 00:00:00,4,248,24,748.61,1,0,CMP0175
SCH044,2022-02-01 00:00:00,2,96,14,239.12,0,0,CMP0176
SCH044,2022-03-01 00:00:00,3,87,6,156.81,0,0,CMP0177
SCH044,2022-04-01 00:00:00,5,200,10,284.25,1,0,CMP0178
SCH044,2022-05-01 00:00:00,2,118,6,235.26,0,0,CMP0179
SCH044,2022-06-01 00:00:00,3,186,21,341.22,1,0,CMP0180
SCH044,2022-07-01 00:00:00,5,285,10,314.98,1,0,CMP0181
SCH044,2022-08-01 00:00:00,7,231,28,516.57,2,0,CMP0182
SCH044,2022-09-01 00:00:00,3,195,15,348.38,0,0,CMP0183
SCH044,2022-10-01 00:00:00,3,141,21,684.59,1,0,CMP0184
SCH044,2022-11-01 00:00:00,9,594,45,1228.09,3,1,CMP0185
SCH044,2022-12-01 00:00:00,2,76,12,374.01,0,0,CMP0186
SCH044,2023-01-01 00:00:00,8,160,40,1341.82,1,0,CMP0187
SCH044,2023-02-01 00:00:00,2,134,12,382.16,0,0,CMP0188
SCH044,2023-03-01 00:00:00,1,22,3,105.1,0,0,CMP0189
SCH044,2023-04-01 00:00:00,7,182,49,807.13,2,0,CMP0190
SCH044,2023-05-01 00:00:00,6,138,42,1846.64,1,0,CMP0191
SCH044,2023-06-01 00:00:00,3,234,6,146.63,0,0,CMP0192
SCH044,2023-07-01 00:00:00,4,300,12,234.28,0,0,CMP0193
SCH044,2023-08-01 00:00:00,3,81,21,475.05,1,0,CMP0194
SCH044,2023-09-01 00:00:00,6,468,12,439.02,2,0,CMP0195
SCH044,2023-10-01 00:00:00,2,76,14,239.19,0,0,CMP0196
SCH044,2023-11-01 00:00:00,3,201,12,515.94,0,0,CMP0197
SCH044,2023-12-01 00:00:00,5,295,30,653.2,1,0,CMP0198
SCH044,2024-01-01 00:00:00,8,408,24,389.01,2,0,CMP0199
SCH044,2024-02-01 00:00:00,8,184,56,1785.91,2,1,CMP0200
SCH044,2024-03-01 00:00:00,5,305,10,328.58,0,0,CMP0201
SCH044,2024-04-01 00:00:00,8,520,24,873.58,1,0,CMP0202
SCH044,2024-05-01 00:00:00,9,279,63,804.39,2,0,CMP0203
SCH044,2024-06-01 00:00:00,9,189,27,398.81,2,1,CMP0204
SCH044,2024-07-01 00:00:00,7,462,21,385.31,1,0,CMP0205
SCH044,2024-08-01 00:00:00,5,200,15,635.74,1,0,CMP0206
SCH044,2024-09-01 00:00:00,6,438,24,555.74,1,0,CMP0207
SCH044,2024-10-01 00:00:00,5,195,15,130.08,1,0,CMP0208
SCH044,2024-11-01 00:00:00,6,144,36,937.73,2,0,CMP0209
SCH044,2024-12-01 00:00:00,2,130,8,294.08,0,0,CMP0210
SCH044,2025-01-01 00:00:00,8,504,24,643.13,3,1,CMP0211
SCH044,2025-02-01 00:00:00,5,290,10,429.94,2,0,CMP0212
SCH044,2025-03-01 00:00:00,3,132,9,144.4,0,0,CMP0213
SCH044,2025-04-01 00:00:00,5,245,25,1049.43,1,0,CMP0214
SCH044,2025-05-01 00:00:00,5,135,30,691.29,1,0,CMP0215
SCH044,2025-06-01 00:00:00,8,176,16,621.05,2,0,CMP0216
SCH044,2025-07-01 00:00:00,4,152,20,861.1,0,0,CMP0217
SCH044,2025-08-01 00:00:00,1,65,3,111.08,0,0,CMP0218
SCH044,2025-09-01 00:00:00,1,56,3,58.05,0,0,CMP0219
SCH044,2025-10-01 00:00:00,5,320,25,737.62,1,0,CMP0220
SCH044,2025-11-01 00:00:00,5,180,20,315.36,1,0,CMP0221
SCH044,2025-12-01 00:00:00,9,585,36,1004.89,3,0,CMP0222
SCH044,2026-01-01 00:00:00,1,78,4,39.13,0,0,CMP0223
SCH044,2026-02-01 00:00:00,5,170,15,542.99,1,0,CMP0224
SCH044,2026-03-01 00:00:00,6,258,42,1041.61,1,0,CMP0225
SCH044,2026-04-01 00:00:00,1,38,2,25.42,0,0,CMP0226
SCH044,2026-05-01 00:00:00,5,300,30,506.1,0,0,CMP0227
SCH044,2026-06-01 00:00:00,9,648,45,1065,2,0,CMP0228
SCH044,2026-07-01 00:00:00,4,188,16,214.24,1,0,CMP0229
SCH045,2021-01-01 00:00:00,5,395,15,472.54,1,0,CMP0230
SCH045,2021-02-01 00:00:00,5,120,15,290.5,1,0,CMP0231
SCH045,2021-03-01 00:00:00,1,61,4,127.14,0,0,CMP0232
SCH045,2021-04-01 00:00:00,5,185,10,211.96,1,0,CMP0233
SCH045,2021-05-01 00:00:00,4,144,12,160.71,1,0,CMP0234
SCH045,2021-06-01 00:00:00,5,330,20,611.28,1,0,CMP0235
SCH045,2021-07-01 00:00:00,4,308,12,329.58,1,0,CMP0236
SCH045,2021-08-01 00:00:00,3,222,21,447.36,0,0,CMP0237
SCH045,2021-09-01 00:00:00,7,378,49,963.69,1,0,CMP0238
SCH045,2021-10-01 00:00:00,2,92,12,332.15,0,0,CMP0239
SCH045,2021-11-01 00:00:00,4,224,24,712.55,0,0,CMP0240
SCH045,2021-12-01 00:00:00,5,160,25,201.96,1,0,CMP0241
SCH045,2022-01-01 00:00:00,3,63,21,806.84,0,0,CMP0242
SCH045,2022-02-01 00:00:00,5,370,20,312.77,0,0,CMP0243
SCH045,2022-03-01 00:00:00,3,117,18,248.25,1,0,CMP0244
SCH045,2022-04-01 00:00:00,6,384,12,539.35,1,0,CMP0245
SCH045,2022-05-01 00:00:00,4,284,24,692.54,1,0,CMP0246
SCH045,2022-06-01 00:00:00,5,385,35,491.74,1,0,CMP0247
SCH045,2022-07-01 00:00:00,2,118,12,270.75,0,0,CMP0248
SCH045,2022-08-01 00:00:00,7,196,28,1075.41,1,0,CMP0249
SCH045,2022-09-01 00:00:00,4,128,8,200.31,0,0,CMP0250
SCH045,2022-10-01 00:00:00,5,200,25,713.46,1,0,CMP0251
SCH045,2022-11-01 00:00:00,4,200,16,381.68,0,0,CMP0252
SCH045,2022-12-01 00:00:00,6,282,18,372.4,1,0,CMP0253
SCH045,2023-01-01 00:00:00,4,212,20,184.44,0,0,CMP0254
SCH045,2023-02-01 00:00:00,3,105,21,747.67,0,0,CMP0255
SCH045,2023-03-01 00:00:00,3,108,9,148.24,0,0,CMP0256
SCH045,2023-04-01 00:00:00,2,64,12,304.43,0,0,CMP0257
SCH045,2023-05-01 00:00:00,9,306,45,762.17,2,0,CMP0258
SCH045,2023-06-01 00:00:00,3,216,21,932.9,0,0,CMP0259
SCH045,2023-07-01 00:00:00,9,432,63,1205.47,3,0,CMP0260
SCH045,2023-08-01 00:00:00,4,116,12,442.03,1,0,CMP0261
SCH045,2023-09-01 00:00:00,6,396,42,1414.47,1,0,CMP0262
SCH045,2023-10-01 00:00:00,3,204,9,356.98,0,0,CMP0263
SCH045,2023-11-01 00:00:00,3,204,21,731.94,1,0,CMP0264
SCH045,2023-12-01 00:00:00,10,640,50,1511.84,2,0,CMP0265
SCH045,2024-01-01 00:00:00,5,250,25,368.57,1,0,CMP0266
SCH045,2024-02-01 00:00:00,3,234,15,568.94,0,0,CMP0267
SCH045,2024-03-01 00:00:00,8,344,40,502.44,1,0,CMP0268
SCH045,2024-04-01 00:00:00,5,280,30,706.3,1,0,CMP0269
SCH045,2024-05-01 00:00:00,4,84,12,254.28,1,0,CMP0270
SCH045,2024-06-01 00:00:00,3,66,15,568.22,1,0,CMP0271
SCH045,2024-07-01 00:00:00,5,200,20,785.51,1,0,CMP0272
SCH045,2024-08-01 00:00:00,3,180,21,621.05,0,0,CMP0273
SCH045,2024-09-01 00:00:00,6,402,30,1285.82,1,0,CMP0274
SCH045,2024-10-01 00:00:00,7,434,14,362.8,1,0,CMP0275
SCH045,2024-11-01 00:00:00,2,62,14,239.42,0,0,CMP0276
SCH045,2024-12-01 00:00:00,7,168,42,861.74,1,0,CMP0277
SCH045,2025-01-01 00:00:00,2,44,4,136.92,0,0,CMP0278
SCH045,2025-02-01 00:00:00,3,162,18,722.24,0,0,CMP0279
SCH045,2025-03-01 00:00:00,6,390,36,1223.69,1,0,CMP0280
SCH045,2025-04-01 00:00:00,2,150,14,474.94,0,0,CMP0281
SCH045,2025-05-01 00:00:00,6,276,42,1643.67,1,0,CMP0282
SCH045,2025-06-01 00:00:00,9,495,36,1004.84,2,0,CMP0283
SCH045,2025-07-01 00:00:00,3,204,12,399.5,0,0,CMP0284
SCH045,2025-08-01 00:00:00,2,104,4,173.54,0,0,CMP0285
SCH045,2025-09-01 00:00:00,7,469,42,998.23,3,1,CMP0286
SCH045,2025-10-01 00:00:00,6,342,36,658.1,2,0,CMP0287
SCH045,2025-11-01 00:00:00,4,192,16,449.74,0,0,CMP0288
SCH045,2025-12-01 00:00:00,2,44,4,112.14,0,0,CMP0289
SCH045,2026-01-01 00:00:00,6,366,36,793.55,2,1,CMP0290
SCH045,2026-02-01 00:00:00,6,144,24,1004.72,2,1,CMP0291
SCH045,2026-03-01 00:00:00,5,180,15,406.48,1,0,CMP0292
SCH045,2026-04-01 00:00:00,4,316,20,724.45,0,0,CMP0293
SCH045,2026-05-01 00:00:00,1,31,6,66.11,0,0,CMP0294
SCH045,2026-06-01 00:00:00,1,31,7,161.02,0,0,CMP0295
SCH045,2026-07-01 00:00:00,5,330,35,745.46,2,0,CMP0296
SCH046,2021-01-01 00:00:00,4,244,8,200.04,0,0,CMP0297
SCH046,2021-02-01 00:00:00,6,192,42,1810.52,2,1,CMP0298
SCH046,2021-03-01 00:00:00,6,288,30,808.75,2,0,CMP0299
SCH046,2021-04-01 00:00:00,4,276,8,90.04,1,0,CMP0300
SCH046,2021-05-01 00:00:00,3,180,15,620,0,0,CMP0001
SCH046,2021-06-01 00:00:00,5,275,35,1380.72,0,0,CMP0002
SCH046,2021-07-01 00:00:00,5,120,15,579.9,1,0,CMP0003
SCH046,2021-08-01 00:00:00,3,165,18,188.65,0,0,CMP0004
SCH046,2021-09-01 00:00:00,4,168,24,458.07,0,0,CMP0005
SCH046,2021-10-01 00:00:00,5,285,20,246.5,1,0,CMP0006
SCH046,2021-11-01 00:00:00,2,90,10,372.2,0,0,CMP0007
SCH046,2021-12-01 00:00:00,2,118,10,257.38,0,0,CMP0008
SCH046,2022-01-01 00:00:00,3,192,18,552.47,0,0,CMP0009
SCH046,2022-02-01 00:00:00,3,225,9,354.38,0,0,CMP0010
SCH046,2022-03-01 00:00:00,2,142,12,233.7,0,0,CMP0011
SCH046,2022-04-01 00:00:00,5,300,25,526.8,2,0,CMP0012
SCH046,2022-05-01 00:00:00,5,175,10,294.54,1,0,CMP0013
SCH046,2022-06-01 00:00:00,3,159,18,361.7,1,0,CMP0014
SCH046,2022-07-01 00:00:00,4,132,12,256.1,1,0,CMP0015
SCH046,2022-08-01 00:00:00,4,220,20,526.58,1,0,CMP0016
SCH046,2022-09-01 00:00:00,5,215,30,959.56,0,0,CMP0017
SCH046,2022-10-01 00:00:00,3,114,9,226.63,1,0,CMP0018
SCH046,2022-11-01 00:00:00,4,84,16,131.14,1,0,CMP0019
SCH046,2022-12-01 00:00:00,3,99,12,143.04,0,0,CMP0020
SCH046,2023-01-01 00:00:00,8,440,16,217.76,1,0,CMP0021
SCH046,2023-02-01 00:00:00,4,212,20,487.93,1,0,CMP0022
SCH046,2023-03-01 00:00:00,5,165,30,628.07,1,0,CMP0023
SCH046,2023-04-01 00:00:00,4,280,24,388.41,0,0,CMP0024
SCH046,2023-05-01 00:00:00,3,108,18,323.15,1,0,CMP0025
SCH046,2023-06-01 00:00:00,7,525,35,600.88,2,0,CMP0026
SCH046,2023-07-01 00:00:00,5,135,20,315.14,1,0,CMP0027
SCH046,2023-08-01 00:00:00,6,180,36,912.42,1,0,CMP0028
SCH046,2023-09-01 00:00:00,4,116,16,642.6,1,0,CMP0029
SCH046,2023-10-01 00:00:00,6,192,24,612.09,1,0,CMP0030
SCH046,2023-11-01 00:00:00,9,621,18,765.77,3,1,CMP0031
SCH046,2023-12-01 00:00:00,5,310,10,368.55,2,0,CMP0032
SCH046,2024-01-01 00:00:00,2,68,10,135.65,0,0,CMP0033
SCH046,2024-02-01 00:00:00,8,192,40,563.89,1,0,CMP0034
SCH046,2024-03-01 00:00:00,5,230,15,215.33,1,0,CMP0035
SCH046,2024-04-01 00:00:00,5,245,30,860.71,1,0,CMP0036
SCH046,2024-05-01 00:00:00,4,224,16,193.87,1,0,CMP0037
SCH046,2024-06-01 00:00:00,4,140,8,349.45,0,0,CMP0038
SCH046,2024-07-01 00:00:00,4,264,20,173.03,1,0,CMP0039
SCH046,2024-08-01 00:00:00,1,45,3,109.14,0,0,CMP0040
SCH046,2024-09-01 00:00:00,6,324,36,371.16,2,0,CMP0041
SCH046,2024-10-01 00:00:00,1,25,2,82,0,0,CMP0042
SCH046,2024-11-01 00:00:00,3,93,18,348.49,0,0,CMP0043
SCH046,2024-12-01 00:00:00,5,165,25,1042.11,1,0,CMP0044
SCH046,2025-01-01 00:00:00,6,348,18,162.07,1,0,CMP0045
SCH046,2025-02-01 00:00:00,4,288,8,297.63,1,0,CMP0046
SCH046,2025-03-01 00:00:00,5,250,35,672.37,1,0,CMP0047
SCH046,2025-04-01 00:00:00,5,310,25,665.34,0,0,CMP0048
SCH046,2025-05-01 00:00:00,6,150,24,733.94,1,0,CMP0049
SCH046,2025-06-01 00:00:00,8,328,16,360.01,2,0,CMP0050
SCH046,2025-07-01 00:00:00,2,136,4,154.47,0,0,CMP0051
SCH046,2025-08-01 00:00:00,2,62,4,55.47,0,0,CMP0052
SCH046,2025-09-01 00:00:00,2,138,6,225.33,0,0,CMP0053
SCH046,2025-10-01 00:00:00,5,235,20,564.34,1,0,CMP0054
SCH046,2025-11-01 00:00:00,9,468,45,1543.08,3,0,CMP0055
SCH046,2025-12-01 00:00:00,7,238,21,709.26,2,0,CMP0056
SCH046,2026-01-01 00:00:00,1,66,4,76.04,0,0,CMP0057
SCH046,2026-02-01 00:00:00,2,84,12,174.25,0,0,CMP0058
SCH046,2026-03-01 00:00:00,3,225,6,48.87,0,0,CMP0059
SCH046,2026-04-01 00:00:00,4,208,8,125.81,1,0,CMP0060
SCH046,2026-05-01 00:00:00,6,366,18,404.49,2,0,CMP0061
SCH046,2026-06-01 00:00:00,4,124,28,634.25,0,0,CMP0062
SCH046,2026-07-01 00:00:00,6,180,36,1147.91,1,0,CMP0063
SCH047,2021-01-01 00:00:00,2,106,10,306.63,0,0,CMP0064
SCH047,2021-02-01 00:00:00,2,118,4,72.82,0,0,CMP0065
SCH047,2021-03-01 00:00:00,7,203,14,487.14,2,1,CMP0066
SCH047,2021-04-01 00:00:00,8,456,24,653.29,2,0,CMP0067
SCH047,2021-05-01 00:00:00,5,175,25,598.13,1,0,CMP0068
SCH047,2021-06-01 00:00:00,2,52,4,96.86,0,0,CMP0069
SCH047,2021-07-01 00:00:00,6,228,30,1252.45,1,0,CMP0070
SCH047,2021-08-01 00:00:00,5,240,30,938.29,1,0,CMP0071
SCH047,2021-09-01 00:00:00,5,385,35,824.04,1,0,CMP0072
SCH047,2021-10-01 00:00:00,2,146,6,250.71,0,0,CMP0073
SCH047,2021-11-01 00:00:00,2,44,6,224.22,0,0,CMP0074
SCH047,2021-12-01 00:00:00,5,330,35,297.48,1,0,CMP0075
SCH047,2022-01-01 00:00:00,10,680,20,180.51,2,0,CMP0076
SCH047,2022-02-01 00:00:00,2,40,12,536.17,0,0,CMP0077
SCH047,2022-03-01 00:00:00,5,220,30,409.5,1,0,CMP0078
SCH047,2022-04-01 00:00:00,4,152,12,530.84,1,0,CMP0079
SCH047,2022-05-01 00:00:00,4,176,24,365.41,1,0,CMP0080
SCH047,2022-06-01 00:00:00,9,432,45,631.09,3,1,CMP0081
SCH047,2022-07-01 00:00:00,5,175,35,1495.77,1,0,CMP0082
SCH047,2022-08-01 00:00:00,4,256,28,245.05,0,0,CMP0083
SCH047,2022-09-01 00:00:00,9,630,45,1307.4,1,0,CMP0084
SCH047,2022-10-01 00:00:00,5,255,10,161.47,1,0,CMP0085
SCH047,2022-11-01 00:00:00,6,210,12,355.8,2,0,CMP0086
SCH047,2022-12-01 00:00:00,5,285,10,350.56,0,0,CMP0087
SCH047,2023-01-01 00:00:00,2,82,4,103.18,0,0,CMP0088
SCH047,2023-02-01 00:00:00,2,40,8,293.45,0,0,CMP0089
SCH047,2023-03-01 00:00:00,4,248,16,152.88,1,0,CMP0090
SCH047,2023-04-01 00:00:00,4,316,8,298.77,1,0,CMP0091
SCH047,2023-05-01 00:00:00,6,456,12,269.54,1,0,CMP0092
SCH047,2023-06-01 00:00:00,5,375,10,215.64,0,0,CMP0093
SCH047,2023-07-01 00:00:00,5,275,25,1039.89,1,0,CMP0094
SCH047,2023-08-01 00:00:00,12,384,48,1291.13,2,0,CMP0095
SCH047,2023-09-01 00:00:00,9,387,54,2079.72,1,0,CMP0096
SCH047,2023-10-01 00:00:00,2,46,6,115.87,0,0,CMP0097
SCH047,2023-11-01 00:00:00,3,234,12,422.2,0,0,CMP0098
SCH047,2023-12-01 00:00:00,3,117,9,150.78,1,0,CMP0099
SCH047,2024-01-01 00:00:00,2,102,6,93.65,0,0,CMP0100
SCH047,2024-02-01 00:00:00,8,520,16,385.11,3,0,CMP0101
SCH047,2024-03-01 00:00:00,2,144,14,171.44,0,0,CMP0102
SCH047,2024-04-01 00:00:00,2,98,10,385.97,0,0,CMP0103
SCH047,2024-05-01 00:00:00,7,420,49,1794.13,2,0,CMP0104
SCH047,2024-06-01 00:00:00,3,201,21,859.05,0,0,CMP0105
SCH047,2024-07-01 00:00:00,3,147,9,131.04,1,0,CMP0106
SCH047,2024-08-01 00:00:00,7,532,28,1238.14,1,0,CMP0107
SCH047,2024-09-01 00:00:00,9,621,27,955.98,2,0,CMP0108
SCH047,2024-10-01 00:00:00,3,168,9,252.91,1,0,CMP0109
SCH047,2024-11-01 00:00:00,6,450,42,490.35,0,0,CMP0110
SCH047,2024-12-01 00:00:00,3,180,18,779.71,0,0,CMP0111
SCH047,2025-01-01 00:00:00,4,220,28,727.18,0,0,CMP0112
SCH047,2025-02-01 00:00:00,1,57,7,261.31,0,0,CMP0113
SCH047,2025-03-01 00:00:00,6,126,30,1310.76,1,0,CMP0114
SCH047,2025-04-01 00:00:00,6,144,30,284.97,1,0,CMP0115
SCH047,2025-05-01 00:00:00,2,68,12,266.58,0,0,CMP0116
SCH047,2025-06-01 00:00:00,4,188,28,613.69,1,0,CMP0117
SCH047,2025-07-01 00:00:00,5,185,10,371.4,0,0,CMP0118
SCH047,2025-08-01 00:00:00,5,180,30,547.89,1,0,CMP0119
SCH047,2025-09-01 00:00:00,4,188,24,761.11,0,0,CMP0120
SCH047,2025-10-01 00:00:00,5,385,25,800.39,0,0,CMP0121
SCH047,2025-11-01 00:00:00,4,228,24,972.89,1,0,CMP0122
SCH047,2025-12-01 00:00:00,9,495,18,476.16,1,0,CMP0123
SCH047,2026-01-01 00:00:00,4,236,24,565.96,1,0,CMP0124
SCH047,2026-02-01 00:00:00,1,56,6,90.8,0,0,CMP0125
SCH047,2026-03-01 00:00:00,5,145,10,283.61,1,0,CMP0126
SCH047,2026-04-01 00:00:00,4,284,8,178.8,0,0,CMP0127
SCH047,2026-05-01 00:00:00,6,174,36,578.39,1,0,CMP0128
SCH047,2026-06-01 00:00:00,10,650,30,842.81,4,1,CMP0129
SCH047,2026-07-01 00:00:00,7,224,42,985.45,2,0,CMP0130
SCH048,2021-01-01 00:00:00,4,300,20,435.57,0,0,CMP0131
SCH048,2021-02-01 00:00:00,4,104,8,127.12,0,0,CMP0132
SCH048,2021-03-01 00:00:00,7,490,42,423.91,1,0,CMP0133
SCH048,2021-04-01 00:00:00,4,184,16,406.64,1,0,CMP0134
SCH048,2021-05-01 00:00:00,8,160,48,1667.54,3,1,CMP0135
SCH048,2021-06-01 00:00:00,4,212,8,269.41,0,0,CMP0136
SCH048,2021-07-01 00:00:00,9,450,54,1804.73,1,0,CMP0137
SCH048,2021-08-01 00:00:00,3,69,12,154.72,0,0,CMP0138
SCH048,2021-09-01 00:00:00,3,177,21,544.62,0,0,CMP0139
SCH048,2021-10-01 00:00:00,3,213,15,347.84,0,0,CMP0140
SCH048,2021-11-01 00:00:00,2,138,8,146.53,0,0,CMP0141
SCH048,2021-12-01 00:00:00,6,420,36,297.41,1,0,CMP0142
SCH048,2022-01-01 00:00:00,5,290,35,558.26,0,0,CMP0143
SCH048,2022-02-01 00:00:00,4,196,8,240.07,1,0,CMP0144
SCH048,2022-03-01 00:00:00,3,207,6,71.97,0,0,CMP0145
SCH048,2022-04-01 00:00:00,2,62,12,241.14,0,0,CMP0146
SCH048,2022-05-01 00:00:00,5,225,20,852.53,1,0,CMP0147
SCH048,2022-06-01 00:00:00,7,511,35,1380.77,2,1,CMP0148
SCH048,2022-07-01 00:00:00,8,232,40,738.43,3,0,CMP0149
SCH048,2022-08-01 00:00:00,9,693,54,1270.86,2,0,CMP0150
SCH048,2022-09-01 00:00:00,6,150,42,860.34,1,0,CMP0151
SCH048,2022-10-01 00:00:00,6,138,18,580.78,2,0,CMP0152
SCH048,2022-11-01 00:00:00,4,84,24,727.76,0,0,CMP0153
SCH048,2022-12-01 00:00:00,4,152,12,417.8,0,0,CMP0154
SCH048,2023-01-01 00:00:00,3,132,21,514.37,0,0,CMP0155
SCH048,2023-02-01 00:00:00,5,335,20,242.79,1,0,CMP0156
SCH048,2023-03-01 00:00:00,4,292,16,217.57,1,0,CMP0157
SCH048,2023-04-01 00:00:00,5,115,20,648.44,1,0,CMP0158
SCH048,2023-05-01 00:00:00,9,333,36,351.37,1,0,CMP0159
SCH048,2023-06-01 00:00:00,7,469,42,445.85,2,0,CMP0160
SCH048,2023-07-01 00:00:00,4,204,8,295.93,0,0,CMP0161
SCH048,2023-08-01 00:00:00,6,228,24,252.32,2,1,CMP0162
SCH048,2023-09-01 00:00:00,6,324,30,988.68,2,0,CMP0163
SCH048,2023-10-01 00:00:00,3,153,15,265.88,0,0,CMP0164
SCH048,2023-11-01 00:00:00,6,414,36,1157.51,2,0,CMP0165
SCH048,2023-12-01 00:00:00,3,96,18,515,0,0,CMP0166
SCH048,2024-01-01 00:00:00,4,260,24,302.03,1,0,CMP0167
SCH048,2024-02-01 00:00:00,6,318,18,649.98,0,0,CMP0168
SCH048,2024-03-01 00:00:00,6,426,18,376.11,1,0,CMP0169
SCH048,2024-04-01 00:00:00,6,444,30,631.85,1,0,CMP0170
SCH048,2024-05-01 00:00:00,4,124,28,807.29,0,0,CMP0171
SCH048,2024-06-01 00:00:00,3,225,21,399.36,1,0,CMP0172
SCH048,2024-07-01 00:00:00,6,228,36,1365.78,1,0,CMP0173
SCH048,2024-08-01 00:00:00,3,144,15,147.29,0,0,CMP0174
SCH048,2024-09-01 00:00:00,5,190,25,586.84,1,0,CMP0175
SCH048,2024-10-01 00:00:00,6,342,12,96.88,2,0,CMP0176
SCH048,2024-11-01 00:00:00,4,204,20,313.37,0,0,CMP0177
SCH048,2024-12-01 00:00:00,6,126,30,567.39,2,0,CMP0178
SCH048,2025-01-01 00:00:00,4,148,28,233.11,1,0,CMP0179
SCH048,2025-02-01 00:00:00,2,96,14,517.75,0,0,CMP0180
SCH048,2025-03-01 00:00:00,4,124,12,96.43,1,0,CMP0181
SCH048,2025-04-01 00:00:00,2,146,6,78.81,0,0,CMP0182
SCH048,2025-05-01 00:00:00,2,136,6,236.52,0,0,CMP0183
SCH048,2025-06-01 00:00:00,7,308,14,149.61,1,0,CMP0184
SCH048,2025-07-01 00:00:00,6,162,24,817.27,2,0,CMP0185
SCH048,2025-08-01 00:00:00,5,350,20,892.69,1,0,CMP0186
SCH048,2025-09-01 00:00:00,1,62,5,108.96,0,0,CMP0187
SCH048,2025-10-01 00:00:00,3,153,21,808.52,0,0,CMP0188
SCH048,2025-11-01 00:00:00,3,219,15,348.58,1,0,CMP0189
SCH048,2025-12-01 00:00:00,3,99,15,129.93,1,0,CMP0190
SCH048,2026-01-01 00:00:00,3,174,12,119.86,1,0,CMP0191
SCH048,2026-02-01 00:00:00,4,188,28,243.08,1,0,CMP0192
SCH048,2026-03-01 00:00:00,7,224,35,280.63,2,0,CMP0193
SCH048,2026-04-01 00:00:00,3,234,15,131.47,0,0,CMP0194
SCH048,2026-05-01 00:00:00,4,148,8,331.91,1,0,CMP0195
SCH048,2026-06-01 00:00:00,5,325,30,721.38,1,0,CMP0196
SCH048,2026-07-01 00:00:00,3,108,18,680.92,0,0,CMP0197
SCH049,2021-01-01 00:00:00,6,282,24,979.71,1,0,CMP0198
SCH049,2021-02-01 00:00:00,3,174,9,193.18,0,0,CMP0199
SCH049,2021-03-01 00:00:00,4,184,28,630.31,1,0,CMP0200
SCH049,2021-04-01 00:00:00,2,110,10,291.57,0,0,CMP0201
SCH049,2021-05-01 00:00:00,6,246,24,460.01,2,0,CMP0202
SCH049,2021-06-01 00:00:00,3,177,6,220.45,0,0,CMP0203
SCH049,2021-07-01 00:00:00,6,162,42,424.62,1,0,CMP0204
SCH049,2021-08-01 00:00:00,3,69,18,763.16,0,0,CMP0205
SCH049,2021-09-01 00:00:00,4,292,8,64.55,0,0,CMP0206
SCH049,2021-10-01 00:00:00,7,532,49,1912.76,1,0,CMP0207
SCH049,2021-11-01 00:00:00,6,138,18,689.26,1,0,CMP0208
SCH049,2021-12-01 00:00:00,4,308,8,257.95,1,0,CMP0209
SCH049,2022-01-01 00:00:00,2,60,12,252.35,0,0,CMP0210
SCH049,2022-02-01 00:00:00,2,66,6,180.71,0,0,CMP0211
SCH049,2022-03-01 00:00:00,7,196,21,929.23,2,0,CMP0212
SCH049,2022-04-01 00:00:00,2,144,12,145.1,0,0,CMP0213
SCH049,2022-05-01 00:00:00,2,106,8,149.67,0,0,CMP0214
SCH049,2022-06-01 00:00:00,6,210,42,1641.9,1,0,CMP0215
SCH049,2022-07-01 00:00:00,2,64,6,265.48,0,0,CMP0216
SCH049,2022-08-01 00:00:00,4,140,12,428.22,0,0,CMP0217
SCH049,2022-09-01 00:00:00,8,600,56,1364.64,2,0,CMP0218
SCH049,2022-10-01 00:00:00,4,104,16,683.81,1,0,CMP0219
SCH049,2022-11-01 00:00:00,5,250,35,788.34,1,0,CMP0220
SCH049,2022-12-01 00:00:00,2,50,10,272.38,0,0,CMP0221
SCH049,2023-01-01 00:00:00,5,340,35,927.62,0,0,CMP0222
SCH049,2023-02-01 00:00:00,3,144,21,527.89,0,0,CMP0223
SCH049,2023-03-01 00:00:00,6,312,36,514.15,1,0,CMP0224
SCH049,2023-04-01 00:00:00,6,252,30,1336.32,1,0,CMP0225
SCH049,2023-05-01 00:00:00,6,318,24,679.81,2,1,CMP0226
SCH049,2023-06-01 00:00:00,6,360,24,384.4,2,0,CMP0227
SCH049,2023-07-01 00:00:00,3,81,21,338.56,0,0,CMP0228
SCH049,2023-08-01 00:00:00,7,322,42,926.83,2,0,CMP0229
SCH049,2023-09-01 00:00:00,6,246,18,735.72,1,0,CMP0230
SCH049,2023-10-01 00:00:00,2,104,10,166.78,0,0,CMP0231
SCH049,2023-11-01 00:00:00,3,126,18,229.94,0,0,CMP0232
SCH049,2023-12-01 00:00:00,1,69,4,92.8,0,0,CMP0233
SCH049,2024-01-01 00:00:00,9,486,27,1110.05,3,1,CMP0234
SCH049,2024-02-01 00:00:00,3,183,18,405.93,0,0,CMP0235
SCH049,2024-03-01 00:00:00,1,69,3,29.71,0,0,CMP0236
SCH049,2024-04-01 00:00:00,7,168,42,353.36,1,0,CMP0237
SCH049,2024-05-01 00:00:00,4,224,24,631.9,1,0,CMP0238
SCH049,2024-06-01 00:00:00,6,234,36,1278.5,1,0,CMP0239
SCH049,2024-07-01 00:00:00,6,186,36,783.58,2,0,CMP0240
SCH049,2024-08-01 00:00:00,5,190,20,273.23,1,0,CMP0241
SCH049,2024-09-01 00:00:00,2,66,4,91.76,0,0,CMP0242
SCH049,2024-10-01 00:00:00,5,165,20,401.84,1,0,CMP0243
SCH049,2024-11-01 00:00:00,5,255,30,782.61,1,0,CMP0244
SCH049,2024-12-01 00:00:00,5,200,30,1154.44,1,0,CMP0245
SCH049,2025-01-01 00:00:00,6,150,36,482.56,2,0,CMP0246
SCH049,2025-02-01 00:00:00,3,96,12,392.17,1,0,CMP0247
SCH049,2025-03-01 00:00:00,3,72,15,381.49,0,0,CMP0248
SCH049,2025-04-01 00:00:00,5,390,30,1282.53,1,0,CMP0249
SCH049,2025-05-01 00:00:00,6,408,18,704.59,2,0,CMP0250
SCH049,2025-06-01 00:00:00,9,180,18,354.59,3,0,CMP0251
SCH049,2025-07-01 00:00:00,8,408,40,1623.72,1,0,CMP0252
SCH049,2025-08-01 00:00:00,6,432,36,441.58,0,0,CMP0253
SCH049,2025-09-01 00:00:00,7,182,35,729.67,1,0,CMP0254
SCH049,2025-10-01 00:00:00,3,174,18,523.28,0,0,CMP0255
SCH049,2025-11-01 00:00:00,3,192,21,896.73,1,0,CMP0256
SCH049,2025-12-01 00:00:00,1,64,4,34.86,0,0,CMP0257
SCH049,2026-01-01 00:00:00,5,125,10,83.52,1,0,CMP0258
SCH049,2026-02-01 00:00:00,3,111,15,599.97,0,0,CMP0259
SCH049,2026-03-01 00:00:00,6,402,30,1339.91,1,0,CMP0260
SCH049,2026-04-01 00:00:00,6,294,42,933.13,2,0,CMP0261
SCH049,2026-05-01 00:00:00,4,84,20,385.17,1,0,CMP0262
SCH049,2026-06-01 00:00:00,7,490,35,344.38,1,0,CMP0263
SCH049,2026-07-01 00:00:00,3,177,18,193.22,0,0,CMP0264
SCH050,2021-01-01 00:00:00,4,128,28,779.92,1,0,CMP0265
SCH050,2021-02-01 00:00:00,3,210,12,334.17,0,0,CMP0266
SCH050,2021-03-01 00:00:00,4,236,16,294.76,1,0,CMP0267
SCH050,2021-04-01 00:00:00,4,284,8,321.65,1,0,CMP0268
SCH050,2021-05-01 00:00:00,1,39,3,76.31,0,0,CMP0269
SCH050,2021-06-01 00:00:00,8,376,32,367.59,2,0,CMP0270
SCH050,2021-07-01 00:00:00,2,110,14,323.08,0,0,CMP0271
SCH050,2021-08-01 00:00:00,3,111,6,98.8,0,0,CMP0272
SCH050,2021-09-01 00:00:00,5,280,20,597.77,1,0,CMP0273
SCH050,2021-10-01 00:00:00,3,177,18,295.02,0,0,CMP0274
SCH050,2021-11-01 00:00:00,8,584,40,527.52,2,0,CMP0275
SCH050,2021-12-01 00:00:00,2,74,8,89.63,0,0,CMP0276
SCH050,2022-01-01 00:00:00,2,52,12,114.88,0,0,CMP0277
SCH050,2022-02-01 00:00:00,4,104,28,250.21,0,0,CMP0278
SCH050,2022-03-01 00:00:00,3,108,9,89.34,0,0,CMP0279
SCH050,2022-04-01 00:00:00,5,105,30,1136.41,1,0,CMP0280
SCH050,2022-05-01 00:00:00,5,270,25,739.09,1,0,CMP0281
SCH050,2022-06-01 00:00:00,4,312,12,266.34,0,0,CMP0282
SCH050,2022-07-01 00:00:00,5,140,35,1516.16,1,0,CMP0283
SCH050,2022-08-01 00:00:00,5,330,30,778.26,1,0,CMP0284
SCH050,2022-09-01 00:00:00,7,497,35,731.74,2,0,CMP0285
SCH050,2022-10-01 00:00:00,7,350,42,1125.71,1,0,CMP0286
SCH050,2022-11-01 00:00:00,6,126,36,1494.91,1,0,CMP0287
SCH050,2022-12-01 00:00:00,10,640,40,1388.29,4,0,CMP0288
SCH050,2023-01-01 00:00:00,4,80,8,167.42,1,0,CMP0289
SCH050,2023-02-01 00:00:00,6,264,12,203.41,2,0,CMP0290
SCH050,2023-03-01 00:00:00,2,58,14,243.11,0,0,CMP0291
SCH050,2023-04-01 00:00:00,4,260,8,302.95,0,0,CMP0292
SCH050,2023-05-01 00:00:00,9,342,18,305.76,1,0,CMP0293
SCH050,2023-06-01 00:00:00,3,60,12,276.7,0,0,CMP0294
SCH050,2023-07-01 00:00:00,4,120,24,904.12,1,0,CMP0295
SCH050,2023-08-01 00:00:00,4,148,12,417.84,1,0,CMP0296
SCH050,2023-09-01 00:00:00,3,102,18,558.22,1,0,CMP0297
SCH050,2023-10-01 00:00:00,1,78,3,114.25,0,0,CMP0298
SCH050,2023-11-01 00:00:00,4,288,28,1004.34,1,0,CMP0299
SCH050,2023-12-01 00:00:00,10,660,60,1625.26,3,1,CMP0300
SCH050,2024-01-01 00:00:00,4,120,24,723.81,1,0,CMP0001
SCH050,2024-02-01 00:00:00,5,175,30,850.59,2,0,CMP0002
SCH050,2024-03-01 00:00:00,6,264,42,1827.37,2,0,CMP0003
SCH050,2024-04-01 00:00:00,7,168,14,371.67,2,0,CMP0004
SCH050,2024-05-01 00:00:00,6,276,36,1567.77,2,0,CMP0005
SCH050,2024-06-01 00:00:00,4,300,8,248.56,1,0,CMP0006
SCH050,2024-07-01 00:00:00,4,208,8,342.23,1,0,CMP0007
SCH050,2024-08-01 00:00:00,4,188,16,239.81,1,0,CMP0008
SCH050,2024-09-01 00:00:00,3,63,12,128.74,1,0,CMP0009
SCH050,2024-10-01 00:00:00,7,140,14,497.13,1,0,CMP0010
SCH050,2024-11-01 00:00:00,3,237,9,389.38,1,0,CMP0011
SCH050,2024-12-01 00:00:00,5,210,25,381.46,1,0,CMP0012
SCH050,2025-01-01 00:00:00,7,532,42,828.16,1,0,CMP0013
SCH050,2025-02-01 00:00:00,3,186,18,150.32,0,0,CMP0014
SCH050,2025-03-01 00:00:00,6,162,18,589.29,2,0,CMP0015
SCH050,2025-04-01 00:00:00,9,234,45,1993.88,3,0,CMP0016
SCH050,2025-05-01 00:00:00,5,240,10,155.64,0,0,CMP0017
SCH050,2025-06-01 00:00:00,5,230,35,411.32,1,0,CMP0018
SCH050,2025-07-01 00:00:00,3,102,18,312.6,1,0,CMP0019
SCH050,2025-08-01 00:00:00,5,315,10,187.6,1,0,CMP0020
SCH050,2025-09-01 00:00:00,5,330,35,705.11,1,0,CMP0021
SCH050,2025-10-01 00:00:00,5,160,10,174.51,0,0,CMP0022
SCH050,2025-11-01 00:00:00,2,124,10,409.58,0,0,CMP0023
SCH050,2025-12-01 00:00:00,3,117,21,796.08,0,0,CMP0024
SCH050,2026-01-01 00:00:00,2,60,14,260.55,0,0,CMP0025
SCH050,2026-02-01 00:00:00,2,112,10,343.43,0,0,CMP0026
SCH050,2026-03-01 00:00:00,5,375,15,172.93,1,0,CMP0027
SCH050,2026-04-01 00:00:00,3,135,6,52.96,0,0,CMP0028
SCH050,2026-05-01 00:00:00,7,322,49,2029.76,2,0,CMP0029
SCH050,2026-06-01 00:00:00,5,230,25,736.82,1,0,CMP0030
SCH050,2026-07-01 00:00:00,3,162,6,148.1,1,0,CMP0031
SCH051,2021-01-01 00:00:00,5,200,15,577.36,1,0,CMP0032
SCH051,2021-02-01 00:00:00,1,52,5,48.18,0,0,CMP0033
SCH051,2021-03-01 00:00:00,3,105,9,170.89,0,0,CMP0034
SCH051,2021-04-01 00:00:00,3,90,15,387.23,0,0,CMP0035
SCH051,2021-05-01 00:00:00,4,120,28,416.22,1,0,CMP0036
SCH051,2021-06-01 00:00:00,3,180,9,216.89,1,0,CMP0037
SCH051,2021-07-01 00:00:00,4,272,20,363.42,1,0,CMP0038
SCH051,2021-08-01 00:00:00,6,240,18,452,2,0,CMP0039
SCH051,2021-09-01 00:00:00,4,296,8,307.92,1,0,CMP0040
SCH051,2021-10-01 00:00:00,2,116,12,128.61,0,0,CMP0041
SCH051,2021-11-01 00:00:00,6,360,36,289.72,1,0,CMP0042
SCH051,2021-12-01 00:00:00,3,72,21,916.44,0,0,CMP0043
SCH051,2022-01-01 00:00:00,3,222,18,280.97,0,0,CMP0044
SCH051,2022-02-01 00:00:00,5,365,15,120.93,0,0,CMP0045
SCH051,2022-03-01 00:00:00,5,150,25,827.55,2,0,CMP0046
SCH051,2022-04-01 00:00:00,5,280,20,649.84,1,0,CMP0047
SCH051,2022-05-01 00:00:00,4,168,12,363,0,0,CMP0048
SCH051,2022-06-01 00:00:00,6,132,24,251.18,1,0,CMP0049
SCH051,2022-07-01 00:00:00,7,553,42,555.12,2,1,CMP0050
SCH051,2022-08-01 00:00:00,7,266,21,315.84,2,1,CMP0051
SCH051,2022-09-01 00:00:00,10,240,70,2925.54,4,1,CMP0052
SCH051,2022-10-01 00:00:00,8,608,32,966.9,1,0,CMP0053
SCH051,2022-11-01 00:00:00,5,115,35,670.65,1,0,CMP0054
SCH051,2022-12-01 00:00:00,8,336,16,150.77,2,0,CMP0055
SCH051,2023-01-01 00:00:00,8,168,48,1261.18,3,0,CMP0056
SCH051,2023-02-01 00:00:00,3,204,9,221.08,0,0,CMP0057
SCH051,2023-03-01 00:00:00,2,146,14,344.94,0,0,CMP0058
SCH051,2023-04-01 00:00:00,2,52,10,376.66,0,0,CMP0059
SCH051,2023-05-01 00:00:00,3,96,6,137.99,0,0,CMP0060
SCH051,2023-06-01 00:00:00,8,264,32,579.2,2,1,CMP0061
SCH051,2023-07-01 00:00:00,6,150,12,282.51,2,0,CMP0062
SCH051,2023-08-01 00:00:00,2,148,12,108.71,0,0,CMP0063
SCH051,2023-09-01 00:00:00,4,212,8,79.3,0,0,CMP0064
SCH051,2023-10-01 00:00:00,6,396,42,819.67,2,0,CMP0065
SCH051,2023-11-01 00:00:00,7,336,21,849.23,1,0,CMP0066
SCH051,2023-12-01 00:00:00,2,52,10,399.6,0,0,CMP0067
SCH051,2024-01-01 00:00:00,1,39,2,18.89,0,0,CMP0068
SCH051,2024-02-01 00:00:00,4,304,12,298.86,0,0,CMP0069
SCH051,2024-03-01 00:00:00,4,268,20,182.04,0,0,CMP0070
SCH051,2024-04-01 00:00:00,2,60,6,167.32,0,0,CMP0071
SCH051,2024-05-01 00:00:00,4,296,20,506.85,0,0,CMP0072
SCH051,2024-06-01 00:00:00,7,392,35,1377.07,1,0,CMP0073
SCH051,2024-07-01 00:00:00,2,96,12,192.86,0,0,CMP0074
SCH051,2024-08-01 00:00:00,5,265,30,949.2,2,0,CMP0075
SCH051,2024-09-01 00:00:00,7,392,42,630.72,1,0,CMP0076
SCH051,2024-10-01 00:00:00,2,100,12,326.88,0,0,CMP0077
SCH051,2024-11-01 00:00:00,2,70,14,518.59,0,0,CMP0078
SCH051,2024-12-01 00:00:00,4,160,24,688.7,1,0,CMP0079
SCH051,2025-01-01 00:00:00,6,426,42,1378.95,1,0,CMP0080
SCH051,2025-02-01 00:00:00,3,201,18,384.76,0,0,CMP0081
SCH051,2025-03-01 00:00:00,2,86,12,407.92,0,0,CMP0082
SCH051,2025-04-01 00:00:00,7,497,28,1206.84,1,0,CMP0083
SCH051,2025-05-01 00:00:00,1,54,5,159.98,0,0,CMP0084
SCH051,2025-06-01 00:00:00,3,75,12,474.74,1,0,CMP0085
SCH051,2025-07-01 00:00:00,3,180,15,269.74,0,0,CMP0086
SCH051,2025-08-01 00:00:00,2,114,12,283.5,0,0,CMP0087
SCH051,2025-09-01 00:00:00,5,125,20,337.78,1,0,CMP0088
SCH051,2025-10-01 00:00:00,2,138,10,449.96,0,0,CMP0089
SCH051,2025-11-01 00:00:00,4,140,20,422.27,1,0,CMP0090
SCH051,2025-12-01 00:00:00,6,432,42,1446.65,2,0,CMP0091
SCH051,2026-01-01 00:00:00,6,258,18,367.29,1,0,CMP0092
SCH051,2026-02-01 00:00:00,4,152,28,618.52,1,0,CMP0093
SCH051,2026-03-01 00:00:00,2,84,8,168.8,0,0,CMP0094
SCH051,2026-04-01 00:00:00,4,316,16,378.43,1,0,CMP0095
SCH051,2026-05-01 00:00:00,2,154,8,144.4,0,0,CMP0096
SCH051,2026-06-01 00:00:00,9,261,45,655.53,1,0,CMP0097
SCH051,2026-07-01 00:00:00,3,126,18,398.77,0,0,CMP0098
SCH052,2021-01-01 00:00:00,7,378,14,497.89,1,0,CMP0099
SCH052,2021-02-01 00:00:00,1,73,6,162.18,0,0,CMP0100
SCH052,2021-03-01 00:00:00,4,276,24,492.76,0,0,CMP0101
SCH052,2021-05-01 00:00:00,6,414,36,471.11,2,0,CMP0102
SCH052,2021-06-01 00:00:00,5,180,25,636.1,1,0,CMP0103
SCH052,2021-07-01 00:00:00,7,252,49,1472.83,2,0,CMP0104
SCH052,2021-08-01 00:00:00,9,621,54,790.2,1,0,CMP0105
SCH052,2021-09-01 00:00:00,3,189,6,243.22,1,0,CMP0106
SCH052,2021-10-01 00:00:00,4,312,24,339.77,1,0,CMP0107
SCH052,2021-11-01 00:00:00,4,176,8,155.53,1,0,CMP0108
SCH052,2021-12-01 00:00:00,4,88,16,151.62,1,0,CMP0109
SCH052,2022-01-01 00:00:00,4,96,12,135.65,1,0,CMP0110
SCH052,2022-02-01 00:00:00,6,162,42,1218.26,2,0,CMP0111
SCH052,2022-03-01 00:00:00,6,222,18,744.21,1,0,CMP0112
SCH052,2022-04-01 00:00:00,3,168,15,381.67,1,0,CMP0113
SCH052,2022-05-01 00:00:00,4,192,24,1027.41,1,0,CMP0114
SCH052,2022-06-01 00:00:00,5,290,35,1025.21,1,0,CMP0115
SCH052,2022-07-01 00:00:00,7,476,49,889.27,2,0,CMP0116
SCH052,2022-08-01 00:00:00,4,104,28,1116.24,1,0,CMP0117
SCH052,2022-09-01 00:00:00,2,136,8,128.37,0,0,CMP0118
SCH052,2022-10-01 00:00:00,8,552,24,436.76,2,0,CMP0119
SCH052,2022-11-01 00:00:00,1,33,2,51.69,0,0,CMP0120
SCH052,2022-12-01 00:00:00,2,138,6,206.15,0,0,CMP0121
SCH052,2023-01-01 00:00:00,4,196,16,347.04,1,0,CMP0122
SCH052,2023-02-01 00:00:00,5,135,25,658,1,0,CMP0123
SCH052,2023-03-01 00:00:00,2,98,6,185.78,0,0,CMP0124
SCH052,2023-04-01 00:00:00,2,66,4,46.47,0,0,CMP0125
SCH052,2023-05-01 00:00:00,4,100,16,351.26,1,0,CMP0126
SCH052,2023-06-01 00:00:00,6,462,30,1130.48,0,0,CMP0127
SCH052,2023-07-01 00:00:00,2,122,4,53.69,0,0,CMP0128
SCH052,2023-08-01 00:00:00,5,315,30,379.52,1,0,CMP0129
SCH052,2023-09-01 00:00:00,3,123,9,199.74,1,0,CMP0130
SCH052,2023-10-01 00:00:00,2,112,6,62.46,0,0,CMP0131
SCH052,2023-11-01 00:00:00,5,335,10,385.44,1,0,CMP0132
SCH052,2023-12-01 00:00:00,4,188,16,198.79,0,0,CMP0133
SCH052,2024-01-01 00:00:00,5,290,30,1272.44,1,0,CMP0134
SCH052,2024-02-01 00:00:00,4,304,28,801.99,0,0,CMP0135
SCH052,2024-03-01 00:00:00,6,282,24,222.05,2,0,CMP0136
SCH052,2024-04-01 00:00:00,6,360,30,643.24,1,0,CMP0137
SCH052,2024-05-01 00:00:00,6,258,18,238.76,0,0,CMP0138
SCH052,2024-06-01 00:00:00,4,208,16,379.21,1,0,CMP0139
SCH052,2024-07-01 00:00:00,8,576,32,741.59,2,0,CMP0140
SCH052,2024-08-01 00:00:00,12,396,84,2933.36,5,1,CMP0141
SCH052,2024-09-01 00:00:00,7,245,42,1888.25,1,0,CMP0142
SCH052,2024-10-01 00:00:00,3,171,21,397.37,1,0,CMP0143
SCH052,2024-11-01 00:00:00,4,316,28,443.93,1,0,CMP0144
SCH052,2024-12-01 00:00:00,4,280,28,1246.36,0,0,CMP0145
SCH052,2025-01-01 00:00:00,12,672,84,1986.27,3,1,CMP0146
SCH052,2025-02-01 00:00:00,7,476,28,475.93,2,0,CMP0147
SCH052,2025-03-01 00:00:00,4,216,12,127.78,1,0,CMP0148
SCH052,2025-04-01 00:00:00,4,268,28,256.79,1,0,CMP0149
SCH052,2025-05-01 00:00:00,8,360,48,1362.64,1,0,CMP0150
SCH052,2025-06-01 00:00:00,5,315,30,272.96,1,0,CMP0151
SCH052,2025-07-01 00:00:00,6,198,42,1072.43,2,0,CMP0152
SCH052,2025-08-01 00:00:00,5,130,20,317.08,0,0,CMP0153
SCH052,2025-09-01 00:00:00,2,54,6,151.89,0,0,CMP0154
SCH052,2025-10-01 00:00:00,4,88,8,333.29,0,0,CMP0155
SCH052,2025-11-01 00:00:00,3,171,9,289.36,0,0,CMP0156
SCH052,2025-12-01 00:00:00,6,360,36,1219.55,2,0,CMP0157
SCH052,2026-01-01 00:00:00,4,144,12,492.17,1,0,CMP0158
SCH052,2026-02-01 00:00:00,6,330,12,104.63,1,0,CMP0159
SCH052,2026-03-01 00:00:00,1,38,5,61.93,0,0,CMP0160
SCH052,2026-04-01 00:00:00,6,312,12,416.68,2,0,CMP0161
SCH052,2026-05-01 00:00:00,6,282,30,584.99,1,0,CMP0162
SCH052,2026-06-01 00:00:00,5,280,25,838.47,1,0,CMP0163
SCH052,2026-07-01 00:00:00,7,203,35,1033.12,2,0,CMP0164
SCH053,2021-01-01 00:00:00,3,123,6,165.23,0,0,CMP0165
SCH053,2021-02-01 00:00:00,6,462,30,1230.52,2,0,CMP0166
SCH053,2021-03-01 00:00:00,6,342,12,328.16,0,0,CMP0167
SCH053,2021-04-01 00:00:00,5,250,30,710.42,1,0,CMP0168
SCH053,2021-05-01 00:00:00,5,320,25,1030.56,0,0,CMP0169
SCH053,2021-06-01 00:00:00,7,399,28,667.82,2,0,CMP0170
SCH053,2021-07-01 00:00:00,3,165,15,612.85,0,0,CMP0171
SCH053,2021-08-01 00:00:00,5,370,20,743.1,2,0,CMP0172
SCH053,2021-09-01 00:00:00,10,320,40,802.76,3,0,CMP0173
SCH053,2021-10-01 00:00:00,6,174,42,1645.06,1,0,CMP0174
SCH053,2021-11-01 00:00:00,3,210,18,254.7,0,0,CMP0175
SCH053,2021-12-01 00:00:00,6,204,30,470.86,2,1,CMP0176
SCH053,2022-01-01 00:00:00,8,432,16,285.61,2,0,CMP0177
SCH053,2022-02-01 00:00:00,5,335,35,1103.56,1,0,CMP0178
SCH053,2022-03-01 00:00:00,4,312,12,312.5,1,0,CMP0179
SCH053,2022-04-01 00:00:00,4,168,12,296.04,1,0,CMP0180
SCH053,2022-05-01 00:00:00,3,207,12,401.42,0,0,CMP0181
SCH053,2022-06-01 00:00:00,4,276,28,526.78,1,0,CMP0182
SCH053,2022-07-01 00:00:00,8,456,40,785.62,2,0,CMP0183
SCH053,2022-08-01 00:00:00,4,120,8,117.27,1,0,CMP0184
SCH053,2022-09-01 00:00:00,10,240,70,997.86,2,0,CMP0185
SCH053,2022-10-01 00:00:00,5,195,15,560.08,0,0,CMP0186
SCH053,2022-11-01 00:00:00,5,100,10,404.42,2,1,CMP0187
SCH053,2022-12-01 00:00:00,5,355,30,1077,0,0,CMP0188
SCH053,2023-01-01 00:00:00,6,168,36,1134.66,2,0,CMP0189
SCH053,2023-02-01 00:00:00,3,123,6,184.56,0,0,CMP0190
SCH053,2023-03-01 00:00:00,6,456,12,313.24,1,0,CMP0191
SCH053,2023-04-01 00:00:00,5,165,15,470.34,1,0,CMP0192
SCH053,2023-05-01 00:00:00,6,384,42,1161.29,1,0,CMP0193
SCH053,2023-06-01 00:00:00,2,144,14,561.87,0,0,CMP0194
SCH053,2023-07-01 00:00:00,6,222,18,375.93,2,0,CMP0195
SCH053,2023-08-01 00:00:00,7,371,49,486.56,2,1,CMP0196
SCH053,2023-09-01 00:00:00,4,316,12,368.56,1,0,CMP0197
SCH053,2023-10-01 00:00:00,5,325,30,704.97,1,0,CMP0198
SCH053,2023-11-01 00:00:00,2,112,10,421.76,0,0,CMP0199
SCH053,2023-12-01 00:00:00,8,480,24,219.98,2,0,CMP0200
SCH053,2024-01-01 00:00:00,11,781,22,539.58,4,2,CMP0201
SCH053,2024-02-01 00:00:00,9,666,45,1438.86,1,0,CMP0202
SCH053,2024-03-01 00:00:00,7,511,28,1077.07,1,0,CMP0203
SCH053,2024-04-01 00:00:00,5,125,25,1016.57,1,0,CMP0204
SCH053,2024-05-01 00:00:00,4,104,8,67.63,0,0,CMP0205
SCH053,2024-06-01 00:00:00,2,120,14,128.12,0,0,CMP0206
SCH053,2024-07-01 00:00:00,4,224,8,68.66,1,0,CMP0207
SCH053,2024-08-01 00:00:00,4,196,16,680.31,0,0,CMP0208
SCH053,2024-09-01 00:00:00,1,48,2,53.82,0,0,CMP0209
SCH053,2024-10-01 00:00:00,3,132,18,603.12,0,0,CMP0210
SCH053,2024-11-01 00:00:00,4,80,12,230.64,1,0,CMP0211
SCH053,2024-12-01 00:00:00,3,69,9,118.12,0,0,CMP0212
SCH053,2025-01-01 00:00:00,7,308,14,611.07,2,0,CMP0213
SCH053,2025-02-01 00:00:00,3,66,15,469.91,0,0,CMP0214
SCH053,2025-03-01 00:00:00,4,220,28,557.44,1,0,CMP0215
SCH053,2025-04-01 00:00:00,5,180,35,782.77,1,0,CMP0216
SCH053,2025-05-01 00:00:00,8,456,32,865.13,2,0,CMP0217
SCH053,2025-06-01 00:00:00,6,444,30,976.89,2,0,CMP0218
SCH053,2025-07-01 00:00:00,3,186,12,136.31,1,0,CMP0219
SCH053,2025-08-01 00:00:00,7,217,28,694.05,1,0,CMP0220
SCH053,2025-09-01 00:00:00,2,156,14,112.71,0,0,CMP0221
SCH053,2025-10-01 00:00:00,6,132,36,1000.68,0,0,CMP0222
SCH053,2025-11-01 00:00:00,3,210,15,155.48,0,0,CMP0223
SCH053,2025-12-01 00:00:00,4,196,28,1181.56,1,0,CMP0224
SCH053,2026-01-01 00:00:00,8,200,40,325.72,2,0,CMP0225
SCH053,2026-02-01 00:00:00,2,104,8,100.76,0,0,CMP0226
SCH053,2026-03-01 00:00:00,7,308,28,636.02,1,0,CMP0227
SCH053,2026-04-01 00:00:00,3,123,9,307.05,0,0,CMP0228
SCH053,2026-05-01 00:00:00,2,126,12,379.8,0,0,CMP0229
SCH053,2026-06-01 00:00:00,10,530,50,1525.52,3,1,CMP0230
SCH053,2026-07-01 00:00:00,1,31,5,158.98,0,0,CMP0231
SCH054,2021-01-01 00:00:00,6,390,18,646.22,0,0,CMP0232
SCH054,2021-02-01 00:00:00,6,252,12,481.67,2,0,CMP0233
SCH054,2021-03-01 00:00:00,4,84,8,122.46,0,0,CMP0234
SCH054,2021-04-01 00:00:00,6,336,12,324.97,2,0,CMP0235
SCH054,2021-05-01 00:00:00,5,165,30,831.72,1,0,CMP0236
SCH054,2021-06-01 00:00:00,1,58,6,210.22,0,0,CMP0237
SCH054,2021-07-01 00:00:00,4,152,24,854.2,1,0,CMP0238
SCH054,2021-08-01 00:00:00,6,126,18,382.49,2,0,CMP0239
SCH054,2021-09-01 00:00:00,5,195,20,890.73,0,0,CMP0240
SCH054,2021-10-01 00:00:00,3,60,15,432.96,0,0,CMP0241
SCH054,2021-11-01 00:00:00,1,29,7,214.46,0,0,CMP0242
SCH054,2021-12-01 00:00:00,2,88,8,86.01,0,0,CMP0243
SCH054,2022-01-01 00:00:00,4,196,24,340.08,0,0,CMP0244
SCH054,2022-02-01 00:00:00,6,240,18,192.09,2,1,CMP0245
SCH054,2022-03-01 00:00:00,4,308,28,654.83,1,0,CMP0246
SCH054,2022-04-01 00:00:00,7,511,35,860.15,2,0,CMP0247
SCH054,2022-05-01 00:00:00,1,67,5,113.6,0,0,CMP0248
SCH054,2022-06-01 00:00:00,9,684,18,364.06,2,0,CMP0249
SCH054,2022-07-01 00:00:00,8,312,40,534.86,2,1,CMP0250
SCH054,2022-08-01 00:00:00,4,300,16,176.61,0,0,CMP0251
SCH054,2022-09-01 00:00:00,6,120,24,1036.14,2,0,CMP0252
SCH054,2022-10-01 00:00:00,2,136,4,35.48,0,0,CMP0253
SCH054,2022-11-01 00:00:00,8,312,40,946.92,2,0,CMP0254
SCH054,2022-12-01 00:00:00,7,420,14,547.44,2,0,CMP0255
SCH054,2023-01-01 00:00:00,6,246,36,789.49,1,0,CMP0256
SCH054,2023-02-01 00:00:00,8,472,48,1807.71,2,0,CMP0257
SCH054,2023-03-01 00:00:00,4,240,24,352.57,0,0,CMP0258
SCH054,2023-04-01 00:00:00,6,246,24,747.42,1,0,CMP0259
SCH054,2023-05-01 00:00:00,4,268,20,389.66,1,0,CMP0260
SCH054,2023-06-01 00:00:00,4,204,24,228.92,0,0,CMP0261
SCH054,2023-07-01 00:00:00,7,280,42,847.65,2,1,CMP0262
SCH054,2023-08-01 00:00:00,3,75,21,326.1,0,0,CMP0263
SCH054,2023-09-01 00:00:00,3,135,12,508.18,1,0,CMP0264
SCH054,2023-10-01 00:00:00,4,224,12,287.55,0,0,CMP0265
SCH054,2023-11-01 00:00:00,6,384,18,364.73,0,0,CMP0266
SCH054,2023-12-01 00:00:00,7,371,49,855.26,2,0,CMP0267
SCH054,2024-01-01 00:00:00,4,152,16,560.95,1,0,CMP0268
SCH054,2024-02-01 00:00:00,7,196,28,1044.8,2,0,CMP0269
SCH054,2024-03-01 00:00:00,3,222,18,653.73,1,0,CMP0270
SCH054,2024-04-01 00:00:00,7,427,14,534.34,2,0,CMP0271
SCH054,2024-05-01 00:00:00,5,390,35,566.36,1,0,CMP0272
SCH054,2024-06-01 00:00:00,3,90,12,96.35,0,0,CMP0273
SCH054,2024-07-01 00:00:00,10,270,70,1132.88,2,0,CMP0274
SCH054,2024-08-01 00:00:00,4,276,12,462.84,1,0,CMP0275
SCH054,2024-09-01 00:00:00,7,294,14,191.06,2,0,CMP0276
SCH054,2024-10-01 00:00:00,4,240,28,908.21,1,0,CMP0277
SCH054,2024-11-01 00:00:00,4,268,20,811.74,1,0,CMP0278
SCH054,2024-12-01 00:00:00,4,304,20,556.28,1,0,CMP0279
SCH054,2025-01-01 00:00:00,3,108,15,179.8,0,0,CMP0280
SCH054,2025-02-01 00:00:00,4,220,8,137.36,1,0,CMP0281
SCH054,2025-03-01 00:00:00,1,20,6,51.6,0,0,CMP0282
SCH054,2025-04-01 00:00:00,7,196,28,741,3,1,CMP0283
SCH054,2025-05-01 00:00:00,2,50,6,209.71,0,0,CMP0284
SCH054,2025-06-01 00:00:00,4,216,24,714.2,1,0,CMP0285
SCH054,2025-07-01 00:00:00,4,100,12,423.46,0,0,CMP0286
SCH054,2025-08-01 00:00:00,5,250,15,379.34,1,0,CMP0287
SCH054,2025-09-01 00:00:00,4,252,20,208.93,1,0,CMP0288
SCH054,2025-10-01 00:00:00,6,366,24,679.82,1,0,CMP0289
SCH054,2025-11-01 00:00:00,8,464,16,142.38,3,0,CMP0290
SCH054,2025-12-01 00:00:00,3,219,12,272.65,0,0,CMP0291
SCH054,2026-01-01 00:00:00,8,208,48,2090.14,2,1,CMP0292
SCH054,2026-02-01 00:00:00,10,370,40,1058.5,2,0,CMP0293
SCH054,2026-03-01 00:00:00,4,96,24,601.25,0,0,CMP0294
SCH054,2026-04-01 00:00:00,3,210,18,748.51,0,0,CMP0295
SCH054,2026-05-01 00:00:00,9,522,36,470.58,1,0,CMP0296
SCH054,2026-06-01 00:00:00,5,135,25,1124.8,1,0,CMP0297
SCH054,2026-07-01 00:00:00,7,406,35,887.21,2,0,CMP0298
SCH055,2021-01-01 00:00:00,6,468,30,952.4,2,1,CMP0299
SCH055,2021-02-01 00:00:00,4,292,12,199.66,1,0,CMP0300
SCH055,2021-03-01 00:00:00,2,94,12,432.55,0,0,CMP0001
SCH055,2021-04-01 00:00:00,2,104,6,180.5,0,0,CMP0002
SCH055,2021-05-01 00:00:00,4,108,16,434.61,1,0,CMP0003
SCH055,2021-06-01 00:00:00,4,208,28,823.68,1,0,CMP0004
SCH055,2021-07-01 00:00:00,7,196,42,488.69,1,0,CMP0005
SCH055,2021-08-01 00:00:00,4,308,16,317.41,1,0,CMP0006
SCH055,2021-09-01 00:00:00,3,63,6,214.73,0,0,CMP0007
SCH055,2021-10-01 00:00:00,10,560,20,830.79,3,0,CMP0008
SCH055,2021-11-01 00:00:00,3,195,21,260.89,1,0,CMP0009
SCH055,2021-12-01 00:00:00,5,260,20,880.18,2,1,CMP0010
SCH055,2022-01-01 00:00:00,4,204,20,655.32,1,0,CMP0011
SCH055,2022-02-01 00:00:00,6,192,42,1704.77,2,1,CMP0012
SCH055,2022-03-01 00:00:00,6,252,24,359.77,0,0,CMP0013
SCH055,2022-04-01 00:00:00,6,432,42,926.86,2,0,CMP0014
SCH055,2022-05-01 00:00:00,3,99,15,521.26,1,0,CMP0015
SCH055,2022-06-01 00:00:00,2,82,14,179.7,0,0,CMP0016
SCH055,2022-07-01 00:00:00,3,213,6,114.33,1,0,CMP0017
SCH055,2022-08-01 00:00:00,5,260,20,699.82,1,0,CMP0018
SCH055,2022-09-01 00:00:00,4,284,12,376.39,1,0,CMP0019
SCH055,2022-10-01 00:00:00,4,84,28,838.75,1,0,CMP0020
SCH055,2022-11-01 00:00:00,4,248,24,765.49,0,0,CMP0021
SCH055,2022-12-01 00:00:00,6,156,42,1881.3,1,0,CMP0022
SCH055,2023-01-01 00:00:00,6,396,24,856.31,1,0,CMP0023
SCH055,2023-02-01 00:00:00,6,336,18,390.98,2,0,CMP0024
SCH055,2023-03-01 00:00:00,10,540,40,1094.53,2,0,CMP0025
SCH055,2023-04-01 00:00:00,7,532,49,1636.54,2,0,CMP0026
SCH055,2023-05-01 00:00:00,4,244,20,297.6,1,0,CMP0027
SCH055,2023-06-01 00:00:00,6,414,30,1158.71,2,0,CMP0028
SCH055,2023-07-01 00:00:00,1,50,2,62.03,0,0,CMP0029
SCH055,2023-08-01 00:00:00,4,168,12,492.91,1,0,CMP0030
SCH055,2023-09-01 00:00:00,3,78,9,159.69,1,0,CMP0031
SCH055,2023-10-01 00:00:00,2,118,14,387.59,0,0,CMP0032
SCH055,2023-11-01 00:00:00,11,715,55,2437.32,4,1,CMP0033
SCH055,2023-12-01 00:00:00,4,236,8,91.9,0,0,CMP0034
SCH055,2024-01-01 00:00:00,6,414,24,1050.74,1,0,CMP0035
SCH055,2024-02-01 00:00:00,3,81,6,122.38,0,0,CMP0036
SCH055,2024-03-01 00:00:00,3,216,15,362.75,0,0,CMP0037
SCH055,2024-04-01 00:00:00,9,333,63,1108.63,1,0,CMP0038
SCH055,2024-05-01 00:00:00,8,256,16,396.67,2,0,CMP0039
SCH055,2024-06-01 00:00:00,5,100,15,183.98,2,0,CMP0040
SCH055,2024-07-01 00:00:00,5,310,35,1262.81,1,0,CMP0041
SCH055,2024-08-01 00:00:00,4,292,12,355.5,1,0,CMP0042
SCH055,2024-09-01 00:00:00,1,79,4,85.2,0,0,CMP0043
SCH055,2024-10-01 00:00:00,8,208,40,679.59,1,0,CMP0044
SCH055,2024-11-01 00:00:00,4,220,8,144.65,0,0,CMP0045
SCH055,2024-12-01 00:00:00,3,183,9,171.88,1,0,CMP0046
SCH055,2025-01-01 00:00:00,5,250,35,585.94,1,0,CMP0047
SCH055,2025-02-01 00:00:00,2,96,8,254.94,0,0,CMP0048
SCH055,2025-03-01 00:00:00,4,256,28,295.82,1,0,CMP0049
SCH055,2025-04-01 00:00:00,2,88,10,101.74,0,0,CMP0050
SCH055,2025-05-01 00:00:00,6,378,18,684.61,2,0,CMP0051
SCH055,2025-06-01 00:00:00,5,290,20,423.91,1,0,CMP0052
SCH055,2025-07-01 00:00:00,4,300,12,167.34,1,0,CMP0053
SCH055,2025-08-01 00:00:00,11,616,33,773.85,3,0,CMP0054
SCH055,2025-09-01 00:00:00,7,217,42,1231.84,1,0,CMP0055
SCH055,2025-10-01 00:00:00,4,200,24,1079.99,0,0,CMP0056
SCH055,2025-11-01 00:00:00,8,576,56,1900.1,1,0,CMP0057
SCH055,2025-12-01 00:00:00,10,630,50,1021.67,3,0,CMP0058
SCH055,2026-01-01 00:00:00,5,175,15,202.7,0,0,CMP0059
SCH055,2026-02-01 00:00:00,3,198,21,684.42,1,0,CMP0060
SCH055,2026-03-01 00:00:00,5,390,15,433.01,1,0,CMP0061
SCH055,2026-04-01 00:00:00,3,204,15,612.65,0,0,CMP0062
SCH055,2026-05-01 00:00:00,5,120,10,182.19,2,0,CMP0063
SCH055,2026-06-01 00:00:00,9,225,27,512.31,3,1,CMP0064
SCH055,2026-07-01 00:00:00,4,212,12,227.99,1,0,CMP0065
SCH056,2021-01-01 00:00:00,6,288,36,734.8,0,0,CMP0066
SCH056,2021-02-01 00:00:00,6,456,42,1596.94,1,0,CMP0067
SCH056,2021-03-01 00:00:00,6,234,24,785.97,1,0,CMP0068
SCH056,2021-04-01 00:00:00,2,148,8,231.46,0,0,CMP0069
SCH056,2021-05-01 00:00:00,5,320,20,605.5,1,0,CMP0070
SCH056,2021-06-01 00:00:00,2,82,12,290.12,0,0,CMP0071
SCH056,2021-07-01 00:00:00,5,170,35,358.76,1,0,CMP0072
SCH056,2021-08-01 00:00:00,4,268,24,600.34,1,0,CMP0073
SCH056,2021-09-01 00:00:00,7,245,21,820.34,2,0,CMP0074
SCH056,2021-10-01 00:00:00,4,288,24,535.89,1,0,CMP0075
SCH056,2021-11-01 00:00:00,8,336,48,498.81,1,0,CMP0076
SCH056,2021-12-01 00:00:00,8,368,40,854.32,1,0,CMP0077
SCH056,2022-01-01 00:00:00,6,390,36,408.3,1,0,CMP0078
SCH056,2022-02-01 00:00:00,10,280,70,2899.9,4,1,CMP0079
SCH056,2022-03-01 00:00:00,4,84,28,816.18,1,0,CMP0080
SCH056,2022-04-01 00:00:00,8,360,24,204.49,1,0,CMP0081
SCH056,2022-05-01 00:00:00,5,160,25,754.06,1,0,CMP0082
SCH056,2022-06-01 00:00:00,6,360,42,715.65,0,0,CMP0083
SCH056,2022-07-01 00:00:00,5,170,10,227.02,1,0,CMP0084
SCH056,2022-08-01 00:00:00,5,155,10,264.46,2,0,CMP0085
SCH056,2022-09-01 00:00:00,8,208,24,748.55,2,0,CMP0086
SCH056,2022-10-01 00:00:00,3,207,9,125.88,1,0,CMP0087
SCH056,2022-11-01 00:00:00,7,238,35,790.18,2,0,CMP0088
SCH056,2022-12-01 00:00:00,7,329,42,1300.83,2,0,CMP0089
SCH056,2023-01-01 00:00:00,4,144,24,549.03,1,0,CMP0090
SCH056,2023-02-01 00:00:00,5,320,20,636.28,1,0,CMP0091
SCH056,2023-03-01 00:00:00,6,264,12,412.84,2,0,CMP0092
SCH056,2023-04-01 00:00:00,4,140,16,497.12,1,0,CMP0093
SCH056,2023-05-01 00:00:00,2,126,10,130.92,0,0,CMP0094
SCH056,2023-06-01 00:00:00,3,177,21,210.21,0,0,CMP0095
SCH056,2023-07-01 00:00:00,6,342,30,565.57,0,0,CMP0096
SCH056,2023-08-01 00:00:00,1,76,7,278.33,0,0,CMP0097
SCH056,2023-09-01 00:00:00,5,395,15,160.3,1,0,CMP0098
SCH056,2023-10-01 00:00:00,6,372,24,276.75,2,0,CMP0099
SCH056,2023-11-01 00:00:00,3,141,21,568.41,0,0,CMP0100
SCH056,2023-12-01 00:00:00,5,160,35,526.39,2,0,CMP0101
SCH056,2024-01-01 00:00:00,3,78,9,390.45,1,0,CMP0102
SCH056,2024-02-01 00:00:00,1,42,7,58.3,0,0,CMP0103
SCH056,2024-03-01 00:00:00,1,41,3,86.61,0,0,CMP0104
SCH056,2024-04-01 00:00:00,4,172,12,139.1,1,0,CMP0105
SCH056,2024-05-01 00:00:00,9,306,27,471.61,2,0,CMP0106
SCH056,2024-06-01 00:00:00,9,378,27,781.55,1,0,CMP0107
SCH056,2024-07-01 00:00:00,7,525,21,240.5,2,0,CMP0108
SCH056,2024-08-01 00:00:00,4,220,28,686.88,1,0,CMP0109
SCH056,2024-09-01 00:00:00,3,132,18,471.91,0,0,CMP0110
SCH056,2024-10-01 00:00:00,5,390,25,1047.75,1,0,CMP0111
SCH056,2024-11-01 00:00:00,4,288,24,582.45,0,0,CMP0112
SCH056,2024-12-01 00:00:00,9,324,63,2058.74,3,1,CMP0113
SCH056,2025-01-01 00:00:00,6,402,18,206.19,2,0,CMP0114
SCH056,2025-02-01 00:00:00,4,248,24,805.05,1,0,CMP0115
SCH056,2025-03-01 00:00:00,7,294,28,570.65,1,0,CMP0116
SCH056,2025-04-01 00:00:00,3,192,21,451.57,0,0,CMP0117
SCH056,2025-05-01 00:00:00,4,188,12,156.75,1,0,CMP0118
SCH056,2025-06-01 00:00:00,4,160,12,373.98,0,0,CMP0119
SCH056,2025-07-01 00:00:00,3,204,12,165.33,1,0,CMP0120
SCH056,2025-08-01 00:00:00,5,190,35,596.31,1,0,CMP0121
SCH056,2025-09-01 00:00:00,7,294,35,784.35,3,1,CMP0122
SCH056,2025-11-01 00:00:00,4,196,28,441.21,1,0,CMP0123
SCH056,2025-12-01 00:00:00,7,539,35,513.82,1,0,CMP0124
SCH056,2026-01-01 00:00:00,5,120,35,1072.14,0,0,CMP0125
SCH056,2026-02-01 00:00:00,2,122,12,415,0,0,CMP0126
SCH056,2026-03-01 00:00:00,4,232,16,241.83,1,0,CMP0127
SCH056,2026-04-01 00:00:00,3,123,15,472.64,1,0,CMP0128
SCH056,2026-05-01 00:00:00,3,129,12,410.04,0,0,CMP0129
SCH056,2026-06-01 00:00:00,3,201,21,612.1,1,0,CMP0130
SCH056,2026-07-01 00:00:00,8,216,16,574.24,3,0,CMP0131
SCH057,2021-01-01 00:00:00,6,444,18,485.98,1,0,CMP0132
SCH057,2021-02-01 00:00:00,4,284,16,213.49,1,0,CMP0133
SCH057,2021-03-01 00:00:00,4,124,20,837.84,1,0,CMP0134
SCH057,2021-04-01 00:00:00,5,280,10,278.2,2,0,CMP0135
SCH057,2021-05-01 00:00:00,6,402,42,386.22,1,0,CMP0136
SCH057,2021-06-01 00:00:00,2,52,4,125.1,0,0,CMP0137
SCH057,2021-07-01 00:00:00,5,330,15,457.03,1,0,CMP0138
SCH057,2021-08-01 00:00:00,6,138,24,381.94,1,0,CMP0139
SCH057,2021-09-01 00:00:00,5,300,30,434.52,0,0,CMP0140
SCH057,2021-10-01 00:00:00,8,496,40,1686.22,3,0,CMP0141
SCH057,2021-11-01 00:00:00,6,204,12,162.17,1,0,CMP0142
SCH057,2021-12-01 00:00:00,3,96,12,481.1,0,0,CMP0143
SCH057,2022-01-01 00:00:00,7,203,35,794.75,2,0,CMP0144
SCH057,2022-02-01 00:00:00,5,340,35,626.83,1,0,CMP0145
SCH057,2022-03-01 00:00:00,2,74,10,275.48,0,0,CMP0146
SCH057,2022-04-01 00:00:00,5,120,20,847.61,1,0,CMP0147
SCH057,2022-05-01 00:00:00,6,150,42,1629.76,2,1,CMP0148
SCH057,2022-06-01 00:00:00,4,92,12,321.27,0,0,CMP0149
SCH057,2022-07-01 00:00:00,6,198,18,224.96,1,0,CMP0150
SCH057,2022-08-01 00:00:00,5,245,20,327.25,2,0,CMP0151
SCH057,2022-09-01 00:00:00,4,80,24,841.72,1,0,CMP0152
SCH057,2022-10-01 00:00:00,5,375,35,987.13,2,0,CMP0153
SCH057,2022-11-01 00:00:00,7,532,49,1722.06,2,0,CMP0154
SCH057,2022-12-01 00:00:00,4,228,16,230.41,1,0,CMP0155
SCH057,2023-01-01 00:00:00,6,456,36,572.8,2,0,CMP0156
SCH057,2023-02-01 00:00:00,3,234,9,257.03,0,0,CMP0157
SCH057,2023-03-01 00:00:00,8,320,48,1387.12,1,0,CMP0158
SCH057,2023-04-01 00:00:00,5,160,10,114.38,1,0,CMP0159
SCH057,2023-05-01 00:00:00,6,192,12,338.18,1,0,CMP0160
SCH057,2023-06-01 00:00:00,6,336,42,1388.72,2,0,CMP0161
SCH057,2023-07-01 00:00:00,1,68,6,61.2,0,0,CMP0162
SCH057,2023-08-01 00:00:00,4,104,24,488.12,0,0,CMP0163
SCH057,2023-09-01 00:00:00,5,275,30,809.56,1,0,CMP0164
SCH057,2023-10-01 00:00:00,6,408,42,1555.35,2,0,CMP0165
SCH057,2023-11-01 00:00:00,8,232,56,837.16,3,1,CMP0166
SCH057,2023-12-01 00:00:00,5,135,35,1157.53,1,0,CMP0167
SCH057,2024-01-01 00:00:00,4,312,28,464.74,1,0,CMP0168
SCH057,2024-02-01 00:00:00,8,600,24,895.02,2,0,CMP0169
SCH057,2024-03-01 00:00:00,5,305,30,565.91,2,0,CMP0170
SCH057,2024-04-01 00:00:00,6,378,36,1454.75,2,0,CMP0171
SCH057,2024-05-01 00:00:00,2,154,8,276.09,0,0,CMP0172
SCH057,2024-06-01 00:00:00,2,128,12,253.08,0,0,CMP0173
SCH057,2024-07-01 00:00:00,8,480,24,575.16,2,0,CMP0174
SCH057,2024-08-01 00:00:00,4,156,28,445.1,0,0,CMP0175
SCH057,2024-09-01 00:00:00,4,308,16,513.32,1,0,CMP0176
SCH057,2024-10-01 00:00:00,7,280,35,1290.79,1,0,CMP0177
SCH057,2024-11-01 00:00:00,7,350,21,607.24,1,0,CMP0178
SCH057,2024-12-01 00:00:00,4,116,8,96.56,0,0,CMP0179
SCH057,2025-01-01 00:00:00,6,408,24,981.99,0,0,CMP0180
SCH057,2025-02-01 00:00:00,8,632,24,219.76,3,0,CMP0181
SCH057,2025-03-01 00:00:00,6,240,30,1157.81,2,0,CMP0182
SCH057,2025-04-01 00:00:00,6,246,42,966.11,2,0,CMP0183
SCH057,2025-05-01 00:00:00,1,45,5,120.47,0,0,CMP0184
SCH057,2025-06-01 00:00:00,5,235,25,770.09,1,0,CMP0185
SCH057,2025-07-01 00:00:00,2,118,10,305.8,0,0,CMP0186
SCH057,2025-08-01 00:00:00,4,120,16,317.96,1,0,CMP0187
SCH057,2025-09-01 00:00:00,5,215,25,1043.93,1,0,CMP0188
SCH057,2025-10-01 00:00:00,2,98,4,86.17,0,0,CMP0189
SCH057,2025-11-01 00:00:00,7,175,35,795.62,2,0,CMP0190
SCH057,2025-12-01 00:00:00,4,84,24,448.54,1,0,CMP0191
SCH057,2026-01-01 00:00:00,5,185,10,128.5,1,0,CMP0192
SCH057,2026-02-01 00:00:00,3,132,12,521.49,1,0,CMP0193
SCH057,2026-03-01 00:00:00,6,294,30,405.33,0,0,CMP0194
SCH057,2026-04-01 00:00:00,3,189,21,903.23,0,0,CMP0195
SCH057,2026-05-01 00:00:00,5,140,10,326.33,1,0,CMP0196
SCH057,2026-06-01 00:00:00,7,147,42,1325.02,1,0,CMP0197
SCH057,2026-07-01 00:00:00,7,420,28,533.9,2,0,CMP0198
SCH058,2021-01-01 00:00:00,6,216,12,417.27,1,0,CMP0199
SCH058,2021-02-01 00:00:00,5,340,25,652.99,1,0,CMP0200
SCH058,2021-03-01 00:00:00,3,129,15,627.44,0,0,CMP0201
SCH058,2021-04-01 00:00:00,5,145,30,653.45,1,0,CMP0202
SCH058,2021-05-01 00:00:00,2,72,8,66.97,0,0,CMP0203
SCH058,2021-06-01 00:00:00,4,124,28,526.44,1,0,CMP0204
SCH058,2021-07-01 00:00:00,6,372,30,312.52,1,0,CMP0205
SCH058,2021-08-01 00:00:00,6,444,18,391.97,1,0,CMP0206
SCH058,2021-09-01 00:00:00,5,255,15,181.52,1,0,CMP0207
SCH058,2021-10-01 00:00:00,2,106,10,171.69,0,0,CMP0208
SCH058,2021-11-01 00:00:00,3,192,15,508.74,1,0,CMP0209
SCH058,2021-12-01 00:00:00,2,52,4,77.28,0,0,CMP0210
SCH058,2022-01-01 00:00:00,13,572,52,1972.02,3,1,CMP0211
SCH058,2022-02-01 00:00:00,6,426,30,425.19,1,0,CMP0212
SCH058,2022-03-01 00:00:00,3,210,12,520.28,0,0,CMP0213
SCH058,2022-04-01 00:00:00,4,228,12,515.82,1,0,CMP0214
SCH058,2022-05-01 00:00:00,3,237,18,321.03,0,0,CMP0215
SCH058,2022-06-01 00:00:00,9,315,45,1752.62,3,1,CMP0216
SCH058,2022-07-01 00:00:00,4,128,28,1168.97,1,0,CMP0217
SCH058,2022-08-01 00:00:00,3,135,9,92.91,0,0,CMP0218
SCH058,2022-09-01 00:00:00,8,248,32,771.03,2,0,CMP0219
SCH058,2022-10-01 00:00:00,6,336,36,1191.53,2,0,CMP0220
SCH058,2022-11-01 00:00:00,2,108,12,539.91,0,0,CMP0221
SCH058,2022-12-01 00:00:00,4,280,24,767.2,1,0,CMP0222
SCH058,2023-01-01 00:00:00,3,60,12,138.01,1,0,CMP0223
SCH058,2023-02-01 00:00:00,3,213,18,223.07,1,0,CMP0224
SCH058,2023-03-01 00:00:00,6,192,30,1046.91,1,0,CMP0225
SCH058,2023-04-01 00:00:00,7,231,21,691.16,1,0,CMP0226
SCH058,2023-05-01 00:00:00,6,288,18,656.94,1,0,CMP0227
SCH058,2023-06-01 00:00:00,4,264,12,247.53,1,0,CMP0228
SCH058,2023-07-01 00:00:00,5,215,20,370.59,1,0,CMP0229
SCH058,2023-08-01 00:00:00,2,158,10,378.75,0,0,CMP0230
SCH058,2023-09-01 00:00:00,7,469,49,538.79,1,0,CMP0231
SCH058,2023-10-01 00:00:00,2,90,6,79.9,0,0,CMP0232
SCH058,2023-11-01 00:00:00,1,21,4,32.5,0,0,CMP0233
SCH058,2023-12-01 00:00:00,5,290,35,1240.83,0,0,CMP0234
SCH058,2024-01-01 00:00:00,10,240,70,1357.11,4,1,CMP0235
SCH058,2024-02-01 00:00:00,5,270,15,358.12,1,0,CMP0236
SCH058,2024-03-01 00:00:00,4,168,24,253.17,1,0,CMP0237
SCH058,2024-04-01 00:00:00,4,280,24,1041.83,1,0,CMP0238
SCH058,2024-05-01 00:00:00,2,66,10,418.77,0,0,CMP0239
SCH058,2024-07-01 00:00:00,2,102,8,223.41,0,0,CMP0240
SCH058,2024-08-01 00:00:00,6,414,42,393.02,2,0,CMP0241
SCH058,2024-09-01 00:00:00,2,94,10,294.42,0,0,CMP0242
SCH058,2024-10-01 00:00:00,7,469,49,1233.32,2,0,CMP0243
SCH058,2024-11-01 00:00:00,3,81,21,458.01,1,0,CMP0244
SCH058,2024-12-01 00:00:00,7,161,28,414.89,3,1,CMP0245
SCH058,2025-01-01 00:00:00,7,231,14,615.69,2,1,CMP0246
SCH058,2025-02-01 00:00:00,3,75,6,187.13,0,0,CMP0247
SCH058,2025-03-01 00:00:00,5,120,20,608.98,1,0,CMP0248
SCH058,2025-04-01 00:00:00,2,148,14,438.52,0,0,CMP0249
SCH058,2025-05-01 00:00:00,6,252,30,612.65,2,0,CMP0250
SCH058,2025-06-01 00:00:00,5,110,30,778.55,1,0,CMP0251
SCH058,2025-07-01 00:00:00,4,132,12,514.56,1,0,CMP0252
SCH058,2025-08-01 00:00:00,3,114,21,657.06,0,0,CMP0253
SCH058,2025-09-01 00:00:00,3,93,21,434.33,0,0,CMP0254
SCH058,2025-10-01 00:00:00,2,134,4,175.5,0,0,CMP0255
SCH058,2025-11-01 00:00:00,5,180,15,347.23,1,0,CMP0256
SCH058,2025-12-01 00:00:00,4,204,16,345.42,1,0,CMP0257
SCH058,2026-01-01 00:00:00,8,176,56,1114.76,3,1,CMP0258
SCH058,2026-02-01 00:00:00,5,125,20,241.6,1,0,CMP0259
SCH058,2026-03-01 00:00:00,6,168,42,1082.79,1,0,CMP0260
SCH058,2026-04-01 00:00:00,5,185,10,160.46,1,0,CMP0261
SCH058,2026-05-01 00:00:00,5,145,20,629.63,1,0,CMP0262
SCH058,2026-06-01 00:00:00,4,220,28,820.13,0,0,CMP0263
SCH058,2026-07-01 00:00:00,1,65,5,96.55,0,0,CMP0264
SCH059,2021-01-01 00:00:00,4,120,20,777.93,1,0,CMP0265
SCH059,2021-02-01 00:00:00,4,312,20,575.82,0,0,CMP0266
SCH059,2021-03-01 00:00:00,5,230,35,324.62,1,0,CMP0267
SCH059,2021-04-01 00:00:00,4,164,8,185.77,1,0,CMP0268
SCH059,2021-05-01 00:00:00,5,145,20,782.5,2,0,CMP0269
SCH059,2021-06-01 00:00:00,5,220,20,313.18,1,0,CMP0270
SCH059,2021-07-01 00:00:00,2,124,6,197.07,0,0,CMP0271
SCH059,2021-08-01 00:00:00,3,66,12,269.8,0,0,CMP0272
SCH059,2021-09-01 00:00:00,6,186,18,182.65,2,0,CMP0273
SCH059,2021-10-01 00:00:00,3,99,15,234.41,1,0,CMP0274
SCH059,2021-11-01 00:00:00,4,276,16,292.92,1,0,CMP0275
SCH059,2021-12-01 00:00:00,4,300,8,248.78,0,0,CMP0276
SCH059,2022-01-01 00:00:00,7,490,35,410.69,1,0,CMP0277
SCH059,2022-02-01 00:00:00,5,230,35,818.8,1,0,CMP0278
SCH059,2022-03-01 00:00:00,6,318,18,542.15,1,0,CMP0279
SCH059,2022-04-01 00:00:00,7,448,14,195.87,2,1,CMP0280
SCH059,2022-05-01 00:00:00,3,219,15,255.25,0,0,CMP0281
SCH059,2022-06-01 00:00:00,4,184,16,527.11,1,0,CMP0282
SCH059,2022-07-01 00:00:00,3,72,15,305.02,1,0,CMP0283
SCH059,2022-08-01 00:00:00,6,138,30,873.33,1,0,CMP0284
SCH059,2022-09-01 00:00:00,7,147,21,375.25,2,1,CMP0285
SCH059,2022-10-01 00:00:00,5,325,35,1053.43,1,0,CMP0286
SCH059,2022-11-01 00:00:00,4,188,16,323.2,1,0,CMP0287
SCH059,2022-12-01 00:00:00,3,87,15,246.81,1,0,CMP0288
SCH059,2023-01-01 00:00:00,6,468,30,264.15,2,0,CMP0289
SCH059,2023-02-01 00:00:00,7,483,49,1670.24,2,0,CMP0290
SCH059,2023-03-01 00:00:00,7,280,21,755.99,1,0,CMP0291
SCH059,2023-04-01 00:00:00,4,224,20,282.56,0,0,CMP0292
SCH059,2023-05-01 00:00:00,5,125,35,875.65,1,0,CMP0293
SCH059,2023-06-01 00:00:00,4,240,8,102.83,1,0,CMP0294
SCH059,2023-07-01 00:00:00,3,75,21,306.79,0,0,CMP0295
SCH059,2023-08-01 00:00:00,2,152,12,192.77,0,0,CMP0296
SCH059,2023-09-01 00:00:00,3,120,6,138.09,1,0,CMP0297
SCH059,2023-10-01 00:00:00,3,147,12,277.61,0,0,CMP0298
SCH059,2023-11-01 00:00:00,5,145,30,628.2,2,0,CMP0299
SCH059,2023-12-01 00:00:00,4,288,8,162.29,0,0,CMP0300
SCH059,2024-01-01 00:00:00,7,469,42,987.02,2,0,CMP0001
SCH059,2024-02-01 00:00:00,4,204,8,131,1,0,CMP0002
SCH059,2024-03-01 00:00:00,3,192,18,674.6,1,0,CMP0003
SCH059,2024-04-01 00:00:00,6,168,42,988.95,1,0,CMP0004
SCH059,2024-05-01 00:00:00,2,120,12,497.56,0,0,CMP0005
SCH059,2024-06-01 00:00:00,4,156,24,595.88,1,0,CMP0006
SCH059,2024-07-01 00:00:00,8,232,16,543.24,2,1,CMP0007
SCH059,2024-08-01 00:00:00,5,280,25,772.05,1,0,CMP0008
SCH059,2024-09-01 00:00:00,5,120,35,1196.97,2,0,CMP0009
SCH059,2024-10-01 00:00:00,6,372,42,748.36,1,0,CMP0010
SCH059,2024-11-01 00:00:00,6,228,36,996.73,1,0,CMP0011
SCH059,2024-12-01 00:00:00,9,243,27,634.15,1,0,CMP0012
SCH059,2025-01-01 00:00:00,2,46,12,229.82,0,0,CMP0013
SCH059,2025-02-01 00:00:00,2,128,12,292.87,0,0,CMP0014
SCH059,2025-03-01 00:00:00,4,204,20,346.61,0,0,CMP0015
SCH059,2025-05-01 00:00:00,7,546,42,816.58,2,0,CMP0016
SCH059,2025-06-01 00:00:00,3,165,9,392.4,1,0,CMP0017
SCH059,2025-07-01 00:00:00,3,63,9,269.54,0,0,CMP0018
SCH059,2025-08-01 00:00:00,4,200,12,308.3,1,0,CMP0019
SCH059,2025-09-01 00:00:00,4,144,8,143.34,1,0,CMP0020
SCH059,2025-10-01 00:00:00,2,114,12,469.28,0,0,CMP0021
SCH059,2025-11-01 00:00:00,5,310,20,877.07,1,0,CMP0022
SCH059,2025-12-01 00:00:00,7,546,21,618.23,2,1,CMP0023
SCH059,2026-01-01 00:00:00,3,180,15,243.69,0,0,CMP0024
SCH059,2026-02-01 00:00:00,4,196,24,769.78,1,0,CMP0025
SCH059,2026-03-01 00:00:00,3,237,6,112.42,1,0,CMP0026
SCH059,2026-04-01 00:00:00,5,205,20,589.39,2,0,CMP0027
SCH059,2026-05-01 00:00:00,7,497,42,531.79,1,0,CMP0028
SCH059,2026-06-01 00:00:00,4,316,24,792.03,1,0,CMP0029
SCH059,2026-07-01 00:00:00,3,234,12,511.33,0,0,CMP0030
SCH060,2021-01-01 00:00:00,8,512,32,279.88,2,1,CMP0031
SCH060,2021-02-01 00:00:00,6,438,18,250.24,1,0,CMP0032
SCH060,2021-03-01 00:00:00,5,365,35,1170.98,1,0,CMP0033
SCH060,2021-04-01 00:00:00,2,66,14,615.96,0,0,CMP0034
SCH060,2021-05-01 00:00:00,10,730,30,1295.02,3,0,CMP0035
SCH060,2021-06-01 00:00:00,5,155,25,964.61,1,0,CMP0036
SCH060,2021-07-01 00:00:00,9,288,54,1007.86,2,0,CMP0037
SCH060,2021-08-01 00:00:00,2,92,6,185.42,0,0,CMP0038
SCH060,2021-09-01 00:00:00,2,80,8,163.4,0,0,CMP0039
SCH060,2021-10-01 00:00:00,7,217,49,1925.25,2,0,CMP0040
SCH060,2021-11-01 00:00:00,2,64,14,381.53,0,0,CMP0041
SCH060,2021-12-01 00:00:00,5,115,30,587.19,1,0,CMP0042
SCH060,2022-01-01 00:00:00,4,288,28,357.69,1,0,CMP0043
SCH060,2022-02-01 00:00:00,1,31,5,182.77,0,0,CMP0044
SCH060,2022-03-01 00:00:00,7,287,14,425.77,2,0,CMP0045
SCH060,2022-04-01 00:00:00,5,315,20,366.96,1,0,CMP0046
SCH060,2022-05-01 00:00:00,8,416,24,806.04,2,0,CMP0047
SCH060,2022-06-01 00:00:00,4,216,28,986.52,1,0,CMP0048
SCH060,2022-07-01 00:00:00,7,497,49,1972.94,1,0,CMP0049
SCH060,2022-08-01 00:00:00,3,186,18,656.7,1,0,CMP0050
SCH060,2022-09-01 00:00:00,3,135,21,373.02,0,0,CMP0051
SCH060,2022-10-01 00:00:00,5,310,35,1386.16,1,0,CMP0052
SCH060,2022-11-01 00:00:00,5,135,15,371.39,1,0,CMP0053
SCH060,2022-12-01 00:00:00,5,200,10,187.56,1,0,CMP0054
SCH060,2023-01-01 00:00:00,7,420,21,276.64,2,0,CMP0055
SCH060,2023-02-01 00:00:00,4,152,24,791.3,0,0,CMP0056
SCH060,2023-03-01 00:00:00,5,210,35,1251.49,1,0,CMP0057
SCH060,2023-04-01 00:00:00,7,329,49,2130.61,2,0,CMP0058
SCH060,2023-05-01 00:00:00,2,70,14,617.71,0,0,CMP0059
SCH060,2023-06-01 00:00:00,7,462,21,818.01,1,0,CMP0060
SCH060,2023-07-01 00:00:00,7,413,21,581.4,2,0,CMP0061
SCH060,2023-08-01 00:00:00,2,124,14,122,0,0,CMP0062
SCH060,2023-09-01 00:00:00,5,135,15,618.44,0,0,CMP0063
SCH060,2023-10-01 00:00:00,5,150,35,310.62,1,0,CMP0064
SCH060,2023-11-01 00:00:00,5,165,30,1118.08,1,0,CMP0065
SCH060,2023-12-01 00:00:00,5,380,15,646.5,1,0,CMP0066
SCH060,2024-01-01 00:00:00,4,316,24,1011.23,1,0,CMP0067
SCH060,2024-02-01 00:00:00,4,284,20,391.79,0,0,CMP0068
SCH060,2024-03-01 00:00:00,1,51,7,181.44,0,0,CMP0069
SCH060,2024-04-01 00:00:00,3,189,15,349.47,0,0,CMP0070
SCH060,2024-06-01 00:00:00,7,175,49,1528.56,1,0,CMP0071
SCH060,2024-07-01 00:00:00,1,67,2,42.38,0,0,CMP0072
SCH060,2024-08-01 00:00:00,4,216,20,337.97,1,0,CMP0073
SCH060,2024-09-01 00:00:00,4,268,12,116.81,0,0,CMP0074
SCH060,2024-10-01 00:00:00,5,240,30,329.06,1,0,CMP0075
SCH060,2024-11-01 00:00:00,6,234,36,543.62,0,0,CMP0076
SCH060,2024-12-01 00:00:00,4,304,8,323.98,0,0,CMP0077
SCH060,2025-01-01 00:00:00,5,155,10,109.21,2,0,CMP0078
SCH060,2025-02-01 00:00:00,7,343,21,575.28,2,1,CMP0079
SCH060,2025-03-01 00:00:00,6,426,36,736.55,1,0,CMP0080
SCH060,2025-04-01 00:00:00,9,405,27,612.8,1,0,CMP0081
SCH060,2025-05-01 00:00:00,3,63,9,179.26,0,0,CMP0082
SCH060,2025-06-01 00:00:00,5,380,15,282.18,1,0,CMP0083
SCH060,2025-07-01 00:00:00,2,70,12,437.9,0,0,CMP0084
SCH060,2025-08-01 00:00:00,5,240,25,667.19,1,0,CMP0085
SCH060,2025-09-01 00:00:00,6,132,18,572.93,1,0,CMP0086
SCH060,2025-10-01 00:00:00,3,72,18,144.06,0,0,CMP0087
SCH060,2025-11-01 00:00:00,4,264,24,683.56,1,0,CMP0088
SCH060,2025-12-01 00:00:00,5,230,20,643.32,1,0,CMP0089
SCH060,2026-01-01 00:00:00,3,147,12,437.84,0,0,CMP0090
SCH060,2026-02-01 00:00:00,3,228,6,61.5,0,0,CMP0091
SCH060,2026-03-01 00:00:00,7,413,28,653.12,3,1,CMP0092
SCH060,2026-04-01 00:00:00,3,66,21,478.31,0,0,CMP0093
SCH060,2026-05-01 00:00:00,3,144,12,410.37,1,0,CMP0094
SCH060,2026-06-01 00:00:00,7,357,35,566.2,1,0,CMP0095
SCH060,2026-07-01 00:00:00,6,450,30,509.56,2,1,CMP0096
SCH061,2021-01-01 00:00:00,8,464,40,1156.12,2,0,CMP0097
SCH061,2021-02-01 00:00:00,3,195,6,100.04,1,0,CMP0098
SCH061,2021-03-01 00:00:00,8,464,56,1397.62,3,1,CMP0099
SCH061,2021-04-01 00:00:00,2,102,12,395,0,0,CMP0100
SCH061,2021-05-01 00:00:00,5,395,30,966.59,0,0,CMP0101
SCH061,2021-06-01 00:00:00,6,294,30,1053.09,1,0,CMP0102
SCH061,2021-07-01 00:00:00,4,160,24,274.55,1,0,CMP0103
SCH061,2021-08-01 00:00:00,5,140,15,159.15,2,0,CMP0104
SCH061,2021-09-01 00:00:00,8,584,32,333.64,1,0,CMP0105
SCH061,2021-10-01 00:00:00,1,24,3,124.63,0,0,CMP0106
SCH061,2021-11-01 00:00:00,2,84,4,114.7,0,0,CMP0107
SCH061,2021-12-01 00:00:00,4,140,12,345.86,1,0,CMP0108
SCH061,2022-01-01 00:00:00,2,116,6,68.27,0,0,CMP0109
SCH061,2022-02-01 00:00:00,3,129,15,474.57,1,0,CMP0110
SCH061,2022-03-01 00:00:00,7,399,35,679.91,2,0,CMP0111
SCH061,2022-04-01 00:00:00,4,232,20,734.36,1,0,CMP0112
SCH061,2022-05-01 00:00:00,2,90,6,103.86,0,0,CMP0113
SCH061,2022-06-01 00:00:00,4,276,12,295.51,1,0,CMP0114
SCH061,2022-07-01 00:00:00,5,160,20,837.65,1,0,CMP0115
SCH061,2022-08-01 00:00:00,5,375,30,1025.93,1,0,CMP0116
SCH061,2022-09-01 00:00:00,3,144,21,834.38,1,0,CMP0117
SCH061,2022-10-01 00:00:00,7,427,21,471.81,3,1,CMP0118
SCH061,2022-11-01 00:00:00,3,180,21,821.32,0,0,CMP0119
SCH061,2022-12-01 00:00:00,5,215,25,987.33,1,0,CMP0120
SCH061,2023-01-01 00:00:00,5,280,20,216.3,1,0,CMP0121
SCH061,2023-02-01 00:00:00,5,190,30,1052.34,2,0,CMP0122
SCH061,2023-03-01 00:00:00,4,140,16,627.59,0,0,CMP0123
SCH061,2023-04-01 00:00:00,8,216,24,1029.77,1,0,CMP0124
SCH061,2023-05-01 00:00:00,8,192,32,848.92,2,0,CMP0125
SCH061,2023-06-01 00:00:00,2,48,4,158.36,0,0,CMP0126
SCH061,2023-07-01 00:00:00,5,365,10,175.73,1,0,CMP0127
SCH061,2023-08-01 00:00:00,5,250,15,174.96,1,0,CMP0128
SCH061,2023-09-01 00:00:00,3,231,9,208.15,0,0,CMP0129
SCH061,2023-10-01 00:00:00,6,132,12,292.87,1,0,CMP0130
SCH061,2023-11-01 00:00:00,4,264,24,761.57,0,0,CMP0131
SCH061,2023-12-01 00:00:00,4,200,24,1016.83,1,0,CMP0132
SCH061,2024-01-01 00:00:00,2,134,14,341.94,0,0,CMP0133
SCH061,2024-02-01 00:00:00,6,240,42,699.24,2,0,CMP0134
SCH061,2024-03-01 00:00:00,5,280,30,964.38,0,0,CMP0135
SCH061,2024-04-01 00:00:00,5,390,15,674.43,1,0,CMP0136
SCH061,2024-05-01 00:00:00,8,568,24,204.84,2,0,CMP0137
SCH061,2024-06-01 00:00:00,5,300,35,425.59,1,0,CMP0138
SCH061,2024-07-01 00:00:00,6,168,24,715.8,0,0,CMP0139
SCH061,2024-08-01 00:00:00,2,144,4,93.92,0,0,CMP0140
SCH061,2024-09-01 00:00:00,6,138,12,181.79,1,0,CMP0141
SCH061,2024-10-01 00:00:00,5,225,30,281.23,1,0,CMP0142
SCH061,2024-11-01 00:00:00,5,210,15,326.34,0,0,CMP0143
SCH061,2024-12-01 00:00:00,6,294,12,325.66,1,0,CMP0144
SCH061,2025-01-01 00:00:00,1,29,7,139.85,0,0,CMP0145
SCH061,2025-02-01 00:00:00,4,296,28,329.16,1,0,CMP0146
SCH061,2025-03-01 00:00:00,2,90,10,440.35,0,0,CMP0147
SCH061,2025-04-01 00:00:00,5,255,15,282.27,2,0,CMP0148
SCH061,2025-05-01 00:00:00,3,138,15,446.22,0,0,CMP0149
SCH061,2025-06-01 00:00:00,4,184,12,214.37,1,0,CMP0150
SCH061,2025-07-01 00:00:00,3,102,21,366.09,0,0,CMP0151
SCH061,2025-08-01 00:00:00,6,258,18,430.22,2,0,CMP0152
SCH061,2025-09-01 00:00:00,10,230,50,1491.89,1,0,CMP0153
SCH061,2025-10-01 00:00:00,4,144,24,534.84,1,0,CMP0154
SCH061,2025-11-01 00:00:00,2,114,10,107.74,0,0,CMP0155
SCH061,2025-12-01 00:00:00,2,92,4,35.51,0,0,CMP0156
SCH061,2026-01-01 00:00:00,6,432,24,236.2,2,0,CMP0157
SCH061,2026-02-01 00:00:00,8,400,56,1317.93,2,0,CMP0158
SCH061,2026-03-01 00:00:00,4,256,8,118.3,1,0,CMP0159
SCH061,2026-04-01 00:00:00,7,168,49,1582.83,1,0,CMP0160
SCH061,2026-05-01 00:00:00,8,176,48,1727.06,2,0,CMP0161
SCH061,2026-06-01 00:00:00,6,276,42,1365.9,2,0,CMP0162
SCH061,2026-07-01 00:00:00,6,258,18,570.17,0,0,CMP0163
SCH062,2021-01-01 00:00:00,2,118,12,482.21,0,0,CMP0164
SCH062,2021-02-01 00:00:00,4,148,8,280.6,0,0,CMP0165
SCH062,2021-03-01 00:00:00,3,60,21,725.01,1,0,CMP0166
SCH062,2021-04-01 00:00:00,5,295,20,674.64,1,0,CMP0167
SCH062,2021-05-01 00:00:00,3,135,21,469.02,0,0,CMP0168
SCH062,2021-06-01 00:00:00,1,65,5,93.46,0,0,CMP0169
SCH062,2021-07-01 00:00:00,6,240,12,165.33,2,0,CMP0170
SCH062,2021-08-01 00:00:00,1,50,6,59.93,0,0,CMP0171
SCH062,2021-09-01 00:00:00,9,441,45,1580.94,3,0,CMP0172
SCH062,2021-10-01 00:00:00,4,300,24,888.27,1,0,CMP0173
SCH062,2021-11-01 00:00:00,4,132,20,182.43,0,0,CMP0174
SCH062,2021-12-01 00:00:00,4,268,24,427.81,1,0,CMP0175
SCH062,2022-01-01 00:00:00,3,201,12,397.35,0,0,CMP0176
SCH062,2022-02-01 00:00:00,3,201,15,355.29,0,0,CMP0177
SCH062,2022-03-01 00:00:00,3,117,15,337.44,1,0,CMP0178
SCH062,2022-04-01 00:00:00,5,345,15,203.08,0,0,CMP0179
SCH062,2022-05-01 00:00:00,2,106,4,147.37,0,0,CMP0180
SCH062,2022-06-01 00:00:00,4,224,24,1051.98,0,0,CMP0181
SCH062,2022-07-01 00:00:00,5,105,35,913.25,1,0,CMP0182
SCH062,2022-08-01 00:00:00,2,86,4,40.23,0,0,CMP0183
SCH062,2022-09-01 00:00:00,7,392,14,167.27,1,0,CMP0184
SCH062,2022-10-01 00:00:00,6,276,24,733.08,2,0,CMP0185
SCH062,2022-11-01 00:00:00,9,522,36,1427.3,3,0,CMP0186
SCH062,2022-12-01 00:00:00,7,448,35,957.89,1,0,CMP0187
SCH062,2023-01-01 00:00:00,5,235,35,437.34,1,0,CMP0188
SCH062,2023-02-01 00:00:00,6,258,42,1593.73,2,0,CMP0189
SCH062,2023-03-01 00:00:00,3,144,6,122.09,0,0,CMP0190
SCH062,2023-04-01 00:00:00,5,320,15,513.49,1,0,CMP0191
SCH062,2023-05-01 00:00:00,3,198,15,278.86,1,0,CMP0192
SCH062,2023-06-01 00:00:00,4,140,28,274.03,1,0,CMP0193
SCH062,2023-07-01 00:00:00,7,469,42,1026.13,2,0,CMP0194
SCH062,2023-08-01 00:00:00,5,260,10,147.35,1,0,CMP0195
SCH062,2023-09-01 00:00:00,6,138,18,231.88,2,0,CMP0196
SCH062,2023-10-01 00:00:00,4,228,20,525.39,1,0,CMP0197
SCH062,2023-11-01 00:00:00,6,396,12,253.78,2,0,CMP0198
SCH062,2023-12-01 00:00:00,4,272,20,404.41,1,0,CMP0199
SCH062,2024-01-01 00:00:00,5,210,15,384.32,0,0,CMP0200
SCH062,2024-02-01 00:00:00,5,290,15,183.04,1,0,CMP0201
SCH062,2024-03-01 00:00:00,5,355,25,1033.96,1,0,CMP0202
SCH062,2024-04-01 00:00:00,3,198,9,400.89,1,0,CMP0203
SCH062,2024-05-01 00:00:00,8,456,16,626.26,3,1,CMP0204
SCH062,2024-06-01 00:00:00,3,81,15,417.77,0,0,CMP0205
SCH062,2024-07-01 00:00:00,4,120,16,352.83,1,0,CMP0206
SCH062,2024-08-01 00:00:00,6,234,36,1509.09,2,0,CMP0207
SCH062,2024-09-01 00:00:00,6,168,24,406.26,1,0,CMP0208
SCH062,2024-10-01 00:00:00,4,92,20,442.64,1,0,CMP0209
SCH062,2024-11-01 00:00:00,8,208,40,713.17,2,0,CMP0210
SCH062,2024-12-01 00:00:00,4,188,12,105.19,0,0,CMP0211
SCH062,2025-01-01 00:00:00,6,390,42,1631.41,2,0,CMP0212
SCH062,2025-02-01 00:00:00,7,532,21,225.81,2,0,CMP0213
SCH062,2025-03-01 00:00:00,3,207,15,281.16,0,0,CMP0214
SCH062,2025-04-01 00:00:00,4,232,12,421.37,1,0,CMP0215
SCH062,2025-05-01 00:00:00,5,160,30,535.68,1,0,CMP0216
SCH062,2025-06-01 00:00:00,11,726,44,1850.61,1,0,CMP0217
SCH062,2025-07-01 00:00:00,3,75,6,50.04,1,0,CMP0218
SCH062,2025-08-01 00:00:00,8,504,56,651.55,2,0,CMP0219
SCH062,2025-09-01 00:00:00,8,376,56,1590.81,1,0,CMP0220
SCH062,2025-10-01 00:00:00,5,225,20,886.51,1,0,CMP0221
SCH062,2025-11-01 00:00:00,4,128,20,614.23,1,0,CMP0222
SCH062,2025-12-01 00:00:00,6,138,18,329.72,0,0,CMP0223
SCH062,2026-01-01 00:00:00,4,108,28,878.95,0,0,CMP0224
SCH062,2026-02-01 00:00:00,3,213,15,586.42,0,0,CMP0225
SCH062,2026-03-01 00:00:00,8,248,16,389.91,1,0,CMP0226
SCH062,2026-04-01 00:00:00,2,122,14,564.91,0,0,CMP0227
SCH062,2026-05-01 00:00:00,7,462,14,357.16,2,0,CMP0228
SCH062,2026-06-01 00:00:00,5,340,25,935.28,2,0,CMP0229
SCH062,2026-07-01 00:00:00,4,228,8,355.68,1,0,CMP0230
SCH063,2021-02-01 00:00:00,3,231,15,405.88,1,0,CMP0231
SCH063,2021-03-01 00:00:00,5,135,10,315.63,1,0,CMP0232
SCH063,2021-04-01 00:00:00,3,156,12,217.18,0,0,CMP0233
SCH063,2021-05-01 00:00:00,4,284,24,279.36,0,0,CMP0234
SCH063,2021-06-01 00:00:00,2,54,6,111.86,0,0,CMP0235
SCH063,2021-07-01 00:00:00,5,340,15,403.24,1,0,CMP0236
SCH063,2021-08-01 00:00:00,3,105,9,143.34,0,0,CMP0237
SCH063,2021-09-01 00:00:00,5,210,15,282.72,1,0,CMP0238
SCH063,2021-10-01 00:00:00,4,236,28,540.73,1,0,CMP0239
SCH063,2021-11-01 00:00:00,4,152,24,775.01,0,0,CMP0240
SCH063,2021-12-01 00:00:00,4,220,16,683.34,1,0,CMP0241
SCH063,2022-01-01 00:00:00,6,204,42,1600.06,2,0,CMP0242
SCH063,2022-02-01 00:00:00,4,256,16,680.6,1,0,CMP0243
SCH063,2022-03-01 00:00:00,3,216,12,397.8,1,0,CMP0244
SCH063,2022-04-01 00:00:00,3,180,12,232.91,1,0,CMP0245
SCH063,2022-05-01 00:00:00,5,210,20,695.03,1,0,CMP0246
SCH063,2022-06-01 00:00:00,9,225,45,1571.22,2,0,CMP0247
SCH063,2022-07-01 00:00:00,6,450,30,549.71,2,0,CMP0248
SCH063,2022-08-01 00:00:00,5,350,10,249.86,1,0,CMP0249
SCH063,2022-09-01 00:00:00,4,148,8,266.72,0,0,CMP0250
SCH063,2022-10-01 00:00:00,4,216,12,353.19,1,0,CMP0251
SCH063,2022-11-01 00:00:00,8,280,40,753.94,1,0,CMP0252
SCH063,2022-12-01 00:00:00,2,126,8,289.76,0,0,CMP0253
SCH063,2023-01-01 00:00:00,10,710,60,1111.35,2,0,CMP0254
SCH063,2023-02-01 00:00:00,5,140,20,180.05,1,0,CMP0255
SCH063,2023-03-01 00:00:00,4,264,20,762.85,0,0,CMP0256
SCH063,2023-04-01 00:00:00,6,390,24,620.59,1,0,CMP0257
SCH063,2023-05-01 00:00:00,4,164,8,266.26,1,0,CMP0258
SCH063,2023-06-01 00:00:00,4,172,16,331.88,0,0,CMP0259
SCH063,2023-07-01 00:00:00,5,255,25,327.98,1,0,CMP0260
SCH063,2023-08-01 00:00:00,1,35,4,159.95,0,0,CMP0261
SCH063,2023-09-01 00:00:00,3,108,21,521.41,0,0,CMP0262
SCH063,2023-10-01 00:00:00,1,71,3,90.79,0,0,CMP0263
SCH063,2023-11-01 00:00:00,4,112,24,229.85,1,0,CMP0264
SCH063,2023-12-01 00:00:00,2,156,14,254.18,0,0,CMP0265
SCH063,2024-01-01 00:00:00,4,140,8,125.81,0,0,CMP0266
SCH063,2024-02-01 00:00:00,3,105,15,311.09,1,0,CMP0267
SCH063,2024-03-01 00:00:00,5,325,10,187.64,1,0,CMP0268
SCH063,2024-04-01 00:00:00,1,46,7,217.13,0,0,CMP0269
SCH063,2024-05-01 00:00:00,4,236,16,670.08,0,0,CMP0270
SCH063,2024-06-01 00:00:00,4,84,16,425.35,0,0,CMP0271
SCH063,2024-07-01 00:00:00,1,30,3,46.72,0,0,CMP0272
SCH063,2024-08-01 00:00:00,11,671,55,2009,3,0,CMP0273
SCH063,2024-09-01 00:00:00,3,171,9,181.4,0,0,CMP0274
SCH063,2024-10-01 00:00:00,9,243,36,1343.83,1,0,CMP0275
SCH063,2024-11-01 00:00:00,6,330,18,657.88,1,0,CMP0276
SCH063,2024-12-01 00:00:00,7,336,49,1497.87,2,0,CMP0277
SCH063,2025-01-01 00:00:00,3,138,6,202.74,0,0,CMP0278
SCH063,2025-02-01 00:00:00,2,58,8,230.26,0,0,CMP0279
SCH063,2025-03-01 00:00:00,2,112,6,255.01,0,0,CMP0280
SCH063,2025-04-01 00:00:00,4,160,16,600.06,0,0,CMP0281
SCH063,2025-05-01 00:00:00,7,420,28,373.51,1,0,CMP0282
SCH063,2025-06-01 00:00:00,7,497,14,420.69,1,0,CMP0283
SCH063,2025-07-01 00:00:00,10,270,40,1491.98,3,0,CMP0284
SCH063,2025-08-01 00:00:00,6,438,12,259.82,2,1,CMP0285
SCH063,2025-09-01 00:00:00,5,375,25,782.17,2,0,CMP0286
SCH063,2025-10-01 00:00:00,4,88,20,208.46,1,0,CMP0287
SCH063,2025-11-01 00:00:00,5,295,35,1188.4,1,0,CMP0288
SCH063,2025-12-01 00:00:00,6,372,30,1297.09,1,0,CMP0289
SCH063,2026-01-01 00:00:00,6,210,18,528.7,1,0,CMP0290
SCH063,2026-02-01 00:00:00,6,390,12,166.8,1,0,CMP0291
SCH063,2026-03-01 00:00:00,6,120,18,248.39,1,0,CMP0292
SCH063,2026-04-01 00:00:00,4,228,12,426.38,1,0,CMP0293
SCH063,2026-05-01 00:00:00,7,546,35,1434.02,2,0,CMP0294
SCH063,2026-06-01 00:00:00,2,76,14,622.79,0,0,CMP0295
SCH063,2026-07-01 00:00:00,4,308,28,447.96,1,0,CMP0296
SCH064,2021-01-01 00:00:00,3,150,15,433.68,0,0,CMP0297
SCH064,2021-02-01 00:00:00,2,70,10,137.44,0,0,CMP0298
SCH064,2021-03-01 00:00:00,4,212,20,313.17,1,0,CMP0299
SCH064,2021-04-01 00:00:00,7,469,21,269.97,1,0,CMP0300
SCH064,2021-05-01 00:00:00,7,231,35,701.8,1,0,CMP0001
SCH064,2021-06-01 00:00:00,4,216,12,122.42,1,0,CMP0002
SCH064,2021-07-01 00:00:00,1,22,5,193.48,0,0,CMP0003
SCH064,2021-08-01 00:00:00,3,75,12,439.77,0,0,CMP0004
SCH064,2021-09-01 00:00:00,4,148,20,361.81,1,0,CMP0005
SCH064,2021-11-01 00:00:00,8,576,32,616.09,1,0,CMP0006
SCH064,2021-12-01 00:00:00,3,138,15,496.53,1,0,CMP0007
SCH064,2022-01-01 00:00:00,5,130,25,782.42,1,0,CMP0008
SCH064,2022-02-01 00:00:00,4,272,16,633.56,0,0,CMP0009
SCH064,2022-03-01 00:00:00,5,290,15,571.18,0,0,CMP0010
SCH064,2022-04-01 00:00:00,5,140,35,1417.01,1,0,CMP0011
SCH064,2022-05-01 00:00:00,6,348,24,859.84,2,0,CMP0012
SCH064,2022-06-01 00:00:00,3,141,12,521.7,1,0,CMP0013
SCH064,2022-07-01 00:00:00,5,260,35,498.45,1,0,CMP0014
SCH064,2022-08-01 00:00:00,4,184,24,651.68,1,0,CMP0015
SCH064,2022-09-01 00:00:00,3,147,12,408.23,1,0,CMP0016
SCH064,2022-10-01 00:00:00,1,26,2,33.87,0,0,CMP0017
SCH064,2022-11-01 00:00:00,3,120,6,237.96,0,0,CMP0018
SCH064,2022-12-01 00:00:00,5,225,20,358.16,1,0,CMP0019
SCH064,2023-01-01 00:00:00,8,552,24,626.53,2,0,CMP0020
SCH064,2023-02-01 00:00:00,2,104,4,67.9,0,0,CMP0021
SCH064,2023-03-01 00:00:00,3,204,12,234.24,0,0,CMP0022
SCH064,2023-04-01 00:00:00,7,476,49,1834.82,1,0,CMP0023
SCH064,2023-05-01 00:00:00,2,136,12,108.58,0,0,CMP0024
SCH064,2023-06-01 00:00:00,4,180,24,790.84,0,0,CMP0025
SCH064,2023-07-01 00:00:00,4,264,24,846.74,0,0,CMP0026
SCH064,2023-08-01 00:00:00,10,520,50,1446.02,3,1,CMP0027
SCH064,2023-09-01 00:00:00,5,160,10,100.79,0,0,CMP0028
SCH064,2023-10-01 00:00:00,6,258,24,658.19,1,0,CMP0029
SCH064,2023-11-01 00:00:00,7,420,14,299.67,1,0,CMP0030
SCH064,2023-12-01 00:00:00,5,275,35,945.9,0,0,CMP0031
SCH064,2024-01-01 00:00:00,2,54,10,139.36,0,0,CMP0032
SCH064,2024-02-01 00:00:00,2,108,8,325.1,0,0,CMP0033
SCH064,2024-03-01 00:00:00,8,472,32,608.96,3,1,CMP0034
SCH064,2024-04-01 00:00:00,11,462,55,623.2,3,1,CMP0035
SCH064,2024-05-01 00:00:00,7,147,21,854.12,2,0,CMP0036
SCH064,2024-06-01 00:00:00,5,305,35,1424.35,1,0,CMP0037
SCH064,2024-07-01 00:00:00,4,268,20,634.66,1,0,CMP0038
SCH064,2024-08-01 00:00:00,9,333,27,766.51,3,1,CMP0039
SCH064,2024-09-01 00:00:00,3,168,18,508.95,0,0,CMP0040
SCH064,2024-10-01 00:00:00,3,111,12,366.65,1,0,CMP0041
SCH064,2024-11-01 00:00:00,6,180,36,830.64,1,0,CMP0042
SCH064,2024-12-01 00:00:00,4,188,24,882.49,0,0,CMP0043
SCH064,2025-01-01 00:00:00,3,99,18,308.98,0,0,CMP0044
SCH064,2025-02-01 00:00:00,5,330,10,404.3,1,0,CMP0045
SCH064,2025-03-01 00:00:00,8,272,56,545.82,2,0,CMP0046
SCH064,2025-04-01 00:00:00,3,159,12,106.04,1,0,CMP0047
SCH064,2025-05-01 00:00:00,6,444,18,513.09,2,0,CMP0048
SCH064,2025-06-01 00:00:00,5,140,10,122.42,0,0,CMP0049
SCH064,2025-07-01 00:00:00,7,504,14,444.15,1,0,CMP0050
SCH064,2025-08-01 00:00:00,7,553,14,259.74,2,0,CMP0051
SCH064,2025-09-01 00:00:00,5,155,25,727.84,1,0,CMP0052
SCH064,2025-10-01 00:00:00,3,237,9,312.86,0,0,CMP0053
SCH064,2025-11-01 00:00:00,4,104,12,461.41,1,0,CMP0054
SCH064,2025-12-01 00:00:00,6,408,42,685.31,1,0,CMP0055
SCH064,2026-01-01 00:00:00,6,216,42,919.48,1,0,CMP0056
SCH064,2026-02-01 00:00:00,3,105,9,83.11,1,0,CMP0057
SCH064,2026-03-01 00:00:00,6,456,12,329.79,1,0,CMP0058
SCH064,2026-04-01 00:00:00,1,77,5,166.21,0,0,CMP0059
SCH064,2026-05-01 00:00:00,8,544,32,978.89,2,0,CMP0060
SCH064,2026-06-01 00:00:00,8,432,32,1067.15,1,0,CMP0061
SCH064,2026-07-01 00:00:00,3,213,21,794.4,0,0,CMP0062
SCH065,2021-01-01 00:00:00,2,134,10,328.25,0,0,CMP0063
SCH065,2021-02-01 00:00:00,3,207,15,199.49,0,0,CMP0064
SCH065,2021-03-01 00:00:00,3,93,15,517.43,0,0,CMP0065
SCH065,2021-04-01 00:00:00,7,315,35,1322.77,1,0,CMP0066
SCH065,2021-05-01 00:00:00,2,128,4,34.09,0,0,CMP0067
SCH065,2021-06-01 00:00:00,4,192,8,118.38,0,0,CMP0068
SCH065,2021-07-01 00:00:00,5,255,20,395.21,2,0,CMP0069
SCH065,2021-08-01 00:00:00,4,180,20,767.5,1,0,CMP0070
SCH065,2021-09-01 00:00:00,7,273,21,552.87,1,0,CMP0071
SCH065,2021-10-01 00:00:00,4,140,16,310.41,1,0,CMP0072
SCH065,2021-11-01 00:00:00,7,315,42,1831.9,1,0,CMP0073
SCH065,2021-12-01 00:00:00,3,159,15,190.2,1,0,CMP0074
SCH065,2022-01-01 00:00:00,3,69,18,434.89,0,0,CMP0075
SCH065,2022-02-01 00:00:00,5,195,10,139.38,0,0,CMP0076
SCH065,2022-03-01 00:00:00,6,258,18,723.86,1,0,CMP0077
SCH065,2022-04-01 00:00:00,4,124,28,1103.42,1,0,CMP0078
SCH065,2022-05-01 00:00:00,7,525,42,1428.51,3,1,CMP0079
SCH065,2022-06-01 00:00:00,5,205,10,384.54,1,0,CMP0080
SCH065,2022-07-01 00:00:00,3,186,21,915.47,0,0,CMP0081
SCH065,2022-08-01 00:00:00,8,608,32,1290.08,3,1,CMP0082
SCH065,2022-09-01 00:00:00,5,110,15,476.72,1,0,CMP0083
SCH065,2022-10-01 00:00:00,3,108,21,180.86,0,0,CMP0084
SCH065,2022-11-01 00:00:00,4,88,8,99.58,1,0,CMP0085
SCH065,2022-12-01 00:00:00,10,580,70,2827.87,2,1,CMP0086
SCH065,2023-01-01 00:00:00,11,605,33,778.32,2,0,CMP0087
SCH065,2023-02-01 00:00:00,4,88,24,663.31,1,0,CMP0088
SCH065,2023-03-01 00:00:00,4,308,28,406.06,0,0,CMP0089
SCH065,2023-04-01 00:00:00,2,86,10,249.78,0,0,CMP0090
SCH065,2023-05-01 00:00:00,3,111,9,365.07,1,0,CMP0091
SCH065,2023-06-01 00:00:00,8,456,56,1209,3,0,CMP0092
SCH065,2023-07-01 00:00:00,3,99,9,180.98,1,0,CMP0093
SCH065,2023-08-01 00:00:00,8,288,24,332.4,2,0,CMP0094
SCH065,2023-09-01 00:00:00,2,152,8,340.6,0,0,CMP0095
SCH065,2023-10-01 00:00:00,4,280,28,817.08,0,0,CMP0096
SCH065,2023-11-01 00:00:00,4,224,28,396.61,1,0,CMP0097
SCH065,2023-12-01 00:00:00,6,396,12,381.16,1,0,CMP0098
SCH065,2024-01-01 00:00:00,4,268,12,309.41,1,0,CMP0099
SCH065,2024-02-01 00:00:00,3,69,18,611.37,0,0,CMP0100
SCH065,2024-03-01 00:00:00,7,175,14,379.6,2,0,CMP0101
SCH065,2024-04-01 00:00:00,4,272,24,416.7,1,0,CMP0102
SCH065,2024-05-01 00:00:00,3,204,9,338.36,1,0,CMP0103
SCH065,2024-06-01 00:00:00,5,290,20,188.11,0,0,CMP0104
SCH065,2024-07-01 00:00:00,3,75,6,258.26,0,0,CMP0105
SCH065,2024-08-01 00:00:00,5,255,30,1124.13,1,0,CMP0106
SCH065,2024-09-01 00:00:00,6,432,24,948.69,1,0,CMP0107
SCH065,2024-10-01 00:00:00,2,132,8,65.75,0,0,CMP0108
SCH065,2024-11-01 00:00:00,4,292,20,301.49,1,0,CMP0109
SCH065,2024-12-01 00:00:00,6,432,12,468.75,1,0,CMP0110
SCH065,2025-01-01 00:00:00,4,276,20,795.7,1,0,CMP0111
SCH065,2025-02-01 00:00:00,2,108,8,319.62,0,0,CMP0112
SCH065,2025-03-01 00:00:00,8,384,40,1179.12,1,0,CMP0113
SCH065,2025-04-01 00:00:00,4,284,12,506.7,1,0,CMP0114
SCH065,2025-05-01 00:00:00,11,385,33,764.81,3,1,CMP0115
SCH065,2025-06-01 00:00:00,5,245,10,160.92,2,0,CMP0116
SCH065,2025-07-01 00:00:00,9,531,63,997.98,3,1,CMP0117
SCH065,2025-08-01 00:00:00,5,240,15,193.48,1,0,CMP0118
SCH065,2025-09-01 00:00:00,2,68,8,121.57,0,0,CMP0119
SCH065,2025-10-01 00:00:00,10,410,40,658.47,1,0,CMP0120
SCH065,2025-11-01 00:00:00,1,35,4,96.43,0,0,CMP0121
SCH065,2025-12-01 00:00:00,6,150,42,1562.64,2,0,CMP0122
SCH065,2026-01-01 00:00:00,4,164,28,1240.14,1,0,CMP0123
SCH065,2026-02-01 00:00:00,6,432,36,1051.92,2,0,CMP0124
SCH065,2026-03-01 00:00:00,5,365,20,381.19,2,0,CMP0125
SCH065,2026-04-01 00:00:00,6,264,42,1665.43,1,0,CMP0126
SCH065,2026-05-01 00:00:00,3,147,15,156.64,0,0,CMP0127
SCH065,2026-06-01 00:00:00,1,52,7,242.81,0,0,CMP0128
SCH065,2026-07-01 00:00:00,3,150,12,403.44,1,0,CMP0129
SCH066,2021-01-01 00:00:00,2,100,10,336.72,0,0,CMP0130
SCH066,2021-02-01 00:00:00,3,219,12,341.17,0,0,CMP0131
SCH066,2021-03-01 00:00:00,2,120,10,178.75,0,0,CMP0132
SCH066,2021-04-01 00:00:00,3,81,9,316.62,0,0,CMP0133
SCH066,2021-05-01 00:00:00,7,217,35,352.56,1,0,CMP0134
SCH066,2021-06-01 00:00:00,11,462,77,756.33,3,0,CMP0135
SCH066,2021-07-01 00:00:00,5,285,15,296.24,1,0,CMP0136
SCH066,2021-08-01 00:00:00,8,576,40,498.02,1,0,CMP0137
SCH066,2021-09-01 00:00:00,8,440,40,1110.66,2,0,CMP0138
SCH066,2021-10-01 00:00:00,3,111,21,913.28,1,0,CMP0139
SCH066,2021-11-01 00:00:00,5,320,20,490.84,1,0,CMP0140
SCH066,2021-12-01 00:00:00,5,245,35,761.63,0,0,CMP0141
SCH066,2022-01-01 00:00:00,4,272,12,383,0,0,CMP0142
SCH066,2022-02-01 00:00:00,1,79,4,95.58,0,0,CMP0143
SCH066,2022-03-01 00:00:00,4,300,12,392.01,1,0,CMP0144
SCH066,2022-04-01 00:00:00,7,469,42,591.25,2,1,CMP0145
SCH066,2022-05-01 00:00:00,7,161,49,1805.02,2,0,CMP0146
SCH066,2022-06-01 00:00:00,6,294,18,261.45,2,0,CMP0147
SCH066,2022-07-01 00:00:00,3,117,15,469.24,1,0,CMP0148
SCH066,2022-08-01 00:00:00,5,285,10,392.01,1,0,CMP0149
SCH066,2022-09-01 00:00:00,4,272,16,278.32,1,0,CMP0150
SCH066,2022-10-01 00:00:00,4,196,24,934.68,0,0,CMP0151
SCH066,2022-11-01 00:00:00,5,125,25,230.28,2,0,CMP0152
SCH066,2022-12-01 00:00:00,5,345,30,362.03,1,0,CMP0153
SCH066,2023-01-01 00:00:00,2,96,14,348.01,0,0,CMP0154
SCH066,2023-02-01 00:00:00,3,150,12,365.82,0,0,CMP0155
SCH066,2023-03-01 00:00:00,5,255,35,658.78,1,0,CMP0156
SCH066,2023-04-01 00:00:00,10,370,50,1824.15,3,1,CMP0157
SCH066,2023-05-01 00:00:00,1,30,6,55.49,0,0,CMP0158
SCH066,2023-06-01 00:00:00,5,190,10,155.16,1,0,CMP0159
SCH066,2023-07-01 00:00:00,3,186,9,236.08,1,0,CMP0160
SCH066,2023-08-01 00:00:00,7,357,14,359.35,1,0,CMP0161
SCH066,2023-09-01 00:00:00,8,568,16,328.88,2,0,CMP0162
SCH066,2023-10-01 00:00:00,7,175,28,1095.57,2,0,CMP0163
SCH066,2023-11-01 00:00:00,4,140,12,444.44,1,0,CMP0164
SCH066,2023-12-01 00:00:00,3,150,12,206.67,1,0,CMP0165
SCH066,2024-01-01 00:00:00,6,330,42,1018.32,2,1,CMP0166
SCH066,2024-02-01 00:00:00,4,140,24,580.71,1,0,CMP0167
SCH066,2024-03-01 00:00:00,1,40,5,190.01,0,0,CMP0168
SCH066,2024-04-01 00:00:00,6,348,42,883.7,2,0,CMP0169
SCH066,2024-05-01 00:00:00,7,315,42,1075.64,2,1,CMP0170
SCH066,2024-06-01 00:00:00,4,316,12,205.69,1,0,CMP0171
SCH066,2024-07-01 00:00:00,5,230,20,659.38,0,0,CMP0172
SCH066,2024-08-01 00:00:00,2,154,12,495.12,0,0,CMP0173
SCH066,2024-09-01 00:00:00,3,231,6,264.62,1,0,CMP0174
SCH066,2024-10-01 00:00:00,9,324,45,1814.15,1,0,CMP0175
SCH066,2024-11-01 00:00:00,5,125,20,830.91,1,0,CMP0176
SCH066,2024-12-01 00:00:00,4,140,24,806.61,1,0,CMP0177
SCH066,2025-01-01 00:00:00,2,108,10,271.43,0,0,CMP0178
SCH066,2025-02-01 00:00:00,3,213,12,226.31,0,0,CMP0179
SCH066,2025-03-01 00:00:00,2,110,6,182.89,0,0,CMP0180
SCH066,2025-04-01 00:00:00,4,300,24,540.6,1,0,CMP0181
SCH066,2025-06-01 00:00:00,6,420,42,1004.66,2,0,CMP0182
SCH066,2025-07-01 00:00:00,4,288,16,278.88,1,0,CMP0183
SCH066,2025-08-01 00:00:00,4,288,16,563.34,0,0,CMP0184
SCH066,2025-09-01 00:00:00,4,96,20,743.55,1,0,CMP0185
SCH066,2025-10-01 00:00:00,10,230,20,318.63,2,0,CMP0186
SCH066,2025-11-01 00:00:00,4,216,8,206.11,1,0,CMP0187
SCH066,2025-12-01 00:00:00,4,304,24,1045.5,1,0,CMP0188
SCH066,2026-01-01 00:00:00,5,250,30,457.93,1,0,CMP0189
SCH066,2026-02-01 00:00:00,8,520,48,548.55,3,1,CMP0190
SCH066,2026-03-01 00:00:00,4,132,12,462.96,0,0,CMP0191
SCH066,2026-04-01 00:00:00,2,100,12,496.5,0,0,CMP0192
SCH066,2026-05-01 00:00:00,4,180,28,925.1,1,0,CMP0193
SCH066,2026-06-01 00:00:00,5,280,15,520.02,1,0,CMP0194
SCH066,2026-07-01 00:00:00,6,462,12,383.77,2,1,CMP0195
SCH067,2021-01-01 00:00:00,5,380,30,1334.37,1,0,CMP0196
SCH067,2021-02-01 00:00:00,6,210,36,1533.29,1,0,CMP0197
SCH067,2021-03-01 00:00:00,8,280,48,2030.64,1,0,CMP0198
SCH067,2021-04-01 00:00:00,10,610,50,1037.05,2,1,CMP0199
SCH067,2021-05-01 00:00:00,7,259,21,676.15,1,0,CMP0200
SCH067,2021-06-01 00:00:00,7,371,28,547.06,1,0,CMP0201
SCH067,2021-07-01 00:00:00,5,185,35,1383.45,1,0,CMP0202
SCH067,2021-08-01 00:00:00,7,364,14,626.6,1,0,CMP0203
SCH067,2021-09-01 00:00:00,4,200,12,330.94,0,0,CMP0204
SCH067,2021-10-01 00:00:00,3,87,6,63.88,1,0,CMP0205
SCH067,2021-11-01 00:00:00,4,248,28,1001.13,0,0,CMP0206
SCH067,2021-12-01 00:00:00,1,29,7,251.84,0,0,CMP0207
SCH067,2022-01-01 00:00:00,4,148,8,359.77,0,0,CMP0208
SCH067,2022-02-01 00:00:00,4,188,28,1026.1,1,0,CMP0209
SCH067,2022-03-01 00:00:00,3,231,6,265.53,0,0,CMP0210
SCH067,2022-04-01 00:00:00,3,99,12,491.61,0,0,CMP0211
SCH067,2022-05-01 00:00:00,4,292,16,583.46,1,0,CMP0212
SCH067,2022-06-01 00:00:00,2,92,12,248.86,0,0,CMP0213
SCH067,2022-07-01 00:00:00,5,360,10,190.34,2,0,CMP0214
SCH067,2022-08-01 00:00:00,6,390,30,1117.51,1,0,CMP0215
SCH067,2022-09-01 00:00:00,3,117,21,277.31,0,0,CMP0216
SCH067,2022-10-01 00:00:00,10,260,50,1876.58,1,0,CMP0217
SCH067,2022-11-01 00:00:00,3,96,9,104.71,0,0,CMP0218
SCH067,2022-12-01 00:00:00,5,235,15,536.48,1,0,CMP0219
SCH067,2023-01-01 00:00:00,2,40,14,464.97,0,0,CMP0220
SCH067,2023-02-01 00:00:00,7,322,49,1986.27,2,0,CMP0221
SCH067,2023-03-01 00:00:00,5,310,20,631.71,0,0,CMP0222
SCH067,2023-04-01 00:00:00,6,198,42,1819.39,2,1,CMP0223
SCH067,2023-05-01 00:00:00,3,144,9,225.81,0,0,CMP0224
SCH067,2023-06-01 00:00:00,3,180,18,436.26,0,0,CMP0225
SCH067,2023-07-01 00:00:00,2,60,8,264.87,0,0,CMP0226
SCH067,2023-08-01 00:00:00,1,48,7,118.45,0,0,CMP0227
SCH067,2023-09-01 00:00:00,2,80,12,218.51,0,0,CMP0228
SCH067,2023-10-01 00:00:00,8,328,56,863.46,2,0,CMP0229
SCH067,2023-11-01 00:00:00,4,168,24,441.53,1,0,CMP0230
SCH067,2023-12-01 00:00:00,3,69,18,609.92,0,0,CMP0231
SCH067,2024-01-01 00:00:00,3,84,15,392.78,0,0,CMP0232
SCH067,2024-02-01 00:00:00,5,145,10,442.92,1,0,CMP0233
SCH067,2024-03-01 00:00:00,4,236,28,437.24,0,0,CMP0234
SCH067,2024-04-01 00:00:00,1,56,6,200.2,0,0,CMP0235
SCH067,2024-05-01 00:00:00,8,576,16,331,3,0,CMP0236
SCH067,2024-06-01 00:00:00,2,156,8,231.42,0,0,CMP0237
SCH067,2024-07-01 00:00:00,3,129,21,757.66,0,0,CMP0238
SCH067,2024-09-01 00:00:00,5,270,10,377.74,1,0,CMP0239
SCH067,2024-10-01 00:00:00,3,69,9,158.36,0,0,CMP0240
SCH067,2024-11-01 00:00:00,10,540,60,2692.57,3,1,CMP0241
SCH067,2024-12-01 00:00:00,2,104,12,274.36,0,0,CMP0242
SCH067,2025-01-01 00:00:00,2,66,10,204.14,0,0,CMP0243
SCH067,2025-02-01 00:00:00,6,342,42,903.68,1,0,CMP0244
SCH067,2025-03-01 00:00:00,2,98,12,531,0,0,CMP0245
SCH067,2025-04-01 00:00:00,3,117,18,678.3,0,0,CMP0246
SCH067,2025-05-01 00:00:00,6,222,42,749.51,1,0,CMP0247
SCH067,2025-06-01 00:00:00,1,52,2,46.58,0,0,CMP0248
SCH067,2025-07-01 00:00:00,5,380,20,841.73,1,0,CMP0249
SCH067,2025-08-01 00:00:00,4,88,24,852.84,1,0,CMP0250
SCH067,2025-09-01 00:00:00,3,228,15,456.55,0,0,CMP0251
SCH067,2025-11-01 00:00:00,4,192,20,835.15,1,0,CMP0252
SCH067,2025-12-01 00:00:00,6,420,18,440.47,2,0,CMP0253
SCH067,2026-01-01 00:00:00,5,205,15,165.72,1,0,CMP0254
SCH067,2026-02-01 00:00:00,5,290,35,1368.21,1,0,CMP0255
SCH067,2026-03-01 00:00:00,7,231,21,580.26,1,0,CMP0256
SCH067,2026-04-01 00:00:00,4,252,20,729.24,1,0,CMP0257
SCH067,2026-05-01 00:00:00,7,378,14,529.95,2,0,CMP0258
SCH067,2026-06-01 00:00:00,2,56,14,468.01,0,0,CMP0259
SCH067,2026-07-01 00:00:00,11,814,33,391.76,4,1,CMP0260
SCH068,2021-01-01 00:00:00,6,444,30,695.76,2,0,CMP0261
SCH068,2021-02-01 00:00:00,7,210,21,828.41,1,0,CMP0262
SCH068,2021-03-01 00:00:00,7,203,42,1016.89,2,0,CMP0263
SCH068,2021-04-01 00:00:00,3,204,18,547.53,0,0,CMP0264
SCH068,2021-05-01 00:00:00,4,216,20,329.16,1,0,CMP0265
SCH068,2021-06-01 00:00:00,5,305,35,694.78,1,0,CMP0266
SCH068,2021-07-01 00:00:00,3,213,15,620.13,0,0,CMP0267
SCH068,2021-08-01 00:00:00,6,222,12,449.06,1,0,CMP0268
SCH068,2021-09-01 00:00:00,2,128,12,507.14,0,0,CMP0269
SCH068,2021-10-01 00:00:00,4,84,16,515.7,1,0,CMP0270
SCH068,2021-12-01 00:00:00,3,168,15,349.26,0,0,CMP0271
SCH068,2022-01-01 00:00:00,3,99,18,189.42,1,0,CMP0272
SCH068,2022-02-01 00:00:00,3,198,21,835.25,0,0,CMP0273
SCH068,2022-03-01 00:00:00,4,216,28,249.3,0,0,CMP0274
SCH068,2022-04-01 00:00:00,8,608,24,272.44,2,0,CMP0275
SCH068,2022-05-01 00:00:00,3,213,12,467.14,0,0,CMP0276
SCH068,2022-06-01 00:00:00,4,296,12,235.22,1,0,CMP0277
SCH068,2022-07-01 00:00:00,7,259,14,338.16,2,0,CMP0278
SCH068,2022-08-01 00:00:00,6,312,12,148.36,1,0,CMP0279
SCH068,2022-09-01 00:00:00,3,102,18,301.18,1,0,CMP0280
SCH068,2022-10-01 00:00:00,7,224,21,896.1,1,0,CMP0281
SCH068,2022-11-01 00:00:00,6,324,30,259.95,0,0,CMP0282
SCH068,2022-12-01 00:00:00,5,350,35,597.33,1,0,CMP0283
SCH068,2023-01-01 00:00:00,6,384,36,1449.08,1,0,CMP0284
SCH068,2023-02-01 00:00:00,2,78,8,88.82,0,0,CMP0285
SCH068,2023-03-01 00:00:00,7,308,28,347.23,2,0,CMP0286
SCH068,2023-04-01 00:00:00,8,264,24,742.86,1,0,CMP0287
SCH068,2023-05-01 00:00:00,6,162,36,1038.5,1,0,CMP0288
SCH068,2023-06-01 00:00:00,1,38,6,85.12,0,0,CMP0289
SCH068,2023-07-01 00:00:00,6,336,30,386.73,1,0,CMP0290
SCH068,2023-08-01 00:00:00,3,132,12,117.05,1,0,CMP0291
SCH068,2023-09-01 00:00:00,3,171,18,386.95,0,0,CMP0292
SCH068,2023-10-01 00:00:00,3,156,12,236.29,0,0,CMP0293
SCH068,2023-11-01 00:00:00,3,183,15,543.89,0,0,CMP0294
SCH068,2023-12-01 00:00:00,1,61,4,172.46,0,0,CMP0295
SCH068,2024-01-01 00:00:00,7,427,49,500.68,1,0,CMP0296
SCH068,2024-02-01 00:00:00,8,568,24,508.63,1,0,CMP0297
SCH068,2024-03-01 00:00:00,4,108,20,360.35,0,0,CMP0298
SCH068,2024-04-01 00:00:00,5,165,25,514.24,1,0,CMP0299
SCH068,2024-05-01 00:00:00,6,162,18,345.98,1,0,CMP0300
SCH068,2024-06-01 00:00:00,2,130,4,61.04,0,0,CMP0001
SCH068,2024-07-01 00:00:00,6,396,30,709.7,1,0,CMP0002
SCH068,2024-08-01 00:00:00,3,213,18,144.73,0,0,CMP0003
SCH068,2024-09-01 00:00:00,1,54,5,69.93,0,0,CMP0004
SCH068,2024-10-01 00:00:00,2,78,6,157.33,0,0,CMP0005
SCH068,2024-11-01 00:00:00,3,165,15,437.15,1,0,CMP0006
SCH068,2024-12-01 00:00:00,5,280,35,1364.47,0,0,CMP0007
SCH068,2025-01-01 00:00:00,4,292,16,193.04,0,0,CMP0008
SCH068,2025-02-01 00:00:00,5,380,20,781.73,1,0,CMP0009
SCH068,2025-03-01 00:00:00,9,486,63,1174.41,1,0,CMP0010
SCH068,2025-04-01 00:00:00,4,232,28,450.82,0,0,CMP0011
SCH068,2025-05-01 00:00:00,4,288,28,401.49,1,0,CMP0012
SCH068,2025-06-01 00:00:00,1,41,5,105.65,0,0,CMP0013
SCH068,2025-07-01 00:00:00,7,343,49,1425.91,2,1,CMP0014
SCH068,2025-08-01 00:00:00,6,336,12,212.9,2,0,CMP0015
SCH068,2025-09-01 00:00:00,6,396,30,1221.11,1,0,CMP0016
SCH068,2025-10-01 00:00:00,5,225,30,1280.9,1,0,CMP0017
SCH068,2025-11-01 00:00:00,6,390,30,676.97,1,0,CMP0018
SCH068,2025-12-01 00:00:00,1,32,6,102.24,0,0,CMP0019
SCH068,2026-01-01 00:00:00,5,235,35,673.8,1,0,CMP0020
SCH068,2026-02-01 00:00:00,8,624,24,441.4,1,0,CMP0021
SCH068,2026-03-01 00:00:00,7,392,28,1217,1,0,CMP0022
SCH068,2026-04-01 00:00:00,5,115,15,618.43,0,0,CMP0023
SCH068,2026-05-01 00:00:00,3,111,12,224.1,0,0,CMP0024
SCH068,2026-06-01 00:00:00,2,148,8,301.86,0,0,CMP0025
SCH068,2026-07-01 00:00:00,5,365,20,405.93,1,0,CMP0026
SCH069,2021-01-01 00:00:00,4,212,28,896.69,1,0,CMP0027
SCH069,2021-02-01 00:00:00,6,264,12,302.91,2,1,CMP0028
SCH069,2021-03-01 00:00:00,6,318,12,478.06,1,0,CMP0029
SCH069,2021-04-01 00:00:00,4,312,8,283.1,1,0,CMP0030
SCH069,2021-05-01 00:00:00,8,272,48,967.44,2,0,CMP0031
SCH069,2021-06-01 00:00:00,4,196,20,756.81,0,0,CMP0032
SCH069,2021-07-01 00:00:00,6,270,24,780.91,2,0,CMP0033
SCH069,2021-08-01 00:00:00,3,237,6,115.01,0,0,CMP0034
SCH069,2021-09-01 00:00:00,5,130,30,403.21,1,0,CMP0035
SCH069,2021-10-01 00:00:00,2,136,12,501.9,0,0,CMP0036
SCH069,2021-11-01 00:00:00,5,240,10,424.72,0,0,CMP0037
SCH069,2021-12-01 00:00:00,5,235,15,614.49,1,0,CMP0038
SCH069,2022-01-01 00:00:00,4,284,12,317.17,1,0,CMP0039
SCH069,2022-02-01 00:00:00,4,260,16,686.91,1,0,CMP0040
SCH069,2022-03-01 00:00:00,4,280,16,553.71,1,0,CMP0041
SCH069,2022-04-01 00:00:00,2,100,12,198.67,0,0,CMP0042
SCH069,2022-05-01 00:00:00,5,330,20,842.76,1,0,CMP0043
SCH069,2022-06-01 00:00:00,5,335,15,422.29,1,0,CMP0044
SCH069,2022-07-01 00:00:00,3,204,18,398.09,0,0,CMP0045
SCH069,2022-08-01 00:00:00,7,336,21,458.48,2,0,CMP0046
SCH069,2022-09-01 00:00:00,3,87,6,73.79,0,0,CMP0047
SCH069,2022-10-01 00:00:00,9,612,27,1005.79,1,0,CMP0048
SCH069,2022-11-01 00:00:00,7,238,28,731.53,2,0,CMP0049
SCH069,2022-12-01 00:00:00,3,144,15,422.04,0,0,CMP0050
SCH069,2023-01-01 00:00:00,5,285,25,760.22,1,0,CMP0051
SCH069,2023-02-01 00:00:00,3,129,15,294.63,1,0,CMP0052
SCH069,2023-03-01 00:00:00,6,300,24,1045.59,0,0,CMP0053
SCH069,2023-04-01 00:00:00,6,156,12,158.16,1,0,CMP0054
SCH069,2023-05-01 00:00:00,3,114,6,243.02,1,0,CMP0055
SCH069,2023-06-01 00:00:00,3,87,21,606.2,0,0,CMP0056
SCH069,2023-07-01 00:00:00,4,140,24,831.91,0,0,CMP0057
SCH069,2023-08-01 00:00:00,3,87,12,353.81,0,0,CMP0058
SCH069,2023-09-01 00:00:00,4,312,8,231.21,0,0,CMP0059
SCH069,2023-10-01 00:00:00,3,162,18,364.75,0,0,CMP0060
SCH069,2023-11-01 00:00:00,1,66,7,242.91,0,0,CMP0061
SCH069,2023-12-01 00:00:00,4,196,24,393.12,1,0,CMP0062
SCH069,2024-01-01 00:00:00,9,612,27,610.68,2,0,CMP0063
SCH069,2024-02-01 00:00:00,4,84,20,736.21,1,0,CMP0064
SCH069,2024-03-01 00:00:00,6,180,42,1823.09,1,0,CMP0065
SCH069,2024-04-01 00:00:00,5,110,35,1197.77,1,0,CMP0066
SCH069,2024-05-01 00:00:00,5,215,35,707.11,0,0,CMP0067
SCH069,2024-06-01 00:00:00,3,186,12,504.32,0,0,CMP0068
SCH069,2024-07-01 00:00:00,2,90,4,119.09,0,0,CMP0069
SCH069,2024-08-01 00:00:00,4,148,8,81.77,1,0,CMP0070
SCH069,2024-09-01 00:00:00,6,174,36,384.17,2,0,CMP0071
SCH069,2024-10-01 00:00:00,3,87,6,53.77,0,0,CMP0072
SCH069,2024-11-01 00:00:00,3,75,9,105.66,1,0,CMP0073
SCH069,2024-12-01 00:00:00,10,600,70,3143.07,1,0,CMP0074
SCH069,2025-01-01 00:00:00,5,115,25,536.02,1,0,CMP0075
SCH069,2025-02-01 00:00:00,3,87,15,349.45,0,0,CMP0076
SCH069,2025-03-01 00:00:00,4,252,8,311.25,0,0,CMP0077
SCH069,2025-04-01 00:00:00,8,632,32,369.2,1,0,CMP0078
SCH069,2025-05-01 00:00:00,7,189,42,845.78,2,0,CMP0079
SCH069,2025-06-01 00:00:00,7,175,28,579.5,1,0,CMP0080
SCH069,2025-07-01 00:00:00,4,136,16,549.53,1,0,CMP0081
SCH069,2025-08-01 00:00:00,6,234,12,389.36,2,0,CMP0082
SCH069,2025-09-01 00:00:00,1,62,5,224.47,0,0,CMP0083
SCH069,2025-10-01 00:00:00,4,112,28,1183.48,1,0,CMP0084
SCH069,2025-11-01 00:00:00,3,153,12,225.14,0,0,CMP0085
SCH069,2025-12-01 00:00:00,10,620,40,1447.98,3,1,CMP0086
SCH069,2026-01-01 00:00:00,6,306,30,1066.86,1,0,CMP0087
SCH069,2026-02-01 00:00:00,4,312,20,359.41,1,0,CMP0088
SCH069,2026-03-01 00:00:00,4,176,8,312.04,0,0,CMP0089
SCH069,2026-04-01 00:00:00,9,558,45,1561.16,2,0,CMP0090
SCH069,2026-05-01 00:00:00,5,250,35,1346.75,1,0,CMP0091
SCH069,2026-06-01 00:00:00,3,186,12,330.45,0,0,CMP0092
SCH069,2026-07-01 00:00:00,5,235,35,768.08,0,0,CMP0093
SCH070,2021-01-01 00:00:00,4,120,28,848.52,1,0,CMP0094
SCH070,2021-02-01 00:00:00,5,145,10,92.39,1,0,CMP0095
SCH070,2021-03-01 00:00:00,8,280,24,587.29,1,0,CMP0096
SCH070,2021-04-01 00:00:00,2,44,6,81.14,0,0,CMP0097
SCH070,2021-05-01 00:00:00,6,378,18,489.5,2,0,CMP0098
SCH070,2021-06-01 00:00:00,3,123,18,799.82,0,0,CMP0099
SCH070,2021-07-01 00:00:00,4,300,16,192.76,1,0,CMP0100
SCH070,2021-08-01 00:00:00,8,416,56,955.14,2,0,CMP0101
SCH070,2021-09-01 00:00:00,8,440,40,439.66,3,0,CMP0102
SCH070,2021-10-01 00:00:00,6,222,24,1041.18,1,0,CMP0103
SCH070,2021-11-01 00:00:00,3,150,9,313.43,1,0,CMP0104
SCH070,2021-12-01 00:00:00,8,384,16,523.45,1,0,CMP0105
SCH070,2022-01-01 00:00:00,5,120,20,226.94,1,0,CMP0106
SCH070,2022-02-01 00:00:00,3,60,9,398.35,1,0,CMP0107
SCH070,2022-03-01 00:00:00,4,148,24,794.69,0,0,CMP0108
SCH070,2022-04-01 00:00:00,7,343,14,445.14,1,0,CMP0109
SCH070,2022-05-01 00:00:00,4,204,24,323.04,1,0,CMP0110
SCH070,2022-06-01 00:00:00,3,75,12,118.4,1,0,CMP0111
SCH070,2022-07-01 00:00:00,6,180,24,950.7,2,0,CMP0112
SCH070,2022-08-01 00:00:00,3,165,9,189.43,0,0,CMP0113
SCH070,2022-09-01 00:00:00,5,105,30,558.32,1,0,CMP0114
SCH070,2022-10-01 00:00:00,7,336,42,966.42,1,0,CMP0115
SCH070,2022-11-01 00:00:00,4,116,8,219.85,1,0,CMP0116
SCH070,2022-12-01 00:00:00,5,180,35,823.11,1,0,CMP0117
SCH070,2023-01-01 00:00:00,5,180,20,741.35,1,0,CMP0118
SCH070,2023-02-01 00:00:00,6,120,18,418.58,1,0,CMP0119
SCH070,2023-03-01 00:00:00,7,280,14,504.38,1,0,CMP0120
SCH070,2023-04-01 00:00:00,6,450,36,1276,1,0,CMP0121
SCH070,2023-05-01 00:00:00,7,483,35,730.64,2,0,CMP0122
SCH070,2023-06-01 00:00:00,3,90,9,107.01,0,0,CMP0123
SCH070,2023-07-01 00:00:00,3,129,15,622.37,1,0,CMP0124
SCH070,2023-08-01 00:00:00,6,204,30,865.83,1,0,CMP0125
SCH070,2023-09-01 00:00:00,3,60,15,467.02,1,0,CMP0126
SCH070,2023-10-01 00:00:00,4,156,12,344.4,1,0,CMP0127
SCH070,2023-11-01 00:00:00,4,152,28,230.86,1,0,CMP0128
SCH070,2024-01-01 00:00:00,4,96,16,312.62,1,0,CMP0129
SCH070,2024-02-01 00:00:00,4,232,28,1043.87,1,0,CMP0130
SCH070,2024-03-01 00:00:00,4,160,24,554.11,1,0,CMP0131
SCH070,2024-04-01 00:00:00,6,222,36,701.35,2,1,CMP0132
SCH070,2024-05-01 00:00:00,10,530,20,216.82,3,1,CMP0133
SCH070,2024-06-01 00:00:00,4,204,8,142.63,1,0,CMP0134
SCH070,2024-07-01 00:00:00,3,198,21,937.05,1,0,CMP0135
SCH070,2024-08-01 00:00:00,4,84,20,202.91,1,0,CMP0136
SCH070,2024-09-01 00:00:00,2,116,14,262.06,0,0,CMP0137
SCH070,2024-10-01 00:00:00,3,72,12,286.6,0,0,CMP0138
SCH070,2024-11-01 00:00:00,6,162,24,936.78,1,0,CMP0139
SCH070,2024-12-01 00:00:00,3,93,6,53.61,0,0,CMP0140
SCH070,2025-01-01 00:00:00,3,237,15,572.05,0,0,CMP0141
SCH070,2025-02-01 00:00:00,3,87,9,96.03,0,0,CMP0142
SCH070,2025-04-01 00:00:00,4,144,24,578.87,1,0,CMP0143
SCH070,2025-05-01 00:00:00,5,325,30,288.89,2,0,CMP0144
SCH070,2025-06-01 00:00:00,7,315,28,246.44,2,0,CMP0145
SCH070,2025-07-01 00:00:00,6,312,12,211.6,2,0,CMP0146
SCH070,2025-08-01 00:00:00,7,217,42,941.26,1,0,CMP0147
SCH070,2025-09-01 00:00:00,6,444,30,1303.6,0,0,CMP0148
SCH070,2025-10-01 00:00:00,4,164,8,133.86,0,0,CMP0149
SCH070,2025-11-01 00:00:00,2,64,6,185.94,0,0,CMP0150
SCH070,2025-12-01 00:00:00,5,135,35,872.8,1,0,CMP0151
SCH070,2026-01-01 00:00:00,3,144,6,138.63,1,0,CMP0152
SCH070,2026-02-01 00:00:00,9,504,36,528.44,3,0,CMP0153
SCH070,2026-03-01 00:00:00,4,240,28,590.2,1,0,CMP0154
SCH070,2026-04-01 00:00:00,4,252,20,345.16,0,0,CMP0155
SCH070,2026-05-01 00:00:00,5,225,25,734.07,2,1,CMP0156
SCH070,2026-06-01 00:00:00,8,576,32,494.95,1,0,CMP0157
SCH070,2026-07-01 00:00:00,3,147,21,563.24,0,0,CMP0158
SCH071,2021-01-01 00:00:00,6,264,12,500.78,0,0,CMP0159
SCH071,2021-02-01 00:00:00,6,414,36,1036.26,0,0,CMP0160
SCH071,2021-03-01 00:00:00,3,231,18,537.22,0,0,CMP0161
SCH071,2021-04-01 00:00:00,5,195,25,275.43,1,0,CMP0162
SCH071,2021-05-01 00:00:00,1,51,5,105.59,0,0,CMP0163
SCH071,2021-06-01 00:00:00,9,198,45,422.44,3,1,CMP0164
SCH071,2021-07-01 00:00:00,4,192,12,237.27,1,0,CMP0165
SCH071,2021-08-01 00:00:00,8,600,16,588.67,3,1,CMP0166
SCH071,2021-09-01 00:00:00,8,232,48,1048.52,1,0,CMP0167
SCH071,2021-10-01 00:00:00,9,441,54,2391.27,3,1,CMP0168
SCH071,2021-11-01 00:00:00,3,180,15,445.47,0,0,CMP0169
SCH071,2022-01-01 00:00:00,7,147,35,1434.91,2,0,CMP0170
SCH071,2022-02-01 00:00:00,7,392,35,1513.46,1,0,CMP0171
SCH071,2022-03-01 00:00:00,5,140,35,1431.34,1,0,CMP0172
SCH071,2022-04-01 00:00:00,6,378,42,682.53,1,0,CMP0173
SCH071,2022-05-01 00:00:00,5,270,25,910.39,2,0,CMP0174
SCH071,2022-06-01 00:00:00,3,75,15,409.74,0,0,CMP0175
SCH071,2022-07-01 00:00:00,3,159,18,449.55,1,0,CMP0176
SCH071,2022-08-01 00:00:00,4,264,24,467.35,0,0,CMP0177
SCH071,2022-09-01 00:00:00,5,355,20,741.55,1,0,CMP0178
SCH071,2022-10-01 00:00:00,6,366,42,1079.56,2,0,CMP0179
SCH071,2022-11-01 00:00:00,6,396,24,402.33,1,0,CMP0180
SCH071,2022-12-01 00:00:00,3,60,6,111.25,1,0,CMP0181
SCH071,2023-01-01 00:00:00,3,147,9,385.95,0,0,CMP0182
SCH071,2023-02-01 00:00:00,4,172,12,463.31,1,0,CMP0183
SCH071,2023-03-01 00:00:00,6,132,42,1462.57,1,0,CMP0184
SCH071,2023-04-01 00:00:00,3,144,6,154.48,0,0,CMP0185
SCH071,2023-05-01 00:00:00,4,240,12,134.29,0,0,CMP0186
SCH071,2023-06-01 00:00:00,6,408,42,1383.47,1,0,CMP0187
SCH071,2023-07-01 00:00:00,3,123,21,394.85,0,0,CMP0188
SCH071,2023-08-01 00:00:00,4,292,12,405.78,1,0,CMP0189
SCH071,2023-09-01 00:00:00,5,125,20,552.92,1,0,CMP0190
SCH071,2023-10-01 00:00:00,4,204,28,528.44,0,0,CMP0191
SCH071,2023-11-01 00:00:00,5,230,35,613.33,2,0,CMP0192
SCH071,2023-12-01 00:00:00,7,420,21,459.24,1,0,CMP0193
SCH071,2024-01-01 00:00:00,3,60,9,220.19,1,0,CMP0194
SCH071,2024-02-01 00:00:00,3,192,18,478.25,0,0,CMP0195
SCH071,2024-03-01 00:00:00,4,108,8,311.76,1,0,CMP0196
SCH071,2024-04-01 00:00:00,9,279,36,860.68,3,0,CMP0197
SCH071,2024-05-01 00:00:00,1,29,2,53.84,0,0,CMP0198
SCH071,2024-06-01 00:00:00,5,395,10,240.14,1,0,CMP0199
SCH071,2024-07-01 00:00:00,3,198,15,594.36,0,0,CMP0200
SCH071,2024-08-01 00:00:00,7,357,14,195.59,2,1,CMP0201
SCH071,2024-09-01 00:00:00,7,378,49,1125.05,1,0,CMP0202
SCH071,2024-10-01 00:00:00,4,252,20,642,0,0,CMP0203
SCH071,2024-11-01 00:00:00,4,268,28,841.89,1,0,CMP0204
SCH071,2024-12-01 00:00:00,4,192,16,442.44,1,0,CMP0205
SCH071,2025-01-01 00:00:00,4,100,20,793.17,0,0,CMP0206
SCH071,2025-02-01 00:00:00,1,42,6,116.56,0,0,CMP0207
SCH071,2025-03-01 00:00:00,8,272,24,475.11,2,0,CMP0208
SCH071,2025-04-01 00:00:00,2,144,14,410.77,0,0,CMP0209
SCH071,2025-05-01 00:00:00,1,72,7,209.68,0,0,CMP0210
SCH071,2025-06-01 00:00:00,7,231,14,410.34,2,0,CMP0211
SCH071,2025-07-01 00:00:00,5,180,10,162.14,1,0,CMP0212
SCH071,2025-08-01 00:00:00,4,288,28,610.91,1,0,CMP0213
SCH071,2025-09-01 00:00:00,5,185,20,527.5,1,0,CMP0214
SCH071,2025-10-01 00:00:00,5,195,15,416.24,2,0,CMP0215
SCH071,2025-11-01 00:00:00,5,210,15,525.96,1,0,CMP0216
SCH071,2025-12-01 00:00:00,4,164,12,501.56,0,0,CMP0217
SCH071,2026-01-01 00:00:00,10,630,60,2010.08,3,1,CMP0218
SCH071,2026-02-01 00:00:00,4,268,16,523.48,0,0,CMP0219
SCH071,2026-03-01 00:00:00,2,116,14,554.58,0,0,CMP0220
SCH071,2026-04-01 00:00:00,6,288,12,183.65,2,0,CMP0221
SCH071,2026-05-01 00:00:00,2,120,4,163.66,0,0,CMP0222
SCH071,2026-06-01 00:00:00,6,216,12,236.23,2,0,CMP0223
SCH071,2026-07-01 00:00:00,4,196,12,116.15,1,0,CMP0224
SCH072,2021-01-01 00:00:00,6,150,30,945.37,2,0,CMP0225
SCH072,2021-02-01 00:00:00,5,215,25,500.39,1,0,CMP0226
SCH072,2021-03-01 00:00:00,4,244,8,300.18,0,0,CMP0227
SCH072,2021-04-01 00:00:00,7,462,35,504.36,1,0,CMP0228
SCH072,2021-05-01 00:00:00,7,399,35,1141.93,1,0,CMP0229
SCH072,2021-06-01 00:00:00,6,420,36,1511.47,2,0,CMP0230
SCH072,2021-07-01 00:00:00,5,130,25,921.62,0,0,CMP0231
SCH072,2021-08-01 00:00:00,5,395,15,666.24,1,0,CMP0232
SCH072,2021-09-01 00:00:00,6,246,30,891.73,2,0,CMP0233
SCH072,2021-10-01 00:00:00,5,235,15,359.92,1,0,CMP0234
SCH072,2021-11-01 00:00:00,4,100,12,189.37,0,0,CMP0235
SCH072,2021-12-01 00:00:00,4,260,8,96.1,1,0,CMP0236
SCH072,2022-01-01 00:00:00,5,105,10,387.9,1,0,CMP0237
SCH072,2022-02-01 00:00:00,5,295,20,425.11,0,0,CMP0238
SCH072,2022-03-01 00:00:00,9,468,27,313.25,1,0,CMP0239
SCH072,2022-04-01 00:00:00,6,192,30,925.67,2,0,CMP0240
SCH072,2022-05-01 00:00:00,6,132,30,1240.35,2,0,CMP0241
SCH072,2022-06-01 00:00:00,6,384,12,147.49,1,0,CMP0242
SCH072,2022-07-01 00:00:00,5,325,10,263.39,2,0,CMP0243
SCH072,2022-08-01 00:00:00,5,100,35,1139.12,0,0,CMP0244
SCH072,2022-09-01 00:00:00,2,102,10,158.34,0,0,CMP0245
SCH072,2022-10-01 00:00:00,2,128,12,508.22,0,0,CMP0246
SCH072,2022-11-01 00:00:00,6,132,24,484.56,1,0,CMP0247
SCH072,2022-12-01 00:00:00,3,72,6,194.11,1,0,CMP0248
SCH072,2023-01-01 00:00:00,6,204,12,102.48,1,0,CMP0249
SCH072,2023-02-01 00:00:00,3,207,9,302.98,0,0,CMP0250
SCH072,2023-03-01 00:00:00,3,147,9,370.1,0,0,CMP0251
SCH072,2023-04-01 00:00:00,4,128,16,263.23,0,0,CMP0252
SCH072,2023-05-01 00:00:00,11,627,55,1651.09,3,0,CMP0253
SCH072,2023-06-01 00:00:00,1,36,2,43.64,0,0,CMP0254
SCH072,2023-07-01 00:00:00,7,266,49,1556.19,2,0,CMP0255
SCH072,2023-08-01 00:00:00,5,375,25,697.2,0,0,CMP0256
SCH072,2023-09-01 00:00:00,3,201,6,265.91,1,0,CMP0257
SCH072,2023-10-01 00:00:00,5,185,30,1156.2,1,0,CMP0258
SCH072,2023-11-01 00:00:00,4,248,20,578.94,0,0,CMP0259
SCH072,2023-12-01 00:00:00,9,549,18,425.34,3,0,CMP0260
SCH072,2024-01-01 00:00:00,3,99,9,98.52,0,0,CMP0261
SCH072,2024-02-01 00:00:00,2,122,6,163.48,0,0,CMP0262
SCH072,2024-03-01 00:00:00,11,484,55,851.58,4,2,CMP0263
SCH072,2024-04-01 00:00:00,6,132,42,543.46,2,0,CMP0264
SCH072,2024-05-01 00:00:00,7,364,35,442.14,1,0,CMP0265
SCH072,2024-06-01 00:00:00,4,284,20,639.73,1,0,CMP0266
SCH072,2024-07-01 00:00:00,1,44,7,292.86,0,0,CMP0267
SCH072,2024-08-01 00:00:00,5,110,15,551.23,2,0,CMP0268
SCH072,2024-09-01 00:00:00,6,126,30,1178.82,1,0,CMP0269
SCH072,2024-10-01 00:00:00,6,384,24,195.83,2,0,CMP0270
SCH072,2024-11-01 00:00:00,6,240,18,730.23,0,0,CMP0271
SCH072,2024-12-01 00:00:00,1,35,5,213.09,0,0,CMP0272
SCH072,2025-01-01 00:00:00,4,268,16,543.37,1,0,CMP0273
SCH072,2025-02-01 00:00:00,2,100,12,484.84,0,0,CMP0274
SCH072,2025-03-01 00:00:00,3,201,18,411.19,0,0,CMP0275
SCH072,2025-04-01 00:00:00,5,160,15,448.41,1,0,CMP0276
SCH072,2025-05-01 00:00:00,5,225,25,513.83,1,0,CMP0277
SCH072,2025-06-01 00:00:00,4,108,12,524.15,0,0,CMP0278
SCH072,2025-07-01 00:00:00,4,228,8,152.48,1,0,CMP0279
SCH072,2025-08-01 00:00:00,2,100,12,536.55,0,0,CMP0280
SCH072,2025-09-01 00:00:00,6,408,42,758.18,2,0,CMP0281
SCH072,2025-10-01 00:00:00,7,497,14,118.61,2,1,CMP0282
SCH072,2025-11-01 00:00:00,1,42,3,30.63,0,0,CMP0283
SCH072,2025-12-01 00:00:00,3,78,21,828.45,0,0,CMP0284
SCH072,2026-01-01 00:00:00,6,366,18,162.91,1,0,CMP0285
SCH072,2026-02-01 00:00:00,7,532,28,1052.59,1,0,CMP0286
SCH072,2026-03-01 00:00:00,3,147,9,288.5,1,0,CMP0287
SCH072,2026-04-01 00:00:00,3,117,6,50,1,0,CMP0288
SCH072,2026-05-01 00:00:00,3,165,15,580.97,0,0,CMP0289
SCH072,2026-06-01 00:00:00,7,357,28,960.52,1,0,CMP0290
SCH072,2026-07-01 00:00:00,5,220,20,602.66,2,0,CMP0291
SCH073,2021-01-01 00:00:00,7,210,49,1938.62,1,0,CMP0292
SCH073,2021-02-01 00:00:00,2,84,4,125.07,0,0,CMP0293
SCH073,2021-03-01 00:00:00,7,469,42,1314.47,1,0,CMP0294
SCH073,2021-04-01 00:00:00,6,270,42,1104.31,2,1,CMP0295
SCH073,2021-05-01 00:00:00,3,144,21,796.88,0,0,CMP0296
SCH073,2021-06-01 00:00:00,6,324,12,357.97,2,0,CMP0297
SCH073,2021-07-01 00:00:00,4,132,28,518.4,1,0,CMP0298
SCH073,2021-08-01 00:00:00,3,168,21,767.08,0,0,CMP0299
SCH073,2021-09-01 00:00:00,2,48,10,87.95,0,0,CMP0300
SCH073,2021-10-01 00:00:00,5,365,30,808.36,1,0,CMP0001
SCH073,2021-11-01 00:00:00,1,66,7,256.91,0,0,CMP0002
SCH073,2021-12-01 00:00:00,3,204,21,867.93,0,0,CMP0003
SCH073,2022-01-01 00:00:00,7,196,42,1059.61,3,1,CMP0004
SCH073,2022-02-01 00:00:00,5,320,15,480.57,2,1,CMP0005
SCH073,2022-03-01 00:00:00,4,124,8,306.51,1,0,CMP0006
SCH073,2022-04-01 00:00:00,3,60,21,279.49,0,0,CMP0007
SCH073,2022-05-01 00:00:00,6,186,24,192.43,2,0,CMP0008
SCH073,2022-06-01 00:00:00,4,308,12,517.03,1,0,CMP0009
SCH073,2022-07-01 00:00:00,7,483,14,618.72,1,0,CMP0010
SCH073,2022-08-01 00:00:00,8,472,56,1977.69,3,1,CMP0011
SCH073,2022-09-01 00:00:00,8,304,48,620.56,1,0,CMP0012
SCH073,2022-10-01 00:00:00,5,265,35,662.03,1,0,CMP0013
SCH073,2022-11-01 00:00:00,2,82,8,165.49,0,0,CMP0014
SCH073,2022-12-01 00:00:00,2,90,6,184.07,0,0,CMP0015
SCH073,2023-01-01 00:00:00,6,198,30,622.59,2,0,CMP0016
SCH073,2023-02-01 00:00:00,5,325,10,262.43,1,0,CMP0017
SCH073,2023-03-01 00:00:00,4,276,28,324.16,1,0,CMP0018
SCH073,2023-04-01 00:00:00,5,140,20,534.54,2,0,CMP0019
SCH073,2023-05-01 00:00:00,5,385,20,861.01,1,0,CMP0020
SCH073,2023-06-01 00:00:00,6,288,36,1356.91,2,1,CMP0021
SCH073,2023-07-01 00:00:00,2,108,4,56.28,0,0,CMP0022
SCH073,2023-08-01 00:00:00,3,141,18,550.78,0,0,CMP0023
SCH073,2023-09-01 00:00:00,6,390,36,736.68,2,0,CMP0024
SCH073,2023-10-01 00:00:00,5,185,35,605.33,1,0,CMP0025
SCH073,2023-11-01 00:00:00,4,152,24,1014.23,1,0,CMP0026
SCH073,2023-12-01 00:00:00,2,60,14,119.31,0,0,CMP0027
SCH073,2024-01-01 00:00:00,5,155,30,875.68,0,0,CMP0028
SCH073,2024-02-01 00:00:00,2,42,12,305.02,0,0,CMP0029
SCH073,2024-03-01 00:00:00,4,292,28,1093.49,0,0,CMP0030
SCH073,2024-04-01 00:00:00,8,232,16,585.59,2,0,CMP0031
SCH073,2024-05-01 00:00:00,9,423,27,238.37,2,0,CMP0032
SCH073,2024-06-01 00:00:00,6,426,30,707.35,1,0,CMP0033
SCH073,2024-07-01 00:00:00,5,345,15,605.66,2,0,CMP0034
SCH073,2024-08-01 00:00:00,5,290,35,1345.15,0,0,CMP0035
SCH073,2024-09-01 00:00:00,2,144,8,135.64,0,0,CMP0036
SCH073,2024-10-01 00:00:00,4,184,24,1024.14,1,0,CMP0037
SCH073,2024-11-01 00:00:00,6,366,12,262.53,2,1,CMP0038
SCH073,2024-12-01 00:00:00,3,108,18,637.51,0,0,CMP0039
SCH073,2025-01-01 00:00:00,3,141,18,302.51,1,0,CMP0040
SCH073,2025-02-01 00:00:00,6,294,36,396.37,2,0,CMP0041
SCH073,2025-03-01 00:00:00,8,392,40,807.95,1,0,CMP0042
SCH073,2025-04-01 00:00:00,6,234,12,438.95,1,0,CMP0043
SCH073,2025-05-01 00:00:00,4,84,28,282.44,1,0,CMP0044
SCH073,2025-06-01 00:00:00,3,87,18,493.68,1,0,CMP0045
SCH073,2025-07-01 00:00:00,4,264,12,408.45,1,0,CMP0046
SCH073,2025-08-01 00:00:00,5,165,35,808.3,1,0,CMP0047
SCH073,2025-09-01 00:00:00,6,240,42,1673.02,1,0,CMP0048
SCH073,2025-10-01 00:00:00,4,300,16,312.11,1,0,CMP0049
SCH073,2025-11-01 00:00:00,4,232,24,463.91,1,0,CMP0050
SCH073,2025-12-01 00:00:00,8,248,40,1722.41,3,1,CMP0051
SCH073,2026-01-01 00:00:00,5,235,15,179.94,0,0,CMP0052
SCH073,2026-02-01 00:00:00,11,352,33,988.82,3,0,CMP0053
SCH073,2026-03-01 00:00:00,5,350,25,393.98,2,0,CMP0054
SCH073,2026-04-01 00:00:00,4,156,20,876.82,0,0,CMP0055
SCH073,2026-05-01 00:00:00,2,126,12,515.65,0,0,CMP0056
SCH073,2026-06-01 00:00:00,11,858,33,418.35,2,1,CMP0057
SCH073,2026-07-01 00:00:00,5,295,10,121.4,0,0,CMP0058
SCH074,2021-01-01 00:00:00,5,145,25,945.54,2,0,CMP0059
SCH074,2021-02-01 00:00:00,8,544,24,932.79,2,0,CMP0060
SCH074,2021-03-01 00:00:00,3,186,9,359.37,0,0,CMP0061
SCH074,2021-04-01 00:00:00,7,280,49,1854.04,2,0,CMP0062
SCH074,2021-05-01 00:00:00,8,520,32,1096.39,1,0,CMP0063
SCH074,2021-06-01 00:00:00,3,66,12,461.64,0,0,CMP0064
SCH074,2021-07-01 00:00:00,3,144,15,462.17,0,0,CMP0065
SCH074,2021-08-01 00:00:00,5,290,30,1103.41,1,0,CMP0066
SCH074,2021-10-01 00:00:00,3,195,12,193.93,0,0,CMP0067
SCH074,2021-11-01 00:00:00,4,212,12,520.23,0,0,CMP0068
SCH074,2021-12-01 00:00:00,3,198,9,78.21,0,0,CMP0069
SCH074,2022-01-01 00:00:00,8,632,24,674,3,1,CMP0070
SCH074,2022-02-01 00:00:00,3,108,21,932.53,1,0,CMP0071
SCH074,2022-03-01 00:00:00,2,72,6,69.34,0,0,CMP0072
SCH074,2022-04-01 00:00:00,4,144,28,1171.09,1,0,CMP0073
SCH074,2022-05-01 00:00:00,2,130,4,69.64,0,0,CMP0074
SCH074,2022-07-01 00:00:00,10,500,40,1724.51,3,1,CMP0075
SCH074,2022-08-01 00:00:00,7,147,28,550.01,2,0,CMP0076
SCH074,2022-09-01 00:00:00,6,294,42,1127.61,0,0,CMP0077
SCH074,2022-10-01 00:00:00,2,84,8,132.7,0,0,CMP0078
SCH074,2022-11-01 00:00:00,5,150,10,344.53,1,0,CMP0079
SCH074,2022-12-01 00:00:00,5,105,35,525.87,1,0,CMP0080
SCH074,2023-01-01 00:00:00,6,258,30,912.59,1,0,CMP0081
SCH074,2023-02-01 00:00:00,5,280,25,882.46,1,0,CMP0082
SCH074,2023-03-01 00:00:00,6,438,24,512.26,2,0,CMP0083
SCH074,2023-04-01 00:00:00,4,308,12,502.59,0,0,CMP0084
SCH074,2023-05-01 00:00:00,2,40,12,188.15,0,0,CMP0085
SCH074,2023-06-01 00:00:00,9,450,63,996.49,4,0,CMP0086
SCH074,2023-07-01 00:00:00,1,22,2,16.74,0,0,CMP0087
SCH074,2023-08-01 00:00:00,3,105,15,156.11,1,0,CMP0088
SCH074,2023-09-01 00:00:00,2,154,8,192.07,0,0,CMP0089
SCH074,2023-10-01 00:00:00,3,102,12,468.66,1,0,CMP0090
SCH074,2023-11-01 00:00:00,5,260,35,422.01,0,0,CMP0091
SCH074,2023-12-01 00:00:00,6,354,18,322.17,1,0,CMP0092
SCH074,2024-01-01 00:00:00,4,84,24,750.52,0,0,CMP0093
SCH074,2024-02-01 00:00:00,7,413,42,1289.79,2,0,CMP0094
SCH074,2024-03-01 00:00:00,5,145,20,836.82,1,0,CMP0095
SCH074,2024-04-01 00:00:00,5,335,10,192.97,1,0,CMP0096
SCH074,2024-05-01 00:00:00,4,276,16,533.17,0,0,CMP0097
SCH074,2024-06-01 00:00:00,5,220,35,842.89,1,0,CMP0098
SCH074,2024-07-01 00:00:00,6,174,18,432.16,1,0,CMP0099
SCH074,2024-08-01 00:00:00,4,164,8,353.16,0,0,CMP0100
SCH074,2024-09-01 00:00:00,3,216,15,420.16,0,0,CMP0101
SCH074,2024-10-01 00:00:00,4,248,8,65.09,1,0,CMP0102
SCH074,2024-11-01 00:00:00,2,40,12,303.51,0,0,CMP0103
SCH074,2024-12-01 00:00:00,5,190,35,592.75,2,0,CMP0104
SCH074,2025-01-01 00:00:00,4,196,28,841.07,1,0,CMP0105
SCH074,2025-02-01 00:00:00,9,333,63,2687.47,2,0,CMP0106
SCH074,2025-03-01 00:00:00,2,132,10,191.97,0,0,CMP0107
SCH074,2025-04-01 00:00:00,6,126,24,871.79,2,0,CMP0108
SCH074,2025-05-01 00:00:00,5,300,35,699.96,1,0,CMP0109
SCH074,2025-06-01 00:00:00,5,215,25,209.49,2,1,CMP0110
SCH074,2025-07-01 00:00:00,4,276,12,480.44,1,0,CMP0111
SCH074,2025-08-01 00:00:00,6,180,12,204.07,2,0,CMP0112
SCH074,2025-09-01 00:00:00,3,78,15,580.95,1,0,CMP0113
SCH074,2025-10-01 00:00:00,3,138,12,539.27,1,0,CMP0114
SCH074,2025-11-01 00:00:00,4,80,12,120.73,1,0,CMP0115
SCH074,2025-12-01 00:00:00,2,82,6,227.3,0,0,CMP0116
SCH074,2026-01-01 00:00:00,2,142,6,114.63,0,0,CMP0117
SCH074,2026-02-01 00:00:00,7,434,21,806.78,2,0,CMP0118
SCH074,2026-03-01 00:00:00,5,160,20,653.25,1,0,CMP0119
SCH074,2026-04-01 00:00:00,6,156,18,801.22,1,0,CMP0120
SCH074,2026-05-01 00:00:00,7,154,42,1241.72,1,0,CMP0121
SCH074,2026-06-01 00:00:00,3,81,15,244.96,0,0,CMP0122
SCH074,2026-07-01 00:00:00,4,268,20,498.39,0,0,CMP0123
SCH075,2021-01-01 00:00:00,2,94,4,137.68,0,0,CMP0124
SCH075,2021-02-01 00:00:00,2,112,8,288.06,0,0,CMP0125
SCH075,2021-03-01 00:00:00,6,468,24,1032.02,1,0,CMP0126
SCH075,2021-04-01 00:00:00,7,476,28,1219.11,1,0,CMP0127
SCH075,2021-05-01 00:00:00,6,300,42,933.3,2,0,CMP0128
SCH075,2021-06-01 00:00:00,6,234,30,751.03,1,0,CMP0129
SCH075,2021-07-01 00:00:00,5,365,35,1084.7,0,0,CMP0130
SCH075,2021-08-01 00:00:00,9,504,45,838.38,3,1,CMP0131
SCH075,2021-09-01 00:00:00,4,260,24,192.63,1,0,CMP0132
SCH075,2021-10-01 00:00:00,6,402,30,1277.72,2,0,CMP0133
SCH075,2021-11-01 00:00:00,6,138,30,738.04,2,0,CMP0134
SCH075,2021-12-01 00:00:00,4,100,16,627.44,0,0,CMP0135
SCH075,2022-01-01 00:00:00,7,336,28,1009.5,2,1,CMP0136
SCH075,2022-02-01 00:00:00,1,57,5,196.51,0,0,CMP0137
SCH075,2022-03-01 00:00:00,7,504,42,1006.91,2,0,CMP0138
SCH075,2022-04-01 00:00:00,3,225,18,521.05,0,0,CMP0139
SCH075,2022-05-01 00:00:00,4,216,12,140.49,1,0,CMP0140
SCH075,2022-06-01 00:00:00,7,532,35,821.21,1,0,CMP0141
SCH075,2022-07-01 00:00:00,8,384,56,776.67,2,0,CMP0142
SCH075,2022-08-01 00:00:00,5,370,30,1207.89,0,0,CMP0143
SCH075,2022-09-01 00:00:00,7,343,28,848.84,2,0,CMP0144
SCH075,2022-10-01 00:00:00,5,330,35,677.61,1,0,CMP0145
SCH075,2022-11-01 00:00:00,9,531,45,477.57,2,0,CMP0146
SCH075,2022-12-01 00:00:00,5,320,35,1154.44,1,0,CMP0147
SCH075,2023-01-01 00:00:00,3,213,18,341.81,0,0,CMP0148
SCH075,2023-02-01 00:00:00,3,105,21,313.83,1,0,CMP0149
SCH075,2023-03-01 00:00:00,3,102,6,100.9,1,0,CMP0150
SCH075,2023-04-01 00:00:00,1,23,6,196.99,0,0,CMP0151
SCH075,2023-05-01 00:00:00,4,264,20,836.94,0,0,CMP0152
SCH075,2023-06-01 00:00:00,8,256,40,978.2,3,0,CMP0153
SCH075,2023-07-01 00:00:00,5,260,10,379.11,1,0,CMP0154
SCH075,2023-08-01 00:00:00,5,180,10,445.98,1,0,CMP0155
SCH075,2023-09-01 00:00:00,10,760,70,1183.96,3,1,CMP0156
SCH075,2023-10-01 00:00:00,5,290,10,374.8,1,0,CMP0157
SCH075,2023-11-01 00:00:00,5,270,25,862.73,1,0,CMP0158
SCH075,2023-12-01 00:00:00,2,42,10,178.21,0,0,CMP0159
SCH075,2024-01-01 00:00:00,4,188,12,347.43,1,0,CMP0160
SCH075,2024-02-01 00:00:00,3,216,18,371.46,1,0,CMP0161
SCH075,2024-03-01 00:00:00,6,174,18,420.13,1,0,CMP0162
SCH075,2024-04-01 00:00:00,6,408,12,323.83,2,0,CMP0163
SCH075,2024-05-01 00:00:00,3,165,9,361.9,0,0,CMP0164
SCH075,2024-06-01 00:00:00,4,164,20,193.43,0,0,CMP0165
SCH075,2024-07-01 00:00:00,7,357,14,223.82,2,0,CMP0166
SCH075,2024-08-01 00:00:00,7,196,35,1064.28,2,0,CMP0167
SCH075,2024-09-01 00:00:00,3,78,12,463.97,1,0,CMP0168
SCH075,2024-10-01 00:00:00,8,448,48,491.19,2,0,CMP0169
SCH075,2024-11-01 00:00:00,4,232,8,358.47,1,0,CMP0170
SCH075,2024-12-01 00:00:00,5,230,25,357.93,1,0,CMP0171
SCH075,2025-01-01 00:00:00,5,345,10,345.78,1,0,CMP0172
SCH075,2025-02-01 00:00:00,3,99,15,485.15,1,0,CMP0173
SCH075,2025-03-01 00:00:00,9,270,27,889.3,3,0,CMP0174
SCH075,2025-04-01 00:00:00,4,304,16,340.48,1,0,CMP0175
SCH075,2025-05-01 00:00:00,2,122,6,117.74,0,0,CMP0176
SCH075,2025-06-01 00:00:00,5,380,10,154.27,1,0,CMP0177
SCH075,2025-07-01 00:00:00,3,117,15,420.06,0,0,CMP0178
SCH075,2025-08-01 00:00:00,3,114,12,172.25,1,0,CMP0179
SCH075,2025-09-01 00:00:00,10,280,70,1220.1,1,0,CMP0180
SCH075,2025-11-01 00:00:00,5,260,20,378.83,1,0,CMP0181
SCH075,2025-12-01 00:00:00,7,259,49,1062.31,1,0,CMP0182
SCH075,2026-01-01 00:00:00,5,355,10,262.18,1,0,CMP0183
SCH075,2026-02-01 00:00:00,6,162,12,419.4,2,0,CMP0184
SCH075,2026-03-01 00:00:00,3,183,18,730.1,1,0,CMP0185
SCH075,2026-04-01 00:00:00,3,81,21,259.69,1,0,CMP0186
SCH075,2026-05-01 00:00:00,4,84,8,150.78,1,0,CMP0187
SCH075,2026-06-01 00:00:00,4,136,16,657.25,1,0,CMP0188
SCH075,2026-07-01 00:00:00,6,156,30,1132.14,2,0,CMP0189
SCH076,2021-01-01 00:00:00,8,256,48,1624.23,1,0,CMP0190
SCH076,2021-02-01 00:00:00,3,228,21,217.96,0,0,CMP0191
SCH076,2021-03-01 00:00:00,6,348,24,501.15,2,0,CMP0192
SCH076,2021-04-01 00:00:00,5,140,25,740.17,1,0,CMP0193
SCH076,2021-05-01 00:00:00,7,385,14,125,1,0,CMP0194
SCH076,2021-06-01 00:00:00,2,62,6,175.24,0,0,CMP0195
SCH076,2021-07-01 00:00:00,7,161,42,953.74,1,0,CMP0196
SCH076,2021-08-01 00:00:00,5,165,15,140.59,1,0,CMP0197
SCH076,2021-09-01 00:00:00,5,225,25,501.05,1,0,CMP0198
SCH076,2021-10-01 00:00:00,4,216,8,269.02,0,0,CMP0199
SCH076,2021-11-01 00:00:00,3,63,21,830.57,0,0,CMP0200
SCH076,2021-12-01 00:00:00,4,220,24,443.74,1,0,CMP0201
SCH076,2022-01-01 00:00:00,4,304,28,531.54,1,0,CMP0202
SCH076,2022-02-01 00:00:00,2,150,12,432.2,0,0,CMP0203
SCH076,2022-03-01 00:00:00,3,135,15,152.92,0,0,CMP0204
SCH076,2022-04-01 00:00:00,2,144,10,270.78,0,0,CMP0205
SCH076,2022-05-01 00:00:00,3,123,15,324.89,0,0,CMP0206
SCH076,2022-06-01 00:00:00,4,116,16,246.92,1,0,CMP0207
SCH076,2022-07-01 00:00:00,5,165,25,715.14,1,0,CMP0208
SCH076,2022-08-01 00:00:00,3,165,12,387.87,0,0,CMP0209
SCH076,2022-09-01 00:00:00,6,150,12,99.51,2,0,CMP0210
SCH076,2022-10-01 00:00:00,2,122,10,123.73,0,0,CMP0211
SCH076,2022-11-01 00:00:00,5,380,10,222.98,1,0,CMP0212
SCH076,2022-12-01 00:00:00,1,31,7,195.58,0,0,CMP0213
SCH076,2023-01-01 00:00:00,3,174,6,105.2,0,0,CMP0214
SCH076,2023-02-01 00:00:00,7,336,14,553.65,2,0,CMP0215
SCH076,2023-03-01 00:00:00,8,432,32,1066.26,2,1,CMP0216
SCH076,2023-04-01 00:00:00,8,368,24,785.7,1,0,CMP0217
SCH076,2023-05-01 00:00:00,3,78,12,191.66,1,0,CMP0218
SCH076,2023-06-01 00:00:00,6,462,24,871.54,2,0,CMP0219
SCH076,2023-07-01 00:00:00,8,328,32,791.14,1,0,CMP0220
SCH076,2023-08-01 00:00:00,3,207,9,94.47,0,0,CMP0221
SCH076,2023-09-01 00:00:00,4,168,12,279.3,1,0,CMP0222
SCH076,2023-10-01 00:00:00,4,304,20,192.13,1,0,CMP0223
SCH076,2023-11-01 00:00:00,6,204,42,919.54,1,0,CMP0224
SCH076,2023-12-01 00:00:00,6,462,18,359.01,1,0,CMP0225
SCH076,2024-01-01 00:00:00,6,306,24,717.91,2,0,CMP0226
SCH076,2024-02-01 00:00:00,3,213,6,90.55,0,0,CMP0227
SCH076,2024-03-01 00:00:00,6,186,42,681.18,2,0,CMP0228
SCH076,2024-04-01 00:00:00,4,116,28,832.15,1,0,CMP0229
SCH076,2024-05-01 00:00:00,2,158,12,434.67,0,0,CMP0230
SCH076,2024-06-01 00:00:00,4,260,28,585.37,1,0,CMP0231
SCH076,2024-07-01 00:00:00,7,322,35,707.63,3,0,CMP0232
SCH076,2024-08-01 00:00:00,3,225,6,101.46,0,0,CMP0233
SCH076,2024-09-01 00:00:00,5,350,15,262.36,0,0,CMP0234
SCH076,2024-10-01 00:00:00,5,230,20,749.82,1,0,CMP0235
SCH076,2024-11-01 00:00:00,8,216,40,368.61,3,1,CMP0236
SCH076,2024-12-01 00:00:00,4,124,20,846.55,1,0,CMP0237
SCH076,2025-01-01 00:00:00,2,158,4,70.37,0,0,CMP0238
SCH076,2025-02-01 00:00:00,4,264,16,291.88,0,0,CMP0239
SCH076,2025-03-01 00:00:00,2,66,6,86.42,0,0,CMP0240
SCH076,2025-04-01 00:00:00,3,216,21,803.67,1,0,CMP0241
SCH076,2025-05-01 00:00:00,6,222,30,491.72,1,0,CMP0242
SCH076,2025-06-01 00:00:00,4,204,20,435.16,1,0,CMP0243
SCH076,2025-07-01 00:00:00,10,640,70,2165.96,4,1,CMP0244
SCH076,2025-08-01 00:00:00,3,87,21,659.35,1,0,CMP0245
SCH076,2025-09-01 00:00:00,3,144,9,141.35,0,0,CMP0246
SCH076,2025-10-01 00:00:00,6,156,36,587.59,2,1,CMP0247
SCH076,2025-11-01 00:00:00,8,504,24,935.58,1,0,CMP0248
SCH076,2025-12-01 00:00:00,6,300,12,158.38,2,0,CMP0249
SCH076,2026-01-01 00:00:00,8,584,56,2437.31,3,1,CMP0250
SCH076,2026-02-01 00:00:00,5,240,10,171.56,1,0,CMP0251
SCH076,2026-03-01 00:00:00,4,184,8,145.84,0,0,CMP0252
SCH076,2026-04-01 00:00:00,6,276,36,713.15,1,0,CMP0253
SCH076,2026-06-01 00:00:00,4,132,28,1128.14,1,0,CMP0254
SCH076,2026-07-01 00:00:00,6,408,12,478.17,1,0,CMP0255
SCH077,2021-01-01 00:00:00,5,110,10,312.06,1,0,CMP0256
SCH077,2021-02-01 00:00:00,3,198,21,548.49,0,0,CMP0257
SCH077,2021-03-01 00:00:00,6,468,24,1042.86,1,0,CMP0258
SCH077,2021-04-01 00:00:00,4,168,12,233.68,0,0,CMP0259
SCH077,2021-05-01 00:00:00,9,567,18,754.51,3,0,CMP0260
SCH077,2021-06-01 00:00:00,6,120,12,123.26,2,0,CMP0261
SCH077,2021-07-01 00:00:00,6,360,12,247.27,2,0,CMP0262
SCH077,2021-08-01 00:00:00,8,224,32,536.37,2,0,CMP0263
SCH077,2021-09-01 00:00:00,3,207,18,350.53,0,0,CMP0264
SCH077,2021-10-01 00:00:00,2,78,14,214.49,0,0,CMP0265
SCH077,2021-11-01 00:00:00,8,424,24,252.24,2,1,CMP0266
SCH077,2021-12-01 00:00:00,5,190,25,994.56,2,0,CMP0267
SCH077,2022-01-01 00:00:00,5,295,35,1457.45,2,0,CMP0268
SCH077,2022-02-01 00:00:00,4,196,28,476.41,1,0,CMP0269
SCH077,2022-03-01 00:00:00,4,108,8,67.03,0,0,CMP0270
SCH077,2022-04-01 00:00:00,5,260,30,875.49,1,0,CMP0271
SCH077,2022-05-01 00:00:00,3,135,18,325.1,1,0,CMP0272
SCH077,2022-06-01 00:00:00,4,220,20,820.99,0,0,CMP0273
SCH077,2022-07-01 00:00:00,5,175,25,258.64,1,0,CMP0274
SCH077,2022-08-01 00:00:00,3,135,9,266.22,1,0,CMP0275
SCH077,2022-09-01 00:00:00,2,158,6,233.57,0,0,CMP0276
SCH077,2022-10-01 00:00:00,3,195,6,178.03,1,0,CMP0277
SCH077,2022-11-01 00:00:00,5,270,10,404.79,1,0,CMP0278
SCH077,2022-12-01 00:00:00,5,185,35,1421.86,2,0,CMP0279
SCH077,2023-01-01 00:00:00,8,400,24,423.47,1,0,CMP0280
SCH077,2023-02-01 00:00:00,5,330,25,1115.39,1,0,CMP0281
SCH077,2023-03-01 00:00:00,4,120,12,129.8,1,0,CMP0282
SCH077,2023-04-01 00:00:00,4,204,20,668.55,1,0,CMP0283
SCH077,2023-05-01 00:00:00,3,102,18,349.64,1,0,CMP0284
SCH077,2023-06-01 00:00:00,3,213,18,180.55,0,0,CMP0285
SCH077,2023-07-01 00:00:00,3,180,9,157.37,0,0,CMP0286
SCH077,2023-08-01 00:00:00,9,684,18,458.97,3,1,CMP0287
SCH077,2023-09-01 00:00:00,2,64,12,497.3,0,0,CMP0288
SCH077,2023-10-01 00:00:00,7,525,35,1075.09,2,0,CMP0289
SCH077,2023-11-01 00:00:00,2,80,14,164.75,0,0,CMP0290
SCH077,2023-12-01 00:00:00,3,105,6,76.84,1,0,CMP0291
SCH077,2024-01-01 00:00:00,1,38,5,75.39,0,0,CMP0292
SCH077,2024-02-01 00:00:00,4,136,20,622.99,0,0,CMP0293
SCH077,2024-03-01 00:00:00,7,364,21,741.52,1,0,CMP0294
SCH077,2024-04-01 00:00:00,1,21,2,60.7,0,0,CMP0295
SCH077,2024-05-01 00:00:00,6,252,18,153.84,2,0,CMP0296
SCH077,2024-06-01 00:00:00,2,90,12,497.04,0,0,CMP0297
SCH077,2024-07-01 00:00:00,4,244,12,132.06,1,0,CMP0298
SCH077,2024-08-01 00:00:00,11,759,77,1170.17,4,2,CMP0299
SCH077,2024-09-01 00:00:00,2,82,14,388.17,0,0,CMP0300
SCH077,2024-10-01 00:00:00,3,195,6,148.54,0,0,CMP0001
SCH077,2024-11-01 00:00:00,7,231,42,1208.17,1,0,CMP0002
SCH077,2024-12-01 00:00:00,8,304,16,629.73,1,0,CMP0003
SCH077,2025-01-01 00:00:00,4,104,12,460.83,1,0,CMP0004
SCH077,2025-02-01 00:00:00,6,444,30,581.58,0,0,CMP0005
SCH077,2025-03-01 00:00:00,5,110,35,1374.43,1,0,CMP0006
SCH077,2025-04-01 00:00:00,1,69,4,165.59,0,0,CMP0007
SCH077,2025-05-01 00:00:00,3,153,15,175.92,0,0,CMP0008
SCH077,2025-06-01 00:00:00,11,418,22,853.91,2,0,CMP0009
SCH077,2025-07-01 00:00:00,8,424,56,1667.27,2,0,CMP0010
SCH077,2025-08-01 00:00:00,3,120,15,196.38,1,0,CMP0011
SCH077,2025-09-01 00:00:00,5,225,30,1133.67,1,0,CMP0012
SCH077,2025-10-01 00:00:00,6,426,36,805.44,2,0,CMP0013
SCH077,2025-11-01 00:00:00,4,192,8,332.97,0,0,CMP0014
SCH077,2025-12-01 00:00:00,2,146,6,48.8,0,0,CMP0015
SCH077,2026-01-01 00:00:00,3,177,21,251.26,0,0,CMP0016
SCH077,2026-02-01 00:00:00,6,426,12,152.74,2,0,CMP0017
SCH077,2026-03-01 00:00:00,6,174,30,1310.3,1,0,CMP0018
SCH077,2026-04-01 00:00:00,4,152,24,611.34,1,0,CMP0019
SCH077,2026-05-01 00:00:00,9,504,54,985.48,3,0,CMP0020
SCH077,2026-06-01 00:00:00,6,426,42,365.75,2,0,CMP0021
SCH077,2026-07-01 00:00:00,4,112,12,246.29,0,0,CMP0022
SCH078,2021-01-01 00:00:00,8,456,16,321.79,1,0,CMP0023
SCH078,2021-02-01 00:00:00,5,175,30,1153.82,2,0,CMP0024
SCH078,2021-03-01 00:00:00,4,84,8,265.68,1,0,CMP0025
SCH078,2021-04-01 00:00:00,5,105,30,807.68,1,0,CMP0026
SCH078,2021-05-01 00:00:00,4,248,28,1223.35,0,0,CMP0027
SCH078,2021-06-01 00:00:00,4,284,28,458.38,1,0,CMP0028
SCH078,2021-07-01 00:00:00,5,355,35,386.55,0,0,CMP0029
SCH078,2021-08-01 00:00:00,7,308,35,1210.36,2,0,CMP0030
SCH078,2021-09-01 00:00:00,8,504,16,328.48,3,1,CMP0031
SCH078,2021-10-01 00:00:00,6,192,18,581.03,1,0,CMP0032
SCH078,2021-11-01 00:00:00,3,99,12,394.08,0,0,CMP0033
SCH078,2021-12-01 00:00:00,5,365,10,335.9,1,0,CMP0034
SCH078,2022-01-01 00:00:00,6,420,24,408.32,1,0,CMP0035
SCH078,2022-02-01 00:00:00,4,192,24,563.86,0,0,CMP0036
SCH078,2022-03-01 00:00:00,6,390,42,935.73,0,0,CMP0037
SCH078,2022-04-01 00:00:00,5,290,10,387.48,1,0,CMP0038
SCH078,2022-05-01 00:00:00,4,196,24,895.08,1,0,CMP0039
SCH078,2022-06-01 00:00:00,3,111,15,242.47,0,0,CMP0040
SCH078,2022-07-01 00:00:00,12,252,48,1925,2,1,CMP0041
SCH078,2022-08-01 00:00:00,6,174,12,480.76,1,0,CMP0042
SCH078,2022-09-01 00:00:00,8,176,32,985.37,3,0,CMP0043
SCH078,2022-10-01 00:00:00,6,432,30,1275.07,1,0,CMP0044
SCH078,2022-11-01 00:00:00,7,511,35,1553.16,2,1,CMP0045
SCH078,2022-12-01 00:00:00,3,210,12,442.49,1,0,CMP0046
SCH078,2023-01-01 00:00:00,2,66,14,241.3,0,0,CMP0047
SCH078,2023-02-01 00:00:00,3,222,21,440.66,0,0,CMP0048
SCH078,2023-03-01 00:00:00,7,497,28,801,1,0,CMP0049
SCH078,2023-04-01 00:00:00,6,378,12,512.45,1,0,CMP0050
SCH078,2023-05-01 00:00:00,6,138,18,152.12,1,0,CMP0051
SCH078,2023-06-01 00:00:00,6,216,12,355.03,1,0,CMP0052
SCH078,2023-07-01 00:00:00,3,111,15,381.28,0,0,CMP0053
SCH078,2023-08-01 00:00:00,2,68,6,144.42,0,0,CMP0054
SCH078,2023-09-01 00:00:00,5,145,15,465.42,1,0,CMP0055
SCH078,2023-10-01 00:00:00,3,114,21,670.51,0,0,CMP0056
SCH078,2023-11-01 00:00:00,4,256,16,429.83,0,0,CMP0057
SCH078,2023-12-01 00:00:00,2,96,14,360.09,0,0,CMP0058
SCH078,2024-01-01 00:00:00,2,142,14,127.27,0,0,CMP0059
SCH078,2024-02-01 00:00:00,5,135,10,336.04,1,0,CMP0060
SCH078,2024-03-01 00:00:00,7,203,21,875.93,2,0,CMP0061
SCH078,2024-04-01 00:00:00,5,175,35,1225.92,1,0,CMP0062
SCH078,2024-05-01 00:00:00,2,156,10,303.75,0,0,CMP0063
SCH078,2024-06-01 00:00:00,3,198,21,688.42,0,0,CMP0064
SCH078,2024-07-01 00:00:00,4,156,24,673.58,0,0,CMP0065
SCH078,2024-08-01 00:00:00,8,264,16,606.01,2,0,CMP0066
SCH078,2024-09-01 00:00:00,2,86,10,326.77,0,0,CMP0067
SCH078,2024-10-01 00:00:00,7,546,42,858.39,2,0,CMP0068
SCH078,2024-11-01 00:00:00,4,268,16,543.34,1,0,CMP0069
SCH078,2024-12-01 00:00:00,6,264,18,728.9,1,0,CMP0070
SCH078,2025-01-01 00:00:00,5,125,20,740.63,1,0,CMP0071
SCH078,2025-02-01 00:00:00,5,130,10,422,0,0,CMP0072
SCH078,2025-03-01 00:00:00,5,140,30,937.75,0,0,CMP0073
SCH078,2025-04-01 00:00:00,2,72,4,118.59,0,0,CMP0074
SCH078,2025-05-01 00:00:00,5,310,10,380.7,1,0,CMP0075
SCH078,2025-06-01 00:00:00,3,228,12,328.41,0,0,CMP0076
SCH078,2025-07-01 00:00:00,4,84,12,402.57,1,0,CMP0077
SCH078,2025-08-01 00:00:00,6,216,12,206.96,1,0,CMP0078
SCH078,2025-09-01 00:00:00,4,168,24,917.7,1,0,CMP0079
SCH078,2025-10-01 00:00:00,6,150,24,691.02,1,0,CMP0080
SCH078,2025-11-01 00:00:00,1,63,3,80.86,0,0,CMP0081
SCH078,2025-12-01 00:00:00,5,120,35,1149.59,1,0,CMP0082
SCH078,2026-01-01 00:00:00,4,128,12,240.69,1,0,CMP0083
SCH078,2026-02-01 00:00:00,7,497,21,561.67,2,0,CMP0084
SCH078,2026-03-01 00:00:00,9,612,18,222.36,1,0,CMP0085
SCH078,2026-04-01 00:00:00,5,295,10,114.63,1,0,CMP0086
SCH078,2026-05-01 00:00:00,5,120,30,841.84,0,0,CMP0087
SCH078,2026-06-01 00:00:00,5,205,20,453.41,0,0,CMP0088
SCH078,2026-07-01 00:00:00,5,100,35,1522.35,1,0,CMP0089
SCH079,2021-01-01 00:00:00,3,219,15,466.96,0,0,CMP0090
SCH079,2021-02-01 00:00:00,2,88,8,339.59,0,0,CMP0091
SCH079,2021-03-01 00:00:00,3,129,6,105.59,1,0,CMP0092
SCH079,2021-04-01 00:00:00,4,224,28,631.58,1,0,CMP0093
SCH079,2021-05-01 00:00:00,5,230,35,393.72,1,0,CMP0094
SCH079,2021-06-01 00:00:00,10,360,30,370.05,2,0,CMP0095
SCH079,2021-07-01 00:00:00,7,490,42,941.34,2,0,CMP0096
SCH079,2021-08-01 00:00:00,4,256,12,144.98,0,0,CMP0097
SCH079,2021-09-01 00:00:00,1,39,3,45.84,0,0,CMP0098
SCH079,2021-10-01 00:00:00,7,203,14,549.45,2,0,CMP0099
SCH079,2021-11-01 00:00:00,6,396,12,361.14,2,0,CMP0100
SCH079,2021-12-01 00:00:00,3,174,15,219.76,0,0,CMP0101
SCH079,2022-01-01 00:00:00,9,351,27,322.53,2,0,CMP0102
SCH079,2022-02-01 00:00:00,3,96,12,286.41,1,0,CMP0103
SCH079,2022-03-01 00:00:00,4,264,8,117.35,1,0,CMP0104
SCH079,2022-04-01 00:00:00,3,87,12,347.54,0,0,CMP0105
SCH079,2022-05-01 00:00:00,4,124,24,1038.77,1,0,CMP0106
SCH079,2022-06-01 00:00:00,5,205,20,165.74,1,0,CMP0107
SCH079,2022-07-01 00:00:00,6,150,36,778.07,2,0,CMP0108
SCH079,2022-08-01 00:00:00,3,81,9,248.27,1,0,CMP0109
SCH079,2022-09-01 00:00:00,6,378,42,1566.51,2,0,CMP0110
SCH079,2022-10-01 00:00:00,2,128,8,114.21,0,0,CMP0111
SCH079,2022-11-01 00:00:00,5,130,15,565.46,0,0,CMP0112
SCH079,2022-12-01 00:00:00,4,104,8,195.05,0,0,CMP0113
SCH079,2023-01-01 00:00:00,6,282,30,606.25,1,0,CMP0114
SCH079,2023-02-01 00:00:00,2,90,4,98.3,0,0,CMP0115
SCH079,2023-03-01 00:00:00,4,224,20,596.64,1,0,CMP0116
SCH079,2023-05-01 00:00:00,6,174,18,735.31,1,0,CMP0117
SCH079,2023-06-01 00:00:00,4,80,12,142.7,1,0,CMP0118
SCH079,2023-07-01 00:00:00,6,144,18,410.23,1,0,CMP0119
SCH079,2023-08-01 00:00:00,3,144,21,626.24,0,0,CMP0120
SCH079,2023-09-01 00:00:00,3,201,18,185.08,1,0,CMP0121
SCH079,2023-10-01 00:00:00,4,168,12,514.05,0,0,CMP0122
SCH079,2023-11-01 00:00:00,10,600,20,223.9,1,0,CMP0123
SCH079,2023-12-01 00:00:00,3,111,21,612.95,0,0,CMP0124
SCH079,2024-01-01 00:00:00,3,144,12,507.41,0,0,CMP0125
SCH079,2024-02-01 00:00:00,4,300,24,755.44,1,0,CMP0126
SCH079,2024-03-01 00:00:00,7,175,35,934.42,2,0,CMP0127
SCH079,2024-04-01 00:00:00,5,225,15,639.01,1,0,CMP0128
SCH079,2024-05-01 00:00:00,3,234,9,132.73,1,0,CMP0129
SCH079,2024-06-01 00:00:00,6,246,18,316.05,2,0,CMP0130
SCH079,2024-07-01 00:00:00,4,280,16,365.33,0,0,CMP0131
SCH079,2024-08-01 00:00:00,2,150,6,132.78,0,0,CMP0132
SCH079,2024-09-01 00:00:00,5,385,10,247.35,1,0,CMP0133
SCH079,2024-10-01 00:00:00,9,585,63,2731.59,3,1,CMP0134
SCH079,2024-11-01 00:00:00,1,38,6,65.18,0,0,CMP0135
SCH079,2024-12-01 00:00:00,6,474,30,311.37,1,0,CMP0136
SCH079,2025-01-01 00:00:00,1,62,3,31.93,0,0,CMP0137
SCH079,2025-02-01 00:00:00,4,300,20,434.55,1,0,CMP0138
SCH079,2025-03-01 00:00:00,4,112,16,449.68,1,0,CMP0139
SCH079,2025-04-01 00:00:00,2,92,12,529.05,0,0,CMP0140
SCH079,2025-05-01 00:00:00,5,255,30,1153.1,1,0,CMP0141
SCH079,2025-06-01 00:00:00,4,316,12,225.53,0,0,CMP0142
SCH079,2025-07-01 00:00:00,5,335,30,684.81,1,0,CMP0143
SCH079,2025-08-01 00:00:00,6,228,42,966.71,1,0,CMP0144
SCH079,2025-09-01 00:00:00,1,60,7,277.45,0,0,CMP0145
SCH079,2025-10-01 00:00:00,7,203,21,435.74,2,0,CMP0146
SCH079,2025-11-01 00:00:00,3,114,21,419.62,0,0,CMP0147
SCH079,2025-12-01 00:00:00,6,324,24,456.55,1,0,CMP0148
SCH079,2026-01-01 00:00:00,2,106,14,527.02,0,0,CMP0149
SCH079,2026-02-01 00:00:00,6,258,18,234.48,2,0,CMP0150
SCH079,2026-03-01 00:00:00,6,174,30,1215.84,1,0,CMP0151
SCH079,2026-04-01 00:00:00,3,210,6,143.16,1,0,CMP0152
SCH079,2026-05-01 00:00:00,2,54,12,356.5,0,0,CMP0153
SCH079,2026-06-01 00:00:00,5,295,10,299.92,1,0,CMP0154
SCH079,2026-07-01 00:00:00,5,100,15,148.38,1,0,CMP0155
SCH080,2021-01-01 00:00:00,4,136,24,299.89,1,0,CMP0156
SCH080,2021-02-01 00:00:00,4,212,16,695.19,0,0,CMP0157
SCH080,2021-03-01 00:00:00,4,280,8,297.64,0,0,CMP0158
SCH080,2021-04-01 00:00:00,2,112,14,495.57,0,0,CMP0159
SCH080,2021-05-01 00:00:00,2,118,12,242.44,0,0,CMP0160
SCH080,2021-06-01 00:00:00,4,204,20,548.93,1,0,CMP0161
SCH080,2021-07-01 00:00:00,5,250,20,328.52,0,0,CMP0162
SCH080,2021-08-01 00:00:00,4,104,16,624.47,0,0,CMP0163
SCH080,2021-09-01 00:00:00,2,122,4,175.13,0,0,CMP0164
SCH080,2021-10-01 00:00:00,6,438,12,253.96,2,1,CMP0165
SCH080,2021-11-01 00:00:00,8,184,48,939.02,1,0,CMP0166
SCH080,2021-12-01 00:00:00,3,81,21,686.79,0,0,CMP0167
SCH080,2022-01-01 00:00:00,5,105,35,1052.74,1,0,CMP0168
SCH080,2022-02-01 00:00:00,7,483,42,849.86,1,0,CMP0169
SCH080,2022-03-01 00:00:00,10,540,60,1123.89,3,0,CMP0170
SCH080,2022-04-01 00:00:00,4,296,20,707.45,1,0,CMP0171
SCH080,2022-05-01 00:00:00,5,305,25,643.36,2,0,CMP0172
SCH080,2022-06-01 00:00:00,3,183,18,283.08,1,0,CMP0173
SCH080,2022-07-01 00:00:00,2,156,8,251.37,0,0,CMP0174
SCH080,2022-08-01 00:00:00,5,180,15,163.35,1,0,CMP0175
SCH080,2022-09-01 00:00:00,3,123,6,218.83,0,0,CMP0176
SCH080,2022-10-01 00:00:00,5,145,10,412.22,1,0,CMP0177
SCH080,2022-11-01 00:00:00,7,147,35,415.06,1,0,CMP0178
SCH080,2022-12-01 00:00:00,6,462,12,128.18,2,1,CMP0179
SCH080,2023-01-01 00:00:00,1,38,3,77.15,0,0,CMP0180
SCH080,2023-02-01 00:00:00,4,304,12,250.76,1,0,CMP0181
SCH080,2023-03-01 00:00:00,8,264,48,1406.12,1,0,CMP0182
SCH080,2023-04-01 00:00:00,6,204,12,264.94,1,0,CMP0183
SCH080,2023-05-01 00:00:00,6,264,42,1745.25,2,0,CMP0184
SCH080,2023-06-01 00:00:00,6,462,30,358.38,1,0,CMP0185
SCH080,2023-07-01 00:00:00,5,235,35,1031.81,2,0,CMP0186
SCH080,2023-08-01 00:00:00,5,300,25,343.55,0,0,CMP0187
SCH080,2023-09-01 00:00:00,5,195,25,431.53,1,0,CMP0188
SCH080,2023-10-01 00:00:00,5,245,15,471.01,2,0,CMP0189
SCH080,2023-11-01 00:00:00,5,300,10,261.09,0,0,CMP0190
SCH080,2023-12-01 00:00:00,7,266,35,1166.29,2,0,CMP0191
SCH080,2024-01-01 00:00:00,7,336,14,250.56,1,0,CMP0192
SCH080,2024-02-01 00:00:00,2,130,14,398.84,0,0,CMP0193
SCH080,2024-03-01 00:00:00,5,205,25,838.46,2,0,CMP0194
SCH080,2024-04-01 00:00:00,4,144,16,717.98,1,0,CMP0195
SCH080,2024-05-01 00:00:00,7,385,21,405.08,1,0,CMP0196
SCH080,2024-06-01 00:00:00,9,522,27,634.08,1,0,CMP0197
SCH080,2024-07-01 00:00:00,4,128,12,425.54,1,0,CMP0198
SCH080,2024-08-01 00:00:00,4,88,8,283.9,1,0,CMP0199
SCH080,2024-09-01 00:00:00,2,114,8,182.55,0,0,CMP0200
SCH080,2024-10-01 00:00:00,9,207,18,332.72,2,0,CMP0201
SCH080,2024-11-01 00:00:00,3,219,12,429.63,1,0,CMP0202
SCH080,2024-12-01 00:00:00,5,170,35,422.57,1,0,CMP0203
SCH080,2025-01-01 00:00:00,7,539,42,407.8,2,0,CMP0204
SCH080,2025-02-01 00:00:00,8,240,32,404.22,2,0,CMP0205
SCH080,2025-03-01 00:00:00,6,354,18,333.14,1,0,CMP0206
SCH080,2025-04-01 00:00:00,2,50,14,362.84,0,0,CMP0207
SCH080,2025-05-01 00:00:00,6,126,42,1470.05,2,0,CMP0208
SCH080,2025-06-01 00:00:00,4,260,24,1026.09,1,0,CMP0209
SCH080,2025-07-01 00:00:00,4,224,28,838.72,1,0,CMP0210
SCH080,2025-08-01 00:00:00,9,387,18,348.58,1,0,CMP0211
SCH080,2025-09-01 00:00:00,5,235,30,497.51,2,0,CMP0212
SCH080,2025-10-01 00:00:00,4,160,12,382.98,1,0,CMP0213
SCH080,2025-11-01 00:00:00,8,400,48,1826.47,1,0,CMP0214
SCH080,2025-12-01 00:00:00,4,232,8,159.44,1,0,CMP0215
SCH080,2026-01-01 00:00:00,8,448,48,1735.92,2,0,CMP0216
SCH080,2026-02-01 00:00:00,2,56,12,398.88,0,0,CMP0217
SCH080,2026-03-01 00:00:00,6,168,36,800.78,1,0,CMP0218
SCH080,2026-04-01 00:00:00,4,240,24,771.54,1,0,CMP0219
SCH080,2026-05-01 00:00:00,5,290,15,544.23,1,0,CMP0220
SCH080,2026-06-01 00:00:00,5,310,15,528.49,1,0,CMP0221
SCH080,2026-07-01 00:00:00,3,225,15,217.86,0,0,CMP0222
SCH081,2021-01-01 00:00:00,14,518,42,601.5,3,0,CMP0223
SCH081,2021-02-01 00:00:00,4,108,12,439.73,1,0,CMP0224
SCH081,2021-03-01 00:00:00,7,392,14,603.26,2,0,CMP0225
SCH081,2021-04-01 00:00:00,5,330,35,1466.81,1,0,CMP0226
SCH081,2021-05-01 00:00:00,8,304,48,486.77,1,0,CMP0227
SCH081,2021-06-01 00:00:00,4,232,12,264.75,1,0,CMP0228
SCH081,2021-07-01 00:00:00,2,104,12,207.59,0,0,CMP0229
SCH081,2021-08-01 00:00:00,4,132,28,461.76,1,0,CMP0230
SCH081,2021-09-01 00:00:00,2,84,6,157.15,0,0,CMP0231
SCH081,2021-10-01 00:00:00,4,276,20,881.94,1,0,CMP0232
SCH081,2021-11-01 00:00:00,4,128,16,571.13,1,0,CMP0233
SCH081,2021-12-01 00:00:00,5,210,15,445.03,2,0,CMP0234
SCH081,2022-01-01 00:00:00,6,324,36,1417.48,1,0,CMP0235
SCH081,2022-02-01 00:00:00,3,120,18,692.91,0,0,CMP0236
SCH081,2022-03-01 00:00:00,6,378,18,719.1,2,1,CMP0237
SCH081,2022-04-01 00:00:00,6,354,18,495.83,2,0,CMP0238
SCH081,2022-05-01 00:00:00,2,128,12,237.61,0,0,CMP0239
SCH081,2022-06-01 00:00:00,7,455,14,444.23,2,0,CMP0240
SCH081,2022-07-01 00:00:00,4,232,16,481.85,0,0,CMP0241
SCH081,2022-08-01 00:00:00,9,477,63,1682.68,2,0,CMP0242
SCH081,2022-09-01 00:00:00,10,380,30,1107.15,3,0,CMP0243
SCH081,2022-10-01 00:00:00,3,96,18,502.28,0,0,CMP0244
SCH081,2022-11-01 00:00:00,8,576,56,1900.59,2,0,CMP0245
SCH081,2022-12-01 00:00:00,3,201,12,142.66,1,0,CMP0246
SCH081,2023-01-01 00:00:00,3,228,12,267.82,0,0,CMP0247
SCH081,2023-02-01 00:00:00,4,168,20,416.69,0,0,CMP0248
SCH081,2023-03-01 00:00:00,5,355,20,884.15,1,0,CMP0249
SCH081,2023-04-01 00:00:00,7,196,28,1203.18,2,0,CMP0250
SCH081,2023-05-01 00:00:00,8,224,16,290.1,2,0,CMP0251
SCH081,2023-06-01 00:00:00,6,474,36,1028.32,2,0,CMP0252
SCH081,2023-07-01 00:00:00,4,80,12,176.04,1,0,CMP0253
SCH081,2023-08-01 00:00:00,6,432,18,288.39,1,0,CMP0254
SCH081,2023-09-01 00:00:00,4,124,16,648.31,1,0,CMP0255
SCH081,2023-10-01 00:00:00,3,63,15,180.49,1,0,CMP0256
SCH081,2023-12-01 00:00:00,11,264,77,1951.8,4,1,CMP0257
SCH081,2024-01-01 00:00:00,5,370,15,463.31,0,0,CMP0258
SCH081,2024-02-01 00:00:00,3,60,12,194.29,0,0,CMP0259
SCH081,2024-03-01 00:00:00,4,284,24,1021.05,1,0,CMP0260
SCH081,2024-04-01 00:00:00,2,50,10,249.79,0,0,CMP0261
SCH081,2024-05-01 00:00:00,1,28,2,69.84,0,0,CMP0262
SCH081,2024-06-01 00:00:00,6,132,24,398.87,2,0,CMP0263
SCH081,2024-07-01 00:00:00,8,336,48,2063.55,2,0,CMP0264
SCH081,2024-08-01 00:00:00,6,210,36,976.12,1,0,CMP0265
SCH081,2024-09-01 00:00:00,7,511,35,577.48,2,0,CMP0266
SCH081,2024-10-01 00:00:00,4,128,8,324.38,0,0,CMP0267
SCH081,2024-11-01 00:00:00,7,329,42,599.49,1,0,CMP0268
SCH081,2024-12-01 00:00:00,4,212,24,1032.28,0,0,CMP0269
SCH081,2025-01-01 00:00:00,8,336,56,2189.98,1,0,CMP0270
SCH081,2025-02-01 00:00:00,3,90,15,459.5,0,0,CMP0271
SCH081,2025-03-01 00:00:00,4,220,20,390.03,1,0,CMP0272
SCH081,2025-04-01 00:00:00,7,448,42,1150.67,1,0,CMP0273
SCH081,2025-05-01 00:00:00,5,170,35,818.85,1,0,CMP0274
SCH081,2025-06-01 00:00:00,3,237,6,253.69,0,0,CMP0275
SCH081,2025-07-01 00:00:00,3,234,18,220.75,0,0,CMP0276
SCH081,2025-08-01 00:00:00,6,330,12,503.66,2,0,CMP0277
SCH081,2025-09-01 00:00:00,5,360,35,1152.98,1,0,CMP0278
SCH081,2025-10-01 00:00:00,6,174,18,294.61,1,0,CMP0279
SCH081,2025-11-01 00:00:00,3,90,15,617.1,1,0,CMP0280
SCH081,2025-12-01 00:00:00,3,66,9,265.75,0,0,CMP0281
SCH081,2026-01-01 00:00:00,3,207,18,404.4,0,0,CMP0282
SCH081,2026-02-01 00:00:00,2,146,12,275.1,0,0,CMP0283
SCH081,2026-03-01 00:00:00,2,116,10,244.31,0,0,CMP0284
SCH081,2026-04-01 00:00:00,4,272,12,309.18,1,0,CMP0285
SCH081,2026-05-01 00:00:00,2,84,12,464.3,0,0,CMP0286
SCH081,2026-06-01 00:00:00,2,62,14,329.23,0,0,CMP0287
SCH081,2026-07-01 00:00:00,5,265,35,414.18,1,0,CMP0288
SCH082,2021-01-01 00:00:00,5,270,10,223.65,0,0,CMP0289
SCH082,2021-02-01 00:00:00,4,256,12,250.41,1,0,CMP0290
SCH082,2021-03-01 00:00:00,2,114,8,118.24,0,0,CMP0291
SCH082,2021-04-01 00:00:00,6,222,42,486.4,2,0,CMP0292
SCH082,2021-05-01 00:00:00,4,292,20,192.84,1,0,CMP0293
SCH082,2021-06-01 00:00:00,4,260,24,793.48,1,0,CMP0294
SCH082,2021-07-01 00:00:00,6,378,30,1115.74,1,0,CMP0295
SCH082,2021-08-01 00:00:00,7,238,21,453.44,1,0,CMP0296
SCH082,2021-09-01 00:00:00,6,288,30,1062.34,1,0,CMP0297
SCH082,2021-10-01 00:00:00,5,150,35,1349.13,1,0,CMP0298
SCH082,2021-11-01 00:00:00,4,92,16,577.55,1,0,CMP0299
SCH082,2022-01-01 00:00:00,4,268,28,712.35,1,0,CMP0300
SCH082,2022-02-01 00:00:00,7,196,35,1168.06,2,0,CMP0001
SCH082,2022-03-01 00:00:00,6,258,42,1718.72,2,0,CMP0002
SCH082,2022-04-01 00:00:00,5,250,10,125.02,2,1,CMP0003
SCH082,2022-05-01 00:00:00,5,210,15,145.61,1,0,CMP0004
SCH082,2022-06-01 00:00:00,3,237,9,136.57,0,0,CMP0005
SCH082,2022-07-01 00:00:00,4,244,8,114.07,1,0,CMP0006
SCH082,2022-08-01 00:00:00,5,200,25,450.48,1,0,CMP0007
SCH082,2022-09-01 00:00:00,7,469,21,897.96,1,0,CMP0008
SCH082,2022-10-01 00:00:00,4,248,24,417.27,1,0,CMP0009
SCH082,2022-11-01 00:00:00,4,144,12,510.4,1,0,CMP0010
SCH082,2022-12-01 00:00:00,4,144,28,306.01,1,0,CMP0011
SCH082,2023-01-01 00:00:00,6,288,18,289.98,2,1,CMP0012
SCH082,2023-02-01 00:00:00,2,110,8,207.17,0,0,CMP0013
SCH082,2023-03-01 00:00:00,5,220,35,942.46,0,0,CMP0014
SCH082,2023-04-01 00:00:00,4,124,24,249.88,0,0,CMP0015
SCH082,2023-05-01 00:00:00,5,185,25,1003.76,0,0,CMP0016
SCH082,2023-06-01 00:00:00,4,304,8,259.57,1,0,CMP0017
SCH082,2023-07-01 00:00:00,4,292,28,929.17,1,0,CMP0018
SCH082,2023-08-01 00:00:00,5,370,35,1289.9,1,0,CMP0019
SCH082,2023-09-01 00:00:00,6,426,36,292.76,2,1,CMP0020
SCH082,2023-10-01 00:00:00,4,224,24,397.53,0,0,CMP0021
SCH082,2023-11-01 00:00:00,1,34,3,89.53,0,0,CMP0022
SCH082,2023-12-01 00:00:00,3,231,6,94.57,0,0,CMP0023
SCH082,2024-01-01 00:00:00,2,154,8,334.82,0,0,CMP0024
SCH082,2024-02-01 00:00:00,1,66,7,112.67,0,0,CMP0025
SCH082,2024-03-01 00:00:00,6,132,36,1528.31,1,0,CMP0026
SCH082,2024-04-01 00:00:00,4,284,12,474.83,1,0,CMP0027
SCH082,2024-05-01 00:00:00,3,87,15,473.38,1,0,CMP0028
SCH082,2024-06-01 00:00:00,2,44,12,300.15,0,0,CMP0029
SCH082,2024-07-01 00:00:00,5,390,30,1317.13,1,0,CMP0030
SCH082,2024-08-01 00:00:00,8,248,24,701.09,3,1,CMP0031
SCH082,2024-09-01 00:00:00,4,148,8,277.5,0,0,CMP0032
SCH082,2024-10-01 00:00:00,1,54,3,85.54,0,0,CMP0033
SCH082,2024-12-01 00:00:00,11,803,66,1092.56,3,0,CMP0034
SCH082,2025-01-01 00:00:00,4,252,12,435.89,1,0,CMP0035
SCH082,2025-02-01 00:00:00,3,207,12,356.01,0,0,CMP0036
SCH082,2025-03-01 00:00:00,5,130,10,266.28,1,0,CMP0037
SCH082,2025-04-01 00:00:00,6,414,36,806.42,2,0,CMP0038
SCH082,2025-05-01 00:00:00,4,148,28,650.61,1,0,CMP0039
SCH082,2025-06-01 00:00:00,4,224,20,294.77,1,0,CMP0040
SCH082,2025-07-01 00:00:00,7,168,42,1236.43,1,0,CMP0041
SCH082,2025-08-01 00:00:00,3,81,21,692.18,0,0,CMP0042
SCH082,2025-09-01 00:00:00,2,80,10,283.21,0,0,CMP0043
SCH082,2025-11-01 00:00:00,5,225,25,327.2,1,0,CMP0044
SCH082,2025-12-01 00:00:00,9,648,63,2409.24,2,0,CMP0045
SCH082,2026-01-01 00:00:00,5,345,10,445.22,2,0,CMP0046
SCH082,2026-02-01 00:00:00,5,280,20,589.72,2,0,CMP0047
SCH082,2026-03-01 00:00:00,9,648,27,1056.48,3,0,CMP0048
SCH082,2026-04-01 00:00:00,5,220,35,909.04,1,0,CMP0049
SCH082,2026-05-01 00:00:00,4,244,28,798.58,1,0,CMP0050
SCH082,2026-06-01 00:00:00,3,81,15,469.36,0,0,CMP0051
SCH082,2026-07-01 00:00:00,3,120,9,394.48,1,0,CMP0052
SCH083,2021-01-01 00:00:00,5,370,10,308.69,1,0,CMP0053
SCH083,2021-02-01 00:00:00,7,203,35,351.52,2,0,CMP0054
SCH083,2021-03-01 00:00:00,10,540,70,3026.53,2,0,CMP0055
SCH083,2021-04-01 00:00:00,5,370,20,338.77,1,0,CMP0056
SCH083,2021-05-01 00:00:00,3,132,18,371.76,1,0,CMP0057
SCH083,2021-06-01 00:00:00,3,186,6,216.33,1,0,CMP0058
SCH083,2021-07-01 00:00:00,3,228,6,146.07,1,0,CMP0059
SCH083,2021-08-01 00:00:00,7,196,28,947.91,1,0,CMP0060
SCH083,2021-09-01 00:00:00,5,215,20,751.29,1,0,CMP0061
SCH083,2021-10-01 00:00:00,7,231,49,1026.11,1,0,CMP0062
SCH083,2021-11-01 00:00:00,5,275,15,558.87,0,0,CMP0063
SCH083,2021-12-01 00:00:00,4,188,16,639.05,0,0,CMP0064
SCH083,2022-01-01 00:00:00,2,94,4,152.53,0,0,CMP0065
SCH083,2022-02-01 00:00:00,7,238,21,478.22,2,0,CMP0066
SCH083,2022-03-01 00:00:00,2,54,6,78.82,0,0,CMP0067
SCH083,2022-04-01 00:00:00,2,104,14,235.11,0,0,CMP0068
SCH083,2022-05-01 00:00:00,6,258,30,838.23,2,1,CMP0069
SCH083,2022-06-01 00:00:00,4,268,8,148.28,1,0,CMP0070
SCH083,2022-07-01 00:00:00,3,105,21,900.78,0,0,CMP0071
SCH083,2022-08-01 00:00:00,3,180,15,405.01,1,0,CMP0072
SCH083,2022-09-01 00:00:00,2,92,10,249.11,0,0,CMP0073
SCH083,2022-10-01 00:00:00,3,66,6,174.91,0,0,CMP0074
SCH083,2022-11-01 00:00:00,1,76,2,41.49,0,0,CMP0075
SCH083,2022-12-01 00:00:00,6,360,12,345.19,1,0,CMP0076
SCH083,2023-01-01 00:00:00,8,520,48,1952.67,2,0,CMP0077
SCH083,2023-02-01 00:00:00,4,252,28,612.55,1,0,CMP0078
SCH083,2023-03-01 00:00:00,6,162,36,1504.08,1,0,CMP0079
SCH083,2023-04-01 00:00:00,9,198,63,2062.47,3,1,CMP0080
SCH083,2023-05-01 00:00:00,5,365,25,865.91,2,0,CMP0081
SCH083,2023-06-01 00:00:00,4,232,28,577.99,0,0,CMP0082
SCH083,2023-07-01 00:00:00,6,216,18,252.71,2,0,CMP0083
SCH083,2023-08-01 00:00:00,3,177,18,628.96,0,0,CMP0084
SCH083,2023-09-01 00:00:00,4,244,24,772.67,1,0,CMP0085
SCH083,2023-10-01 00:00:00,5,195,15,492.66,2,0,CMP0086
SCH083,2023-11-01 00:00:00,7,203,14,567.81,2,0,CMP0087
SCH083,2023-12-01 00:00:00,1,51,5,73.27,0,0,CMP0088
SCH083,2024-01-01 00:00:00,5,235,20,789.59,1,0,CMP0089
SCH083,2024-02-01 00:00:00,3,126,18,760.45,0,0,CMP0090
SCH083,2024-03-01 00:00:00,5,375,30,517.78,1,0,CMP0091
SCH083,2024-04-01 00:00:00,3,213,21,628.32,0,0,CMP0092
SCH083,2024-05-01 00:00:00,5,395,30,586.12,1,0,CMP0093
SCH083,2024-06-01 00:00:00,3,132,9,97.55,1,0,CMP0094
SCH083,2024-07-01 00:00:00,6,324,24,992.62,1,0,CMP0095
SCH083,2024-08-01 00:00:00,8,624,48,1554.21,1,0,CMP0096
SCH083,2024-09-01 00:00:00,7,336,21,745.32,2,1,CMP0097
SCH083,2024-10-01 00:00:00,4,160,28,1060.98,1,0,CMP0098
SCH083,2024-11-01 00:00:00,4,136,16,613.45,1,0,CMP0099
SCH083,2024-12-01 00:00:00,3,75,12,259.8,1,0,CMP0100
SCH083,2025-01-01 00:00:00,1,32,6,194.85,0,0,CMP0101
SCH083,2025-02-01 00:00:00,3,72,12,139.14,1,0,CMP0102
SCH083,2025-03-01 00:00:00,4,136,16,351.96,1,0,CMP0103
SCH083,2025-04-01 00:00:00,3,162,9,299.55,1,0,CMP0104
SCH083,2025-05-01 00:00:00,8,336,48,2084.95,1,0,CMP0105
SCH083,2025-07-01 00:00:00,4,180,12,248.54,0,0,CMP0106
SCH083,2025-08-01 00:00:00,7,140,49,1721.23,2,0,CMP0107
SCH083,2025-10-01 00:00:00,3,72,21,307.17,0,0,CMP0108
SCH083,2025-11-01 00:00:00,7,252,35,1093.56,2,1,CMP0109
SCH083,2025-12-01 00:00:00,4,200,8,231.8,1,0,CMP0110
SCH083,2026-01-01 00:00:00,2,126,6,201.06,0,0,CMP0111
SCH083,2026-02-01 00:00:00,6,270,12,107.18,2,1,CMP0112
SCH083,2026-03-01 00:00:00,9,540,54,1742.89,1,0,CMP0113
SCH083,2026-04-01 00:00:00,3,192,12,389.73,0,0,CMP0114
SCH083,2026-05-01 00:00:00,7,217,49,2083.4,1,0,CMP0115
SCH083,2026-06-01 00:00:00,4,112,20,672.49,1,0,CMP0116
SCH083,2026-07-01 00:00:00,4,292,12,514.13,1,0,CMP0117
SCH084,2021-01-01 00:00:00,2,46,12,310.87,0,0,CMP0118
SCH084,2021-02-01 00:00:00,3,177,18,304.67,1,0,CMP0119
SCH084,2021-03-01 00:00:00,4,152,8,64.72,1,0,CMP0120
SCH084,2021-04-01 00:00:00,2,50,4,88.74,0,0,CMP0121
SCH084,2021-05-01 00:00:00,3,183,18,526.85,0,0,CMP0122
SCH084,2021-06-01 00:00:00,6,144,24,656.06,2,0,CMP0123
SCH084,2021-07-01 00:00:00,6,432,36,1078.92,1,0,CMP0124
SCH084,2021-08-01 00:00:00,6,378,30,936.54,1,0,CMP0125
SCH084,2021-09-01 00:00:00,3,69,6,244.03,0,0,CMP0126
SCH084,2021-10-01 00:00:00,4,88,8,68.91,1,0,CMP0127
SCH084,2021-11-01 00:00:00,4,164,20,343.12,1,0,CMP0128
SCH084,2021-12-01 00:00:00,3,102,15,375.46,0,0,CMP0129
SCH084,2022-01-01 00:00:00,5,195,30,571.93,0,0,CMP0130
SCH084,2022-02-01 00:00:00,2,40,6,242.63,0,0,CMP0131
SCH084,2022-03-01 00:00:00,8,192,32,533.45,2,0,CMP0132
SCH084,2022-04-01 00:00:00,3,105,6,249.54,0,0,CMP0133
SCH084,2022-05-01 00:00:00,3,114,18,297.54,0,0,CMP0134
SCH084,2022-06-01 00:00:00,3,105,6,144.45,0,0,CMP0135
SCH084,2022-07-01 00:00:00,6,294,12,147.61,2,0,CMP0136
SCH084,2022-08-01 00:00:00,7,308,42,640.47,2,0,CMP0137
SCH084,2022-09-01 00:00:00,7,315,49,1739.13,2,0,CMP0138
SCH084,2022-10-01 00:00:00,3,213,18,379.3,0,0,CMP0139
SCH084,2022-11-01 00:00:00,6,414,12,430.99,1,0,CMP0140
SCH084,2022-12-01 00:00:00,4,136,8,290.66,0,0,CMP0141
SCH084,2023-01-01 00:00:00,6,438,36,1049.23,1,0,CMP0142
SCH084,2023-02-01 00:00:00,3,141,9,291.27,0,0,CMP0143
SCH084,2023-03-01 00:00:00,9,648,36,1405.03,2,0,CMP0144
SCH084,2023-04-01 00:00:00,6,426,18,518.62,1,0,CMP0145
SCH084,2023-05-01 00:00:00,3,162,15,602.19,0,0,CMP0146
SCH084,2023-06-01 00:00:00,6,468,12,385.22,1,0,CMP0147
SCH084,2023-07-01 00:00:00,8,376,24,937.31,2,0,CMP0148
SCH084,2023-08-01 00:00:00,6,384,24,1056.53,1,0,CMP0149
SCH084,2023-09-01 00:00:00,5,295,35,1436.56,2,1,CMP0150
SCH084,2023-10-01 00:00:00,5,280,25,629.7,0,0,CMP0151
SCH084,2023-11-01 00:00:00,8,376,40,439.88,2,0,CMP0152
SCH084,2023-12-01 00:00:00,6,348,12,486.39,1,0,CMP0153
SCH084,2024-01-01 00:00:00,7,476,14,496.36,1,0,CMP0154
SCH084,2024-02-01 00:00:00,6,252,42,991.89,1,0,CMP0155
SCH084,2024-03-01 00:00:00,2,156,10,203.56,0,0,CMP0156
SCH084,2024-04-01 00:00:00,4,288,28,834.32,0,0,CMP0157
SCH084,2024-05-01 00:00:00,4,276,20,242.64,1,0,CMP0158
SCH084,2024-06-01 00:00:00,4,156,12,381.51,0,0,CMP0159
SCH084,2024-07-01 00:00:00,1,36,2,25.63,0,0,CMP0160
SCH084,2024-08-01 00:00:00,4,172,28,810.16,0,0,CMP0161
SCH084,2024-09-01 00:00:00,5,285,20,738.57,1,0,CMP0162
SCH084,2024-10-01 00:00:00,2,114,4,149,0,0,CMP0163
SCH084,2024-11-01 00:00:00,6,426,24,991.94,2,0,CMP0164
SCH084,2024-12-01 00:00:00,9,333,54,1172.58,3,0,CMP0165
SCH084,2025-01-01 00:00:00,10,430,50,2024.13,4,1,CMP0166
SCH084,2025-02-01 00:00:00,1,45,2,77.92,0,0,CMP0167
SCH084,2025-03-01 00:00:00,6,402,36,1159.18,1,0,CMP0168
SCH084,2025-04-01 00:00:00,10,700,30,614.19,2,0,CMP0169
SCH084,2025-05-01 00:00:00,11,319,66,951.22,3,1,CMP0170
SCH084,2025-06-01 00:00:00,3,117,15,464.09,0,0,CMP0171
SCH084,2025-07-01 00:00:00,3,225,6,92.69,0,0,CMP0172
SCH084,2025-08-01 00:00:00,1,70,7,232.46,0,0,CMP0173
SCH084,2025-09-01 00:00:00,5,230,35,699.35,1,0,CMP0174
SCH084,2025-10-01 00:00:00,3,171,12,510.83,0,0,CMP0175
SCH084,2025-11-01 00:00:00,4,296,28,1131.91,1,0,CMP0176
SCH084,2025-12-01 00:00:00,5,380,30,278.47,1,0,CMP0177
SCH084,2026-01-01 00:00:00,5,210,10,314.72,0,0,CMP0178
SCH084,2026-02-01 00:00:00,4,264,24,679.5,1,0,CMP0179
SCH084,2026-03-01 00:00:00,3,165,21,428.66,1,0,CMP0180
SCH084,2026-04-01 00:00:00,5,290,35,743.03,1,0,CMP0181
SCH084,2026-05-01 00:00:00,3,120,15,415.35,1,0,CMP0182
SCH084,2026-06-01 00:00:00,3,198,15,269.35,1,0,CMP0183
SCH084,2026-07-01 00:00:00,3,216,6,99.48,1,0,CMP0184
SCH085,2021-02-01 00:00:00,6,306,36,1024.98,2,0,CMP0185
SCH085,2021-03-01 00:00:00,5,200,35,458.7,1,0,CMP0186
SCH085,2021-04-01 00:00:00,7,252,14,226.56,2,1,CMP0187
SCH085,2021-05-01 00:00:00,5,195,20,629.99,1,0,CMP0188
SCH085,2021-06-01 00:00:00,4,116,24,837.22,1,0,CMP0189
SCH085,2021-07-01 00:00:00,4,284,20,829.81,1,0,CMP0190
SCH085,2021-08-01 00:00:00,5,355,35,557.81,1,0,CMP0191
SCH085,2021-09-01 00:00:00,5,185,15,122.96,2,0,CMP0192
SCH085,2021-10-01 00:00:00,4,276,12,434.93,1,0,CMP0193
SCH085,2021-11-01 00:00:00,2,52,10,243.59,0,0,CMP0194
SCH085,2021-12-01 00:00:00,1,29,4,42.95,0,0,CMP0195
SCH085,2022-01-01 00:00:00,2,58,14,280.42,0,0,CMP0196
SCH085,2022-02-01 00:00:00,2,48,6,147.53,0,0,CMP0197
SCH085,2022-03-01 00:00:00,4,148,24,259.36,0,0,CMP0198
SCH085,2022-04-01 00:00:00,3,75,18,634.17,1,0,CMP0199
SCH085,2022-05-01 00:00:00,4,148,12,457.22,1,0,CMP0200
SCH085,2022-06-01 00:00:00,1,77,3,70.89,0,0,CMP0201
SCH085,2022-07-01 00:00:00,5,395,25,457.92,1,0,CMP0202
SCH085,2022-08-01 00:00:00,4,284,24,518.04,0,0,CMP0203
SCH085,2022-09-01 00:00:00,5,375,15,203.73,1,0,CMP0204
SCH085,2022-10-01 00:00:00,10,240,40,1178.1,2,0,CMP0205
SCH085,2022-11-01 00:00:00,4,312,16,193.4,0,0,CMP0206
SCH085,2022-12-01 00:00:00,4,224,28,370.07,0,0,CMP0207
SCH085,2023-01-01 00:00:00,4,304,20,191.56,1,0,CMP0208
SCH085,2023-02-01 00:00:00,8,200,32,1163.34,2,0,CMP0209
SCH085,2023-03-01 00:00:00,6,216,18,281.58,1,0,CMP0210
SCH085,2023-04-01 00:00:00,4,272,24,625.44,1,0,CMP0211
SCH085,2023-05-01 00:00:00,4,144,16,589.21,0,0,CMP0212
SCH085,2023-06-01 00:00:00,7,364,14,229.47,1,0,CMP0213
SCH085,2023-07-01 00:00:00,6,444,30,601.97,2,0,CMP0214
SCH085,2023-08-01 00:00:00,6,198,18,781.49,1,0,CMP0215
SCH085,2023-09-01 00:00:00,3,90,9,392,0,0,CMP0216
SCH085,2023-10-01 00:00:00,6,204,12,362.81,1,0,CMP0217
SCH085,2023-11-01 00:00:00,1,72,4,94.52,0,0,CMP0218
SCH085,2023-12-01 00:00:00,9,315,63,1030,3,1,CMP0219
SCH085,2024-01-01 00:00:00,3,192,12,399.34,0,0,CMP0220
SCH085,2024-02-01 00:00:00,3,75,12,461.23,0,0,CMP0221
SCH085,2024-03-01 00:00:00,2,140,14,427.23,0,0,CMP0222
SCH085,2024-04-01 00:00:00,3,111,15,121.8,0,0,CMP0223
SCH085,2024-05-01 00:00:00,6,144,18,406.58,1,0,CMP0224
SCH085,2024-06-01 00:00:00,6,420,12,441.76,1,0,CMP0225
SCH085,2024-07-01 00:00:00,3,189,18,655.55,0,0,CMP0226
SCH085,2024-08-01 00:00:00,7,154,35,1342.85,1,0,CMP0227
SCH085,2024-09-01 00:00:00,1,52,4,49.68,0,0,CMP0228
SCH085,2024-10-01 00:00:00,2,140,14,194.14,0,0,CMP0229
SCH085,2024-11-01 00:00:00,7,392,21,860.4,2,0,CMP0230
SCH085,2024-12-01 00:00:00,5,220,15,209.54,2,0,CMP0231
SCH085,2025-01-01 00:00:00,4,224,8,115.57,1,0,CMP0232
SCH085,2025-02-01 00:00:00,3,87,18,795.02,0,0,CMP0233
SCH085,2025-03-01 00:00:00,8,464,56,523.48,1,0,CMP0234
SCH085,2025-04-01 00:00:00,6,408,12,143.57,2,0,CMP0235
SCH085,2025-05-01 00:00:00,6,324,12,399.04,2,0,CMP0236
SCH085,2025-06-01 00:00:00,8,216,56,2306.97,3,0,CMP0237
SCH085,2025-07-01 00:00:00,6,378,30,947.35,1,0,CMP0238
SCH085,2025-08-01 00:00:00,5,320,35,827.33,1,0,CMP0239
SCH085,2025-09-01 00:00:00,5,365,25,244.03,1,0,CMP0240
SCH085,2025-10-01 00:00:00,7,546,28,271.72,3,1,CMP0241
SCH085,2025-11-01 00:00:00,4,104,12,328.43,0,0,CMP0242
SCH085,2025-12-01 00:00:00,7,518,42,1502.81,2,0,CMP0243
SCH085,2026-01-01 00:00:00,5,235,15,424.23,1,0,CMP0244
SCH085,2026-02-01 00:00:00,4,100,8,249.78,1,0,CMP0245
SCH085,2026-03-01 00:00:00,2,138,4,77.66,0,0,CMP0246
SCH085,2026-04-01 00:00:00,5,170,35,1016.17,2,0,CMP0247
SCH085,2026-05-01 00:00:00,3,150,18,739.48,0,0,CMP0248
SCH085,2026-06-01 00:00:00,4,252,24,273.7,1,0,CMP0249
SCH085,2026-07-01 00:00:00,7,483,28,738.85,2,0,CMP0250
SCH086,2021-01-01 00:00:00,2,60,4,54.66,0,0,CMP0251
SCH086,2021-02-01 00:00:00,5,340,15,184.37,1,0,CMP0252
SCH086,2021-03-01 00:00:00,2,148,10,306.42,0,0,CMP0253
SCH086,2021-04-01 00:00:00,9,513,27,403.82,1,0,CMP0254
SCH086,2021-05-01 00:00:00,2,116,8,329.1,0,0,CMP0255
SCH086,2021-06-01 00:00:00,6,330,24,866.41,0,0,CMP0256
SCH086,2021-07-01 00:00:00,5,120,15,297.56,2,0,CMP0257
SCH086,2021-08-01 00:00:00,4,92,16,700.83,1,0,CMP0258
SCH086,2021-09-01 00:00:00,9,279,18,400.86,3,0,CMP0259
SCH086,2021-10-01 00:00:00,3,183,12,479.11,0,0,CMP0260
SCH086,2021-11-01 00:00:00,3,231,12,224.88,1,0,CMP0261
SCH086,2021-12-01 00:00:00,8,552,56,590.11,2,1,CMP0262
SCH086,2022-01-01 00:00:00,10,300,70,2371.05,3,0,CMP0263
SCH086,2022-02-01 00:00:00,6,150,24,1049,1,0,CMP0264
SCH086,2022-03-01 00:00:00,9,522,27,608.86,1,0,CMP0265
SCH086,2022-04-01 00:00:00,7,245,49,416.69,1,0,CMP0266
SCH086,2022-05-01 00:00:00,6,156,12,422.29,2,0,CMP0267
SCH086,2022-06-01 00:00:00,2,104,10,400.99,0,0,CMP0268
SCH086,2022-07-01 00:00:00,4,180,28,1252.84,0,0,CMP0269
SCH086,2022-08-01 00:00:00,2,94,8,198.15,0,0,CMP0270
SCH086,2022-09-01 00:00:00,5,350,15,559.5,1,0,CMP0271
SCH086,2022-10-01 00:00:00,1,43,2,17.31,0,0,CMP0272
SCH086,2022-11-01 00:00:00,1,64,4,76.42,0,0,CMP0273
SCH086,2022-12-01 00:00:00,6,342,30,844.5,1,0,CMP0274
SCH086,2023-01-01 00:00:00,8,288,24,428.42,1,0,CMP0275
SCH086,2023-02-01 00:00:00,12,888,48,1655.08,3,1,CMP0276
SCH086,2023-03-01 00:00:00,3,219,9,256.79,0,0,CMP0277
SCH086,2023-04-01 00:00:00,4,296,16,162.03,1,0,CMP0278
SCH086,2023-05-01 00:00:00,5,305,15,546.32,1,0,CMP0279
SCH086,2023-06-01 00:00:00,9,522,63,1271.55,2,1,CMP0280
SCH086,2023-07-01 00:00:00,11,649,77,1176.55,2,0,CMP0281
SCH086,2023-08-01 00:00:00,3,150,15,663.62,0,0,CMP0282
SCH086,2023-09-01 00:00:00,2,128,4,151.25,0,0,CMP0283
SCH086,2023-10-01 00:00:00,4,244,16,341.65,1,0,CMP0284
SCH086,2023-11-01 00:00:00,5,295,20,871.43,1,0,CMP0285
SCH086,2023-12-01 00:00:00,2,50,12,284.6,0,0,CMP0286
SCH086,2024-01-01 00:00:00,4,240,20,784.39,1,0,CMP0287
SCH086,2024-02-01 00:00:00,8,232,40,822.94,2,0,CMP0288
SCH086,2024-03-01 00:00:00,9,648,18,585.01,2,0,CMP0289
SCH086,2024-04-01 00:00:00,4,316,28,1012.88,0,0,CMP0290
SCH086,2024-05-01 00:00:00,3,201,12,275.36,0,0,CMP0291
SCH086,2024-06-01 00:00:00,6,372,42,390.38,2,0,CMP0292
SCH086,2024-07-01 00:00:00,6,456,12,255.82,1,0,CMP0293
SCH086,2024-08-01 00:00:00,6,120,18,603.7,1,0,CMP0294
SCH086,2024-09-01 00:00:00,4,236,8,246.26,0,0,CMP0295
SCH086,2024-10-01 00:00:00,6,348,18,404.3,1,0,CMP0296
SCH086,2024-11-01 00:00:00,6,456,12,154.73,1,0,CMP0297
SCH086,2024-12-01 00:00:00,11,308,66,2942.89,4,0,CMP0298
SCH086,2025-01-01 00:00:00,10,550,50,1224.49,3,0,CMP0299
SCH086,2025-02-01 00:00:00,3,180,9,310.8,1,0,CMP0300
SCH086,2025-03-01 00:00:00,6,282,42,1794.95,0,0,CMP0001
SCH086,2025-04-01 00:00:00,5,260,20,796.67,1,0,CMP0002
SCH086,2025-05-01 00:00:00,4,120,28,726.72,1,0,CMP0003
SCH086,2025-06-01 00:00:00,5,210,30,283.54,1,0,CMP0004
SCH086,2025-07-01 00:00:00,5,375,35,1431.71,1,0,CMP0005
SCH086,2025-08-01 00:00:00,6,336,42,559.34,2,0,CMP0006
SCH086,2025-09-01 00:00:00,3,126,12,347.97,0,0,CMP0007
SCH086,2025-10-01 00:00:00,5,215,30,818.32,1,0,CMP0008
SCH086,2025-11-01 00:00:00,5,205,35,1333.72,0,0,CMP0009
SCH086,2025-12-01 00:00:00,2,84,4,98.96,0,0,CMP0010
SCH086,2026-01-01 00:00:00,3,93,9,90.72,0,0,CMP0011
SCH086,2026-02-01 00:00:00,6,438,42,808.32,2,0,CMP0012
SCH086,2026-03-01 00:00:00,2,142,14,371.7,0,0,CMP0013
SCH086,2026-04-01 00:00:00,3,60,12,199.07,1,0,CMP0014
SCH086,2026-05-01 00:00:00,5,165,35,831.94,1,0,CMP0015
SCH086,2026-06-01 00:00:00,5,160,15,359.68,0,0,CMP0016
SCH086,2026-07-01 00:00:00,3,93,21,657.93,1,0,CMP0017
SCH087,2021-01-01 00:00:00,4,240,28,1085.2,1,0,CMP0018
SCH087,2021-02-01 00:00:00,4,196,16,434.31,1,0,CMP0019
SCH087,2021-03-01 00:00:00,6,198,18,786.78,2,0,CMP0020
SCH087,2021-04-01 00:00:00,2,78,6,58.16,0,0,CMP0021
SCH087,2021-05-01 00:00:00,5,295,30,1329.06,1,0,CMP0022
SCH087,2021-06-01 00:00:00,6,444,18,297.17,1,0,CMP0023
SCH087,2021-07-01 00:00:00,4,152,12,497.49,1,0,CMP0024
SCH087,2021-08-01 00:00:00,9,369,18,511.1,1,0,CMP0025
SCH087,2021-09-01 00:00:00,4,244,24,609.67,1,0,CMP0026
SCH087,2021-10-01 00:00:00,5,180,25,438.97,1,0,CMP0027
SCH087,2021-11-01 00:00:00,4,288,16,408.39,0,0,CMP0028
SCH087,2021-12-01 00:00:00,2,86,8,288.23,0,0,CMP0029
SCH087,2022-01-01 00:00:00,6,420,42,1056.03,1,0,CMP0030
SCH087,2022-02-01 00:00:00,3,117,6,222.05,0,0,CMP0031
SCH087,2022-03-01 00:00:00,7,217,21,846.39,1,0,CMP0032
SCH087,2022-04-01 00:00:00,5,215,15,398.65,1,0,CMP0033
SCH087,2022-05-01 00:00:00,4,292,12,485.4,1,0,CMP0034
SCH087,2022-06-01 00:00:00,7,385,49,1529.72,1,0,CMP0035
SCH087,2022-07-01 00:00:00,3,207,9,312.27,0,0,CMP0036
SCH087,2022-08-01 00:00:00,6,462,42,580.55,2,0,CMP0037
SCH087,2022-09-01 00:00:00,6,120,18,674.65,1,0,CMP0038
SCH087,2022-10-01 00:00:00,4,220,28,245.6,0,0,CMP0039
SCH087,2022-11-01 00:00:00,2,102,14,129.84,0,0,CMP0040
SCH087,2022-12-01 00:00:00,5,115,35,1426.61,0,0,CMP0041
SCH087,2023-01-01 00:00:00,8,376,40,1302,3,0,CMP0042
SCH087,2023-02-01 00:00:00,2,110,10,170.63,0,0,CMP0043
SCH087,2023-03-01 00:00:00,10,500,60,2523.55,3,1,CMP0044
SCH087,2023-04-01 00:00:00,9,531,54,683.03,2,1,CMP0045
SCH087,2023-05-01 00:00:00,12,600,24,591.98,4,0,CMP0046
SCH087,2023-06-01 00:00:00,2,134,8,88.96,0,0,CMP0047
SCH087,2023-07-01 00:00:00,3,108,9,74.38,1,0,CMP0048
SCH087,2023-08-01 00:00:00,1,75,4,136.78,0,0,CMP0049
SCH087,2023-09-01 00:00:00,4,132,8,264.98,1,0,CMP0050
SCH087,2023-10-01 00:00:00,3,174,6,217.17,1,0,CMP0051
SCH087,2023-11-01 00:00:00,6,474,12,446.98,1,0,CMP0052
SCH087,2023-12-01 00:00:00,3,108,15,308.73,1,0,CMP0053
SCH087,2024-01-01 00:00:00,8,376,24,840.42,1,0,CMP0054
SCH087,2024-02-01 00:00:00,6,180,36,1504.39,2,0,CMP0055
SCH087,2024-03-01 00:00:00,4,80,16,453.27,1,0,CMP0056
SCH087,2024-04-01 00:00:00,1,40,7,275.38,0,0,CMP0057
SCH087,2024-05-01 00:00:00,3,153,12,346.31,0,0,CMP0058
SCH087,2024-07-01 00:00:00,6,138,30,1122.37,2,1,CMP0059
SCH087,2024-08-01 00:00:00,9,648,18,635.15,1,0,CMP0060
SCH087,2024-09-01 00:00:00,6,168,30,250.02,2,0,CMP0061
SCH087,2024-10-01 00:00:00,4,96,28,771.9,1,0,CMP0062
SCH087,2024-12-01 00:00:00,6,132,36,953.32,2,0,CMP0063
SCH087,2025-01-01 00:00:00,5,345,35,1153.56,1,0,CMP0064
SCH087,2025-02-01 00:00:00,2,62,10,107.17,0,0,CMP0065
SCH087,2025-03-01 00:00:00,5,395,15,588.98,1,0,CMP0066
SCH087,2025-04-01 00:00:00,6,282,18,721.62,1,0,CMP0067
SCH087,2025-05-01 00:00:00,3,117,21,496.91,0,0,CMP0068
SCH087,2025-06-01 00:00:00,9,486,45,1289.94,3,1,CMP0069
SCH087,2025-07-01 00:00:00,2,84,4,174.44,0,0,CMP0070
SCH087,2025-08-01 00:00:00,4,232,24,231.18,1,0,CMP0071
SCH087,2025-09-01 00:00:00,8,184,16,294.18,2,1,CMP0072
SCH087,2025-10-01 00:00:00,7,294,35,1290.31,2,0,CMP0073
SCH087,2025-11-01 00:00:00,6,300,18,763.32,2,0,CMP0074
SCH087,2025-12-01 00:00:00,3,231,18,596.03,0,0,CMP0075
SCH087,2026-01-01 00:00:00,6,204,42,1748.4,2,0,CMP0076
SCH087,2026-02-01 00:00:00,3,204,12,465.52,0,0,CMP0077
SCH087,2026-03-01 00:00:00,6,396,36,740.55,1,0,CMP0078
SCH087,2026-04-01 00:00:00,6,246,24,594.52,2,0,CMP0079
SCH087,2026-05-01 00:00:00,5,355,35,440.03,1,0,CMP0080
SCH087,2026-06-01 00:00:00,8,552,32,1371.3,2,0,CMP0081
SCH087,2026-07-01 00:00:00,7,203,35,1115.42,2,0,CMP0082
SCH088,2021-01-01 00:00:00,2,112,10,265.76,0,0,CMP0083
SCH088,2021-02-01 00:00:00,3,183,6,88.89,1,0,CMP0084
SCH088,2021-03-01 00:00:00,2,64,8,291.65,0,0,CMP0085
SCH088,2021-04-01 00:00:00,7,329,35,1149.65,1,0,CMP0086
SCH088,2021-05-01 00:00:00,2,100,14,159.31,0,0,CMP0087
SCH088,2021-06-01 00:00:00,6,138,24,219.64,2,0,CMP0088
SCH088,2021-07-01 00:00:00,6,390,18,652.25,2,0,CMP0089
SCH088,2021-08-01 00:00:00,1,20,6,82.53,0,0,CMP0090
SCH088,2021-09-01 00:00:00,5,255,25,640.41,1,0,CMP0091
SCH088,2021-10-01 00:00:00,3,99,9,395.76,1,0,CMP0092
SCH088,2021-11-01 00:00:00,7,420,21,903.9,1,0,CMP0093
SCH088,2021-12-01 00:00:00,7,245,49,1286.09,2,0,CMP0094
SCH088,2022-01-01 00:00:00,7,301,28,435.1,2,0,CMP0095
SCH088,2022-02-01 00:00:00,2,86,10,264.52,0,0,CMP0096
SCH088,2022-03-01 00:00:00,4,212,16,665.81,1,0,CMP0097
SCH088,2022-04-01 00:00:00,1,44,3,94.24,0,0,CMP0098
SCH088,2022-05-01 00:00:00,4,260,12,392.28,0,0,CMP0099
SCH088,2022-06-01 00:00:00,5,230,25,275.2,2,0,CMP0100
SCH088,2022-07-01 00:00:00,11,462,33,666.96,2,0,CMP0101
SCH088,2022-08-01 00:00:00,8,416,24,351.07,2,0,CMP0102
SCH088,2022-09-01 00:00:00,2,78,8,66.56,0,0,CMP0103
SCH088,2022-10-01 00:00:00,9,315,36,1227.54,2,0,CMP0104
SCH088,2022-11-01 00:00:00,5,260,35,417.14,1,0,CMP0105
SCH088,2022-12-01 00:00:00,2,98,8,311.54,0,0,CMP0106
SCH088,2023-01-01 00:00:00,1,22,2,42.56,0,0,CMP0107
SCH088,2023-02-01 00:00:00,3,216,18,342.05,1,0,CMP0108
SCH088,2023-03-01 00:00:00,4,100,28,618.1,0,0,CMP0109
SCH088,2023-04-01 00:00:00,8,312,48,945.03,3,1,CMP0110
SCH088,2023-05-01 00:00:00,4,176,16,224.38,0,0,CMP0111
SCH088,2023-06-01 00:00:00,3,141,6,104.48,0,0,CMP0112
SCH088,2023-07-01 00:00:00,4,152,28,347.8,1,0,CMP0113
SCH088,2023-08-01 00:00:00,3,165,15,217.29,1,0,CMP0114
SCH088,2023-09-01 00:00:00,7,252,21,332.5,2,1,CMP0115
SCH088,2023-10-01 00:00:00,7,427,21,778.14,2,0,CMP0116
SCH088,2023-11-01 00:00:00,8,408,16,421.85,2,0,CMP0117
SCH088,2023-12-01 00:00:00,8,448,56,485.8,1,0,CMP0118
SCH088,2024-01-01 00:00:00,3,237,21,866.3,0,0,CMP0119
SCH088,2024-02-01 00:00:00,4,244,12,440.51,1,0,CMP0120
SCH088,2024-03-01 00:00:00,2,136,14,431.21,0,0,CMP0121
SCH088,2024-04-01 00:00:00,3,66,12,503.43,0,0,CMP0122
SCH088,2024-05-01 00:00:00,5,205,35,1029.65,1,0,CMP0123
SCH088,2024-06-01 00:00:00,4,88,12,124.48,0,0,CMP0124
SCH088,2024-07-01 00:00:00,6,162,42,1882.84,2,0,CMP0125
SCH088,2024-08-01 00:00:00,4,84,8,352.07,1,0,CMP0126
SCH088,2024-09-01 00:00:00,4,252,28,1242.83,0,0,CMP0127
SCH088,2024-10-01 00:00:00,1,63,2,16.79,0,0,CMP0128
SCH088,2024-11-01 00:00:00,7,392,42,886.34,2,0,CMP0129
SCH088,2024-12-01 00:00:00,3,222,15,613.87,0,0,CMP0130
SCH088,2025-01-01 00:00:00,4,136,8,79.2,1,0,CMP0131
SCH088,2025-02-01 00:00:00,5,260,20,580.28,1,0,CMP0132
SCH088,2025-03-01 00:00:00,2,50,8,192.58,0,0,CMP0133
SCH088,2025-04-01 00:00:00,2,156,4,126.29,0,0,CMP0134
SCH088,2025-05-01 00:00:00,4,224,20,803.24,1,0,CMP0135
SCH088,2025-06-01 00:00:00,2,42,14,251.54,0,0,CMP0136
SCH088,2025-07-01 00:00:00,6,306,12,413.18,2,0,CMP0137
SCH088,2025-08-01 00:00:00,5,370,35,1563.13,1,0,CMP0138
SCH088,2025-09-01 00:00:00,5,105,20,552.09,1,0,CMP0139
SCH088,2025-10-01 00:00:00,7,518,21,545.7,2,0,CMP0140
SCH088,2025-11-01 00:00:00,1,38,4,129.96,0,0,CMP0141
SCH088,2025-12-01 00:00:00,7,182,21,928.04,2,0,CMP0142
SCH088,2026-01-01 00:00:00,7,161,28,1090.98,1,0,CMP0143
SCH088,2026-02-01 00:00:00,2,134,12,286.27,0,0,CMP0144
SCH088,2026-03-01 00:00:00,4,84,28,1104.02,1,0,CMP0145
SCH088,2026-04-01 00:00:00,3,171,21,545.54,1,0,CMP0146
SCH088,2026-05-01 00:00:00,7,161,14,394.11,2,0,CMP0147
SCH088,2026-06-01 00:00:00,6,306,36,1473.03,1,0,CMP0148
SCH088,2026-07-01 00:00:00,2,70,8,353.87,0,0,CMP0149
SCH089,2021-01-01 00:00:00,3,192,18,730.1,0,0,CMP0150
SCH089,2021-02-01 00:00:00,9,306,18,418.21,1,0,CMP0151
SCH089,2021-03-01 00:00:00,5,200,35,627.57,1,0,CMP0152
SCH089,2021-04-01 00:00:00,5,145,10,363.69,1,0,CMP0153
SCH089,2021-05-01 00:00:00,6,240,12,201.78,1,0,CMP0154
SCH089,2021-06-01 00:00:00,4,244,8,327.78,0,0,CMP0155
SCH089,2021-07-01 00:00:00,4,196,16,519.43,1,0,CMP0156
SCH089,2021-08-01 00:00:00,1,36,2,48.59,0,0,CMP0157
SCH089,2021-09-01 00:00:00,4,204,20,653.6,0,0,CMP0158
SCH089,2021-10-01 00:00:00,10,380,40,1552.68,2,0,CMP0159
SCH089,2021-11-01 00:00:00,6,414,12,258.6,1,0,CMP0160
SCH089,2021-12-01 00:00:00,5,260,20,705.62,1,0,CMP0161
SCH089,2022-01-01 00:00:00,5,200,35,1534.93,1,0,CMP0162
SCH089,2022-02-01 00:00:00,1,74,5,140.3,0,0,CMP0163
SCH089,2022-03-01 00:00:00,5,315,10,253.97,1,0,CMP0164
SCH089,2022-04-01 00:00:00,3,102,15,536.72,0,0,CMP0165
SCH089,2022-05-01 00:00:00,6,426,42,389.44,1,0,CMP0166
SCH089,2022-06-01 00:00:00,4,104,24,976.73,0,0,CMP0167
SCH089,2022-07-01 00:00:00,2,70,14,581.41,0,0,CMP0168
SCH089,2022-08-01 00:00:00,5,385,35,1137.38,0,0,CMP0169
SCH089,2022-09-01 00:00:00,4,280,24,422.47,1,0,CMP0170
SCH089,2022-10-01 00:00:00,7,553,42,1239.15,1,0,CMP0171
SCH089,2022-11-01 00:00:00,2,78,14,488.83,0,0,CMP0172
SCH089,2022-12-01 00:00:00,5,185,30,1317.8,1,0,CMP0173
SCH089,2023-01-01 00:00:00,3,207,18,338.62,0,0,CMP0174
SCH089,2023-02-01 00:00:00,3,225,12,354.4,0,0,CMP0175
SCH089,2023-03-01 00:00:00,4,308,8,319.06,1,0,CMP0176
SCH089,2023-04-01 00:00:00,4,280,20,451.16,1,0,CMP0177
SCH089,2023-05-01 00:00:00,4,172,20,651.39,1,0,CMP0178
SCH089,2023-06-01 00:00:00,3,183,18,480.58,1,0,CMP0179
SCH089,2023-07-01 00:00:00,5,250,25,606.57,1,0,CMP0180
SCH089,2023-08-01 00:00:00,5,280,15,584.14,1,0,CMP0181
SCH089,2023-09-01 00:00:00,4,84,16,536.1,1,0,CMP0182
SCH089,2023-10-01 00:00:00,6,270,36,655.22,2,0,CMP0183
SCH089,2023-11-01 00:00:00,8,216,56,1308.6,2,0,CMP0184
SCH089,2023-12-01 00:00:00,4,168,12,519.34,1,0,CMP0185
SCH089,2024-01-01 00:00:00,4,204,20,833.33,1,0,CMP0186
SCH089,2024-02-01 00:00:00,5,375,30,947.95,2,0,CMP0187
SCH089,2024-03-01 00:00:00,5,215,20,369.86,2,0,CMP0188
SCH089,2024-04-01 00:00:00,7,462,42,718.33,2,0,CMP0189
SCH089,2024-05-01 00:00:00,6,330,24,738.82,1,0,CMP0190
SCH089,2024-06-01 00:00:00,5,155,10,238.07,1,0,CMP0191
SCH089,2024-07-01 00:00:00,5,240,15,626.51,1,0,CMP0192
SCH089,2024-08-01 00:00:00,3,78,18,223.97,0,0,CMP0193
SCH089,2024-09-01 00:00:00,6,336,24,942.74,1,0,CMP0194
SCH089,2024-10-01 00:00:00,5,295,10,325.17,0,0,CMP0195
SCH089,2024-11-01 00:00:00,6,120,12,427.05,2,0,CMP0196
SCH089,2024-12-01 00:00:00,6,240,18,405.53,2,0,CMP0197
SCH089,2025-01-01 00:00:00,4,112,16,391.55,1,0,CMP0198
SCH089,2025-02-01 00:00:00,4,160,16,502.86,1,0,CMP0199
SCH089,2025-03-01 00:00:00,2,60,14,451.01,0,0,CMP0200
SCH089,2025-04-01 00:00:00,3,90,12,184.7,0,0,CMP0201
SCH089,2025-05-01 00:00:00,6,132,36,1594.91,1,0,CMP0202
SCH089,2025-06-01 00:00:00,2,50,8,168.07,0,0,CMP0203
SCH089,2025-07-01 00:00:00,6,234,12,471.73,1,0,CMP0204
SCH089,2025-08-01 00:00:00,5,135,10,353.66,0,0,CMP0205
SCH089,2025-09-01 00:00:00,1,58,5,221.02,0,0,CMP0206
SCH089,2025-10-01 00:00:00,1,70,5,99.24,0,0,CMP0207
SCH089,2025-11-01 00:00:00,2,46,12,319.21,0,0,CMP0208
SCH089,2025-12-01 00:00:00,5,280,30,430.83,2,0,CMP0209
SCH089,2026-01-01 00:00:00,3,210,18,607.22,0,0,CMP0210
SCH089,2026-02-01 00:00:00,7,301,21,372.25,1,0,CMP0211
SCH089,2026-03-01 00:00:00,4,316,12,318.08,0,0,CMP0212
SCH089,2026-04-01 00:00:00,7,553,14,509.86,2,0,CMP0213
SCH089,2026-05-01 00:00:00,7,252,42,774,1,0,CMP0214
SCH089,2026-06-01 00:00:00,6,150,30,721.61,1,0,CMP0215
SCH089,2026-07-01 00:00:00,2,54,12,309.21,0,0,CMP0216
SCH090,2021-01-01 00:00:00,5,115,10,187.81,1,0,CMP0217
SCH090,2021-02-01 00:00:00,5,170,20,473.92,2,0,CMP0218
SCH090,2021-03-01 00:00:00,3,138,15,674.61,0,0,CMP0219
SCH090,2021-04-01 00:00:00,7,546,42,1125.86,2,0,CMP0220
SCH090,2021-05-01 00:00:00,8,296,24,885.36,2,0,CMP0221
SCH090,2021-06-01 00:00:00,4,304,24,268.55,1,0,CMP0222
SCH090,2021-07-01 00:00:00,6,120,24,517.7,1,0,CMP0223
SCH090,2021-08-01 00:00:00,2,70,8,344.05,0,0,CMP0224
SCH090,2021-09-01 00:00:00,8,224,40,458.08,2,0,CMP0225
SCH090,2021-10-01 00:00:00,3,126,12,362.76,0,0,CMP0226
SCH090,2021-11-01 00:00:00,4,116,24,308.76,1,0,CMP0227
SCH090,2021-12-01 00:00:00,5,395,35,1397.13,1,0,CMP0228
SCH090,2022-01-01 00:00:00,2,90,8,78.23,0,0,CMP0229
SCH090,2022-02-01 00:00:00,6,312,30,553.08,1,0,CMP0230
SCH090,2022-03-01 00:00:00,8,192,56,785.56,3,1,CMP0231
SCH090,2022-04-01 00:00:00,5,270,30,1008.14,1,0,CMP0232
SCH090,2022-05-01 00:00:00,4,100,28,359.52,1,0,CMP0233
SCH090,2022-06-01 00:00:00,6,468,18,415.92,2,0,CMP0234
SCH090,2022-07-01 00:00:00,3,129,6,137.5,0,0,CMP0235
SCH090,2022-08-01 00:00:00,5,105,10,273.45,1,0,CMP0236
SCH090,2022-09-01 00:00:00,4,316,24,697.6,1,0,CMP0237
SCH090,2022-10-01 00:00:00,7,553,28,842.66,2,0,CMP0238
SCH090,2022-11-01 00:00:00,1,54,4,63.18,0,0,CMP0239
SCH090,2022-12-01 00:00:00,6,456,24,237.93,2,0,CMP0240
SCH090,2023-01-01 00:00:00,5,210,25,984.55,0,0,CMP0241
SCH090,2023-02-01 00:00:00,4,236,16,281.8,1,0,CMP0242
SCH090,2023-03-01 00:00:00,4,288,20,804.15,0,0,CMP0243
SCH090,2023-04-01 00:00:00,1,32,2,38.01,0,0,CMP0244
SCH090,2023-05-01 00:00:00,1,46,3,93.78,0,0,CMP0245
SCH090,2023-06-01 00:00:00,6,474,36,1320.17,1,0,CMP0246
SCH090,2023-07-01 00:00:00,6,162,42,1137.99,2,0,CMP0247
SCH090,2023-08-01 00:00:00,4,260,8,239.36,0,0,CMP0248
SCH090,2023-09-01 00:00:00,5,155,15,604.56,1,0,CMP0249
SCH090,2023-10-01 00:00:00,6,456,42,1665.8,2,0,CMP0250
SCH090,2023-11-01 00:00:00,4,104,16,384.02,1,0,CMP0251
SCH090,2023-12-01 00:00:00,6,240,18,600.47,1,0,CMP0252
SCH090,2024-01-01 00:00:00,5,215,10,328.09,1,0,CMP0253
SCH090,2024-02-01 00:00:00,3,183,12,325.44,1,0,CMP0254
SCH090,2024-03-01 00:00:00,3,120,21,285.23,0,0,CMP0255
SCH090,2024-04-01 00:00:00,3,237,6,58.58,1,0,CMP0256
SCH090,2024-05-01 00:00:00,6,240,42,1249.32,1,0,CMP0257
SCH090,2024-06-01 00:00:00,1,61,7,141.82,0,0,CMP0258
SCH090,2024-07-01 00:00:00,4,280,24,345.56,1,0,CMP0259
SCH090,2024-08-01 00:00:00,6,198,24,752.49,2,0,CMP0260
SCH090,2024-09-01 00:00:00,8,248,24,807.17,2,0,CMP0261
SCH090,2024-10-01 00:00:00,2,40,4,143.86,0,0,CMP0262
SCH090,2024-11-01 00:00:00,5,230,15,666.56,2,0,CMP0263
SCH090,2024-12-01 00:00:00,3,219,12,507.01,0,0,CMP0264
SCH090,2025-01-01 00:00:00,2,98,8,273.74,0,0,CMP0265
SCH090,2025-02-01 00:00:00,3,186,6,259.93,1,0,CMP0266
SCH090,2025-03-01 00:00:00,4,276,16,250.15,0,0,CMP0267
SCH090,2025-04-01 00:00:00,5,185,35,443.23,0,0,CMP0268
SCH090,2025-05-01 00:00:00,5,395,15,647.75,0,0,CMP0269
SCH090,2025-06-01 00:00:00,4,140,24,694.79,1,0,CMP0270
SCH090,2025-07-01 00:00:00,4,104,8,219.27,1,0,CMP0271
SCH090,2025-08-01 00:00:00,3,126,21,707.09,1,0,CMP0272
SCH090,2025-09-01 00:00:00,3,90,6,203.61,0,0,CMP0273
SCH090,2025-10-01 00:00:00,4,124,8,317.08,0,0,CMP0274
SCH090,2025-11-01 00:00:00,4,188,24,914.8,0,0,CMP0275
SCH090,2025-12-01 00:00:00,4,296,24,1042.85,1,0,CMP0276
SCH090,2026-01-01 00:00:00,1,35,6,194.43,0,0,CMP0277
SCH090,2026-02-01 00:00:00,5,240,30,946.95,1,0,CMP0278
SCH090,2026-03-01 00:00:00,4,196,16,592.29,1,0,CMP0279
SCH090,2026-04-01 00:00:00,5,355,15,558.71,1,0,CMP0280
SCH090,2026-05-01 00:00:00,3,195,18,576.91,1,0,CMP0281
SCH090,2026-06-01 00:00:00,6,228,18,175.22,1,0,CMP0282
SCH090,2026-07-01 00:00:00,6,228,30,973.46,1,0,CMP0283
SCH091,2021-01-01 00:00:00,2,110,4,140.18,0,0,CMP0284
SCH091,2021-02-01 00:00:00,7,175,21,648.41,1,0,CMP0285
SCH091,2021-03-01 00:00:00,3,207,9,166.51,0,0,CMP0286
SCH091,2021-04-01 00:00:00,6,300,42,573.9,1,0,CMP0287
SCH091,2021-05-01 00:00:00,2,42,14,190.48,0,0,CMP0288
SCH091,2021-06-01 00:00:00,9,369,63,1478.14,2,0,CMP0289
SCH091,2021-07-01 00:00:00,10,410,50,1618.69,3,1,CMP0290
SCH091,2021-08-01 00:00:00,3,102,15,390.56,0,0,CMP0291
SCH091,2021-09-01 00:00:00,4,96,8,166.77,0,0,CMP0292
SCH091,2021-10-01 00:00:00,2,154,4,93.91,0,0,CMP0293
SCH091,2021-11-01 00:00:00,4,140,28,467.47,1,0,CMP0294
SCH091,2021-12-01 00:00:00,2,140,8,115.66,0,0,CMP0295
SCH091,2022-01-01 00:00:00,3,216,21,223.45,0,0,CMP0296
SCH091,2022-02-01 00:00:00,3,144,9,95.9,1,0,CMP0297
SCH091,2022-03-01 00:00:00,5,390,35,1262.46,1,0,CMP0298
SCH091,2022-04-01 00:00:00,5,115,10,280.38,1,0,CMP0299
SCH091,2022-05-01 00:00:00,6,300,12,503.68,1,0,CMP0300
SCH091,2022-06-01 00:00:00,5,155,10,336.06,0,0,CMP0001
SCH091,2022-07-01 00:00:00,7,483,49,402.64,1,0,CMP0002
SCH091,2022-08-01 00:00:00,3,222,6,56.91,0,0,CMP0003
SCH091,2022-09-01 00:00:00,5,205,15,167.18,1,0,CMP0004
SCH091,2022-10-01 00:00:00,8,184,40,358.09,3,1,CMP0005
SCH091,2022-11-01 00:00:00,2,142,6,254.26,0,0,CMP0006
SCH091,2022-12-01 00:00:00,4,152,16,346.68,0,0,CMP0007
SCH091,2023-01-01 00:00:00,5,300,20,447.43,1,0,CMP0008
SCH091,2023-02-01 00:00:00,1,43,2,25.33,0,0,CMP0009
SCH091,2023-03-01 00:00:00,9,648,36,1244.85,1,0,CMP0010
SCH091,2023-04-01 00:00:00,12,540,72,1127.5,2,0,CMP0011
SCH091,2023-05-01 00:00:00,6,126,24,970.38,1,0,CMP0012
SCH091,2023-07-01 00:00:00,4,200,16,327.89,1,0,CMP0013
SCH091,2023-08-01 00:00:00,7,364,49,906.14,2,1,CMP0014
SCH091,2023-09-01 00:00:00,5,355,20,346.88,1,0,CMP0015
SCH091,2023-10-01 00:00:00,1,37,5,142.77,0,0,CMP0016
SCH091,2023-11-01 00:00:00,6,162,42,1591.11,2,1,CMP0017
SCH091,2023-12-01 00:00:00,5,170,25,202,1,0,CMP0018
SCH091,2024-01-01 00:00:00,4,248,20,607.12,1,0,CMP0019
SCH091,2024-02-01 00:00:00,4,280,20,391.27,1,0,CMP0020
SCH091,2024-03-01 00:00:00,4,100,12,204.72,0,0,CMP0021
SCH091,2024-04-01 00:00:00,11,308,55,1163.27,3,0,CMP0022
SCH091,2024-05-01 00:00:00,10,600,30,424.95,1,0,CMP0023
SCH091,2024-06-01 00:00:00,5,115,20,489.45,0,0,CMP0024
SCH091,2024-07-01 00:00:00,4,100,28,627.3,1,0,CMP0025
SCH091,2024-08-01 00:00:00,3,189,21,672.32,1,0,CMP0026
SCH091,2024-09-01 00:00:00,2,68,14,327.03,0,0,CMP0027
SCH091,2024-10-01 00:00:00,8,256,16,214.13,3,1,CMP0028
SCH091,2024-11-01 00:00:00,3,177,6,254.01,0,0,CMP0029
SCH091,2024-12-01 00:00:00,3,162,15,246.97,0,0,CMP0030
SCH091,2025-01-01 00:00:00,1,39,7,165.57,0,0,CMP0031
SCH091,2025-03-01 00:00:00,5,150,30,794.74,1,0,CMP0032
SCH091,2025-04-01 00:00:00,1,35,2,22.89,0,0,CMP0033
SCH091,2025-05-01 00:00:00,3,228,9,372.33,0,0,CMP0034
SCH091,2025-06-01 00:00:00,6,450,18,407.32,2,0,CMP0035
SCH091,2025-07-01 00:00:00,12,816,48,770.22,1,0,CMP0036
SCH091,2025-08-01 00:00:00,8,624,32,1103.41,2,0,CMP0037
SCH091,2025-09-01 00:00:00,2,142,12,154.27,0,0,CMP0038
SCH091,2025-10-01 00:00:00,4,156,16,585.31,1,0,CMP0039
SCH091,2025-11-01 00:00:00,5,205,10,351.54,0,0,CMP0040
SCH091,2025-12-01 00:00:00,3,99,12,320.55,1,0,CMP0041
SCH091,2026-01-01 00:00:00,1,38,4,85.05,0,0,CMP0042
SCH091,2026-02-01 00:00:00,3,180,12,274.46,0,0,CMP0043
SCH091,2026-03-01 00:00:00,5,250,35,432.87,1,0,CMP0044
SCH091,2026-04-01 00:00:00,5,155,15,298.12,1,0,CMP0045
SCH091,2026-05-01 00:00:00,6,150,36,697.43,1,0,CMP0046
SCH091,2026-06-01 00:00:00,2,142,10,204.95,0,0,CMP0047
SCH091,2026-07-01 00:00:00,4,304,16,691.42,1,0,CMP0048
SCH092,2021-01-01 00:00:00,3,84,9,94.19,0,0,CMP0049
SCH092,2021-02-01 00:00:00,4,268,28,812.11,1,0,CMP0050
SCH092,2021-03-01 00:00:00,4,144,8,139.85,0,0,CMP0051
SCH092,2021-04-01 00:00:00,6,276,30,421.8,2,0,CMP0052
SCH092,2021-05-01 00:00:00,5,225,20,444.53,1,0,CMP0053
SCH092,2021-06-01 00:00:00,9,405,63,2168.24,3,1,CMP0054
SCH092,2021-07-01 00:00:00,10,360,40,1195.94,2,1,CMP0055
SCH092,2021-08-01 00:00:00,5,360,25,506.78,2,0,CMP0056
SCH092,2021-09-01 00:00:00,8,592,32,743.75,3,1,CMP0057
SCH092,2021-10-01 00:00:00,10,320,70,2008.51,1,0,CMP0058
SCH092,2021-11-01 00:00:00,4,280,28,950.36,1,0,CMP0059
SCH092,2021-12-01 00:00:00,6,168,12,539.82,1,0,CMP0060
SCH092,2022-01-01 00:00:00,6,138,24,549.02,1,0,CMP0061
SCH092,2022-02-01 00:00:00,2,114,10,446.78,0,0,CMP0062
SCH092,2022-03-01 00:00:00,9,540,27,847.43,3,1,CMP0063
SCH092,2022-04-01 00:00:00,12,252,36,948.84,3,1,CMP0064
SCH092,2022-05-01 00:00:00,5,215,35,491.14,1,0,CMP0065
SCH092,2022-06-01 00:00:00,6,156,30,1208.23,2,0,CMP0066
SCH092,2022-07-01 00:00:00,7,441,49,473.46,2,0,CMP0067
SCH092,2022-08-01 00:00:00,5,335,20,277.52,1,0,CMP0068
SCH092,2022-09-01 00:00:00,7,448,14,489.08,2,0,CMP0069
SCH092,2022-10-01 00:00:00,10,520,50,421.76,2,0,CMP0070
SCH092,2022-11-01 00:00:00,4,244,24,902.98,1,0,CMP0071
SCH092,2022-12-01 00:00:00,4,196,28,988.15,1,0,CMP0072
SCH092,2023-01-01 00:00:00,7,217,28,287.56,1,0,CMP0073
SCH092,2023-02-01 00:00:00,7,427,21,929.68,2,0,CMP0074
SCH092,2023-03-01 00:00:00,9,504,45,1694.16,3,1,CMP0075
SCH092,2023-04-01 00:00:00,1,23,6,91.17,0,0,CMP0076
SCH092,2023-05-01 00:00:00,2,122,14,416.72,0,0,CMP0077
SCH092,2023-06-01 00:00:00,5,340,25,796.69,0,0,CMP0078
SCH092,2023-07-01 00:00:00,5,200,30,428.96,1,0,CMP0079
SCH092,2023-08-01 00:00:00,3,180,6,248.82,0,0,CMP0080
SCH092,2023-09-01 00:00:00,5,180,15,326.79,1,0,CMP0081
SCH092,2023-10-01 00:00:00,2,54,6,192.43,0,0,CMP0082
SCH092,2023-11-01 00:00:00,6,246,42,1849.41,1,0,CMP0083
SCH092,2023-12-01 00:00:00,1,22,7,134.55,0,0,CMP0084
SCH092,2024-01-01 00:00:00,5,370,15,620.68,2,0,CMP0085
SCH092,2024-02-01 00:00:00,7,455,14,626.74,1,0,CMP0086
SCH092,2024-03-01 00:00:00,2,122,10,336.89,0,0,CMP0087
SCH092,2024-04-01 00:00:00,4,248,20,893.2,0,0,CMP0088
SCH092,2024-05-01 00:00:00,6,414,24,201.09,2,0,CMP0089
SCH092,2024-06-01 00:00:00,2,96,10,343.31,0,0,CMP0090
SCH092,2024-07-01 00:00:00,5,335,20,748.07,1,0,CMP0091
SCH092,2024-08-01 00:00:00,4,256,20,410.28,0,0,CMP0092
SCH092,2024-09-01 00:00:00,4,180,28,691.88,0,0,CMP0093
SCH092,2024-10-01 00:00:00,7,147,35,293.87,2,0,CMP0094
SCH092,2024-11-01 00:00:00,10,430,20,318.12,4,1,CMP0095
SCH092,2024-12-01 00:00:00,5,330,15,317.39,0,0,CMP0096
SCH092,2025-01-01 00:00:00,3,144,21,906.9,1,0,CMP0097
SCH092,2025-02-01 00:00:00,6,150,12,283.7,2,0,CMP0098
SCH092,2025-03-01 00:00:00,3,171,9,286.86,0,0,CMP0099
SCH092,2025-04-01 00:00:00,4,248,28,637.84,1,0,CMP0100
SCH092,2025-05-01 00:00:00,2,150,12,398.08,0,0,CMP0101
SCH092,2025-06-01 00:00:00,10,200,40,1582.35,2,0,CMP0102
SCH092,2025-07-01 00:00:00,7,231,49,463.71,1,0,CMP0103
SCH092,2025-08-01 00:00:00,6,294,24,850.36,1,0,CMP0104
SCH092,2025-09-01 00:00:00,5,190,15,655.61,1,0,CMP0105
SCH092,2025-10-01 00:00:00,5,200,15,527.8,1,0,CMP0106
SCH092,2025-11-01 00:00:00,5,370,15,397.04,1,0,CMP0107
SCH092,2025-12-01 00:00:00,5,275,30,662.91,1,0,CMP0108
SCH092,2026-01-01 00:00:00,3,153,21,572.26,0,0,CMP0109
SCH092,2026-02-01 00:00:00,2,110,8,218.2,0,0,CMP0110
SCH092,2026-03-01 00:00:00,4,268,20,326.49,1,0,CMP0111
SCH092,2026-04-01 00:00:00,5,245,35,931.2,2,1,CMP0112
SCH092,2026-05-01 00:00:00,9,639,63,1916.62,3,0,CMP0113
SCH092,2026-06-01 00:00:00,5,245,15,342.96,1,0,CMP0114
SCH092,2026-07-01 00:00:00,9,279,54,1990.62,2,0,CMP0115
SCH093,2021-01-01 00:00:00,4,244,20,680.34,1,0,CMP0116
SCH093,2021-02-01 00:00:00,1,42,5,171.44,0,0,CMP0117
SCH093,2021-03-01 00:00:00,7,434,14,193.47,1,0,CMP0118
SCH093,2021-04-01 00:00:00,6,264,12,451.23,2,1,CMP0119
SCH093,2021-05-01 00:00:00,2,48,4,118.73,0,0,CMP0120
SCH093,2021-06-01 00:00:00,7,189,14,346.96,2,0,CMP0121
SCH093,2021-07-01 00:00:00,3,78,12,382.79,0,0,CMP0122
SCH093,2021-08-01 00:00:00,5,335,35,1411,2,0,CMP0123
SCH093,2021-09-01 00:00:00,9,657,18,627.03,3,1,CMP0124
SCH093,2021-10-01 00:00:00,7,504,21,722.33,2,0,CMP0125
SCH093,2021-11-01 00:00:00,7,525,35,495.41,1,0,CMP0126
SCH093,2021-12-01 00:00:00,4,248,28,1037.5,1,0,CMP0127
SCH093,2022-01-01 00:00:00,4,176,12,142.64,1,0,CMP0128
SCH093,2022-02-01 00:00:00,5,275,20,775.04,2,0,CMP0129
SCH093,2022-03-01 00:00:00,3,93,6,176.54,0,0,CMP0130
SCH093,2022-04-01 00:00:00,2,118,4,135.11,0,0,CMP0131
SCH093,2022-05-01 00:00:00,3,72,18,780.21,0,0,CMP0132
SCH093,2022-06-01 00:00:00,9,423,63,2068.82,3,1,CMP0133
SCH093,2022-07-01 00:00:00,3,90,9,295.82,1,0,CMP0134
SCH093,2022-08-01 00:00:00,6,462,30,625.94,2,0,CMP0135
SCH093,2022-09-01 00:00:00,5,375,30,518.59,1,0,CMP0136
SCH093,2022-10-01 00:00:00,6,396,42,1731.97,1,0,CMP0137
SCH093,2022-11-01 00:00:00,3,102,12,392.98,0,0,CMP0138
SCH093,2022-12-01 00:00:00,5,245,35,1159.12,1,0,CMP0139
SCH093,2023-01-01 00:00:00,4,220,12,225.93,1,0,CMP0140
SCH093,2023-02-01 00:00:00,3,75,18,790.89,0,0,CMP0141
SCH093,2023-03-01 00:00:00,7,385,14,337.51,2,0,CMP0142
SCH093,2023-04-01 00:00:00,2,84,10,108,0,0,CMP0143
SCH093,2023-05-01 00:00:00,3,225,12,207.78,1,0,CMP0144
SCH093,2023-06-01 00:00:00,6,198,42,1192.45,2,0,CMP0145
SCH093,2023-07-01 00:00:00,7,329,35,930.8,2,0,CMP0146
SCH093,2023-08-01 00:00:00,4,124,20,282.25,1,0,CMP0147
SCH093,2023-09-01 00:00:00,4,272,8,288.79,1,0,CMP0148
SCH093,2023-10-01 00:00:00,6,150,30,931.47,1,0,CMP0149
SCH093,2023-11-01 00:00:00,5,390,30,368.54,1,0,CMP0150
SCH093,2023-12-01 00:00:00,4,92,16,591.38,1,0,CMP0151
SCH093,2024-01-01 00:00:00,8,560,48,693.43,3,1,CMP0152
SCH093,2024-02-01 00:00:00,1,75,4,42.93,0,0,CMP0153
SCH093,2024-03-01 00:00:00,4,124,20,865.21,1,0,CMP0154
SCH093,2024-04-01 00:00:00,4,180,28,1136.83,1,0,CMP0155
SCH093,2024-05-01 00:00:00,4,284,12,491.97,1,0,CMP0156
SCH093,2024-06-01 00:00:00,7,175,49,1444.3,2,0,CMP0157
SCH093,2024-07-01 00:00:00,9,585,54,2071.26,2,0,CMP0158
SCH093,2024-08-01 00:00:00,7,252,28,1124.01,2,0,CMP0159
SCH093,2024-09-01 00:00:00,3,69,12,219.63,0,0,CMP0160
SCH093,2024-10-01 00:00:00,4,228,28,1213.72,1,0,CMP0161
SCH093,2024-11-01 00:00:00,6,420,24,339.31,1,0,CMP0162
SCH093,2024-12-01 00:00:00,4,140,24,427.47,0,0,CMP0163
SCH093,2025-01-01 00:00:00,5,185,35,686.59,0,0,CMP0164
SCH093,2025-02-01 00:00:00,3,183,18,629.54,0,0,CMP0165
SCH093,2025-03-01 00:00:00,3,117,12,171.91,0,0,CMP0166
SCH093,2025-04-01 00:00:00,6,390,18,477.01,1,0,CMP0167
SCH093,2025-05-01 00:00:00,2,74,4,100.08,0,0,CMP0168
SCH093,2025-06-01 00:00:00,4,228,16,624.43,1,0,CMP0169
SCH093,2025-07-01 00:00:00,3,210,18,761.56,1,0,CMP0170
SCH093,2025-08-01 00:00:00,7,497,49,429.5,3,1,CMP0171
SCH093,2025-09-01 00:00:00,7,357,49,1622.4,1,0,CMP0172
SCH093,2025-10-01 00:00:00,8,544,40,1768.58,3,1,CMP0173
SCH093,2025-11-01 00:00:00,4,140,28,556.23,0,0,CMP0174
SCH093,2025-12-01 00:00:00,5,390,30,1223.58,2,0,CMP0175
SCH093,2026-01-01 00:00:00,2,112,4,127.62,0,0,CMP0176
SCH093,2026-02-01 00:00:00,4,120,28,869.62,1,0,CMP0177
SCH093,2026-03-01 00:00:00,1,25,3,82.9,0,0,CMP0178
SCH093,2026-04-01 00:00:00,5,360,10,449.59,1,0,CMP0179
SCH093,2026-05-01 00:00:00,4,260,28,529.76,1,0,CMP0180
SCH093,2026-06-01 00:00:00,7,497,49,1712.68,3,0,CMP0181
SCH093,2026-07-01 00:00:00,3,72,21,834.36,0,0,CMP0182
SCH094,2021-01-01 00:00:00,5,380,10,317.77,1,0,CMP0183
SCH094,2021-02-01 00:00:00,2,108,4,60.66,0,0,CMP0184
SCH094,2021-03-01 00:00:00,2,156,10,164.11,0,0,CMP0185
SCH094,2021-04-01 00:00:00,6,414,12,258.4,1,0,CMP0186
SCH094,2021-06-01 00:00:00,6,378,24,351.33,2,0,CMP0187
SCH094,2021-07-01 00:00:00,8,544,48,601.27,3,1,CMP0188
SCH094,2021-08-01 00:00:00,6,198,12,222.69,2,1,CMP0189
SCH094,2021-09-01 00:00:00,7,532,35,1109.18,1,0,CMP0190
SCH094,2021-10-01 00:00:00,4,208,16,168.4,1,0,CMP0191
SCH094,2021-11-01 00:00:00,6,354,24,1047.49,1,0,CMP0192
SCH094,2021-12-01 00:00:00,5,140,30,670.16,1,0,CMP0193
SCH094,2022-01-01 00:00:00,2,62,14,177.99,0,0,CMP0194
SCH094,2022-02-01 00:00:00,8,240,40,802.22,3,1,CMP0195
SCH094,2022-03-01 00:00:00,6,390,36,1184.36,1,0,CMP0196
SCH094,2022-04-01 00:00:00,4,100,12,285.67,0,0,CMP0197
SCH094,2022-05-01 00:00:00,5,360,15,339.35,0,0,CMP0198
SCH094,2022-06-01 00:00:00,4,296,24,498.72,0,0,CMP0199
SCH094,2022-07-01 00:00:00,6,312,18,162.95,1,0,CMP0200
SCH094,2022-08-01 00:00:00,4,272,24,656,1,0,CMP0201
SCH094,2022-09-01 00:00:00,6,174,12,167.52,1,0,CMP0202
SCH094,2022-10-01 00:00:00,7,217,28,557.05,2,0,CMP0203
SCH094,2022-11-01 00:00:00,5,120,25,326.85,1,0,CMP0204
SCH094,2022-12-01 00:00:00,3,111,6,104.15,1,0,CMP0205
SCH094,2023-01-01 00:00:00,8,328,40,833.45,2,0,CMP0206
SCH094,2023-02-01 00:00:00,2,116,6,99.87,0,0,CMP0207
SCH094,2023-03-01 00:00:00,4,80,12,265.15,1,0,CMP0208
SCH094,2023-04-01 00:00:00,2,104,12,524.52,0,0,CMP0209
SCH094,2023-05-01 00:00:00,5,370,20,769.97,1,0,CMP0210
SCH094,2023-06-01 00:00:00,3,84,15,353.02,0,0,CMP0211
SCH094,2023-07-01 00:00:00,4,104,12,306.61,1,0,CMP0212
SCH094,2023-08-01 00:00:00,8,496,48,722.22,2,0,CMP0213
SCH094,2023-09-01 00:00:00,8,600,16,421.39,3,1,CMP0214
SCH094,2023-10-01 00:00:00,6,390,18,733.6,2,0,CMP0215
SCH094,2023-11-01 00:00:00,2,78,4,103.12,0,0,CMP0216
SCH094,2023-12-01 00:00:00,3,153,12,432.57,0,0,CMP0217
SCH094,2024-01-01 00:00:00,7,455,35,1405.17,1,0,CMP0218
SCH094,2024-02-01 00:00:00,7,259,21,610.59,1,0,CMP0219
SCH094,2024-03-01 00:00:00,5,275,15,138.47,1,0,CMP0220
SCH094,2024-04-01 00:00:00,2,66,8,72.29,0,0,CMP0221
SCH094,2024-05-01 00:00:00,3,129,9,236.37,0,0,CMP0222
SCH094,2024-06-01 00:00:00,6,276,24,752.99,1,0,CMP0223
SCH094,2024-07-01 00:00:00,4,140,28,387.56,1,0,CMP0224
SCH094,2024-08-01 00:00:00,3,111,15,425.54,0,0,CMP0225
SCH094,2024-09-01 00:00:00,4,152,24,798.46,0,0,CMP0226
SCH094,2024-10-01 00:00:00,5,225,15,346.83,1,0,CMP0227
SCH094,2024-11-01 00:00:00,4,184,8,76.73,1,0,CMP0228
SCH094,2024-12-01 00:00:00,2,76,4,126.04,0,0,CMP0229
SCH094,2025-01-01 00:00:00,4,216,8,230.97,0,0,CMP0230
SCH094,2025-02-01 00:00:00,6,240,36,685.53,1,0,CMP0231
SCH094,2025-03-01 00:00:00,8,384,16,662.12,1,0,CMP0232
SCH094,2025-04-01 00:00:00,6,270,36,655.31,2,0,CMP0233
SCH094,2025-05-01 00:00:00,5,370,35,856.14,0,0,CMP0234
SCH094,2025-06-01 00:00:00,1,46,7,293,0,0,CMP0235
SCH094,2025-07-01 00:00:00,5,245,10,344.27,1,0,CMP0236
SCH094,2025-08-01 00:00:00,5,185,25,371.59,2,1,CMP0237
SCH094,2025-09-01 00:00:00,4,212,12,240.38,1,0,CMP0238
SCH094,2025-10-01 00:00:00,2,108,10,182.64,0,0,CMP0239
SCH094,2025-11-01 00:00:00,7,546,14,492.58,2,0,CMP0240
SCH094,2025-12-01 00:00:00,5,200,10,245.4,1,0,CMP0241
SCH094,2026-01-01 00:00:00,8,312,40,351.51,3,0,CMP0242
SCH094,2026-02-01 00:00:00,7,287,28,621.35,1,0,CMP0243
SCH094,2026-03-01 00:00:00,3,129,15,312.45,1,0,CMP0244
SCH094,2026-04-01 00:00:00,3,129,18,632.3,0,0,CMP0245
SCH094,2026-05-01 00:00:00,4,112,12,386.47,1,0,CMP0246
SCH094,2026-06-01 00:00:00,4,216,12,112.84,1,0,CMP0247
SCH094,2026-07-01 00:00:00,9,369,54,862.87,2,1,CMP0248
SCH095,2021-02-01 00:00:00,6,312,24,1031.17,2,0,CMP0249
SCH095,2021-03-01 00:00:00,4,96,12,289.11,1,0,CMP0250
SCH095,2021-04-01 00:00:00,5,130,15,644.67,1,0,CMP0251
SCH095,2021-05-01 00:00:00,2,94,6,121.72,0,0,CMP0252
SCH095,2021-06-01 00:00:00,1,33,6,86.98,0,0,CMP0253
SCH095,2021-07-01 00:00:00,5,275,35,1562.05,2,1,CMP0254
SCH095,2021-08-01 00:00:00,9,702,18,506.72,3,0,CMP0255
SCH095,2021-09-01 00:00:00,8,584,40,1586.69,1,0,CMP0256
SCH095,2021-10-01 00:00:00,4,236,20,760.19,0,0,CMP0257
SCH095,2021-11-01 00:00:00,4,244,20,817.47,1,0,CMP0258
SCH095,2021-12-01 00:00:00,3,78,18,266.32,1,0,CMP0259
SCH095,2022-01-01 00:00:00,8,232,16,614.91,1,0,CMP0260
SCH095,2022-02-01 00:00:00,5,115,20,798.71,2,0,CMP0261
SCH095,2022-03-01 00:00:00,5,175,15,232.92,1,0,CMP0262
SCH095,2022-04-01 00:00:00,6,162,12,361.02,1,0,CMP0263
SCH095,2022-05-01 00:00:00,5,350,15,593.37,2,0,CMP0264
SCH095,2022-06-01 00:00:00,6,456,24,339.97,2,0,CMP0265
SCH095,2022-07-01 00:00:00,5,180,35,1197.28,1,0,CMP0266
SCH095,2022-08-01 00:00:00,2,54,12,127.69,0,0,CMP0267
SCH095,2022-09-01 00:00:00,3,237,21,787.38,0,0,CMP0268
SCH095,2022-10-01 00:00:00,2,88,4,122.64,0,0,CMP0269
SCH095,2022-11-01 00:00:00,6,258,24,215.97,1,0,CMP0270
SCH095,2022-12-01 00:00:00,4,172,20,631.23,1,0,CMP0271
SCH095,2023-01-01 00:00:00,5,320,30,966.04,1,0,CMP0272
SCH095,2023-02-01 00:00:00,6,456,24,234.09,2,0,CMP0273
SCH095,2023-03-01 00:00:00,7,259,14,343.68,2,0,CMP0274
SCH095,2023-04-01 00:00:00,6,330,36,310.52,1,0,CMP0275
SCH095,2023-05-01 00:00:00,1,46,4,139.23,0,0,CMP0276
SCH095,2023-06-01 00:00:00,10,460,70,774.21,1,0,CMP0277
SCH095,2023-07-01 00:00:00,9,369,54,1758.48,2,0,CMP0278
SCH095,2023-08-01 00:00:00,5,290,20,695.55,1,0,CMP0279
SCH095,2023-09-01 00:00:00,4,176,12,142.85,0,0,CMP0280
SCH095,2023-10-01 00:00:00,9,531,63,1869.31,1,0,CMP0281
SCH095,2023-11-01 00:00:00,5,215,20,511.08,1,0,CMP0282
SCH095,2023-12-01 00:00:00,7,364,21,846.32,1,0,CMP0283
SCH095,2024-01-01 00:00:00,7,406,49,468.9,2,1,CMP0284
SCH095,2024-02-01 00:00:00,2,118,10,366.54,0,0,CMP0285
SCH095,2024-03-01 00:00:00,5,375,10,307.69,0,0,CMP0286
SCH095,2024-04-01 00:00:00,5,290,20,268.36,0,0,CMP0287
SCH095,2024-05-01 00:00:00,7,252,14,597.03,2,0,CMP0288
SCH095,2024-07-01 00:00:00,4,216,24,323,1,0,CMP0289
SCH095,2024-08-01 00:00:00,5,100,20,333.44,1,0,CMP0290
SCH095,2024-09-01 00:00:00,3,207,15,247.63,0,0,CMP0291
SCH095,2024-10-01 00:00:00,7,315,21,697.96,2,0,CMP0292
SCH095,2024-11-01 00:00:00,3,108,18,653.8,1,0,CMP0293
SCH095,2024-12-01 00:00:00,7,504,49,1936.63,2,0,CMP0294
SCH095,2025-01-01 00:00:00,9,549,27,464.45,3,1,CMP0295
SCH095,2025-02-01 00:00:00,1,39,5,149.95,0,0,CMP0296
SCH095,2025-03-01 00:00:00,2,136,14,299.53,0,0,CMP0297
SCH095,2025-04-01 00:00:00,7,350,49,1543.84,2,0,CMP0298
SCH095,2025-05-01 00:00:00,2,78,4,54.97,0,0,CMP0299
SCH095,2025-06-01 00:00:00,7,504,42,1364.68,3,0,CMP0300
SCH095,2025-07-01 00:00:00,4,316,20,352.08,0,0,CMP0001
SCH095,2025-08-01 00:00:00,6,294,30,752.93,1,0,CMP0002
SCH095,2025-09-01 00:00:00,4,188,8,164.02,1,0,CMP0003
SCH095,2025-10-01 00:00:00,6,282,24,275.28,1,0,CMP0004
SCH095,2025-11-01 00:00:00,1,22,7,105.72,0,0,CMP0005
SCH095,2025-12-01 00:00:00,9,405,18,576.8,3,1,CMP0006
SCH095,2026-01-01 00:00:00,6,324,12,513.82,2,0,CMP0007
SCH095,2026-02-01 00:00:00,2,110,14,594.7,0,0,CMP0008
SCH095,2026-03-01 00:00:00,4,108,16,458.28,1,0,CMP0009
SCH095,2026-04-01 00:00:00,6,186,24,1011.56,1,0,CMP0010
SCH095,2026-05-01 00:00:00,1,22,7,66.66,0,0,CMP0011
SCH095,2026-06-01 00:00:00,4,164,8,206.24,0,0,CMP0012
SCH095,2026-07-01 00:00:00,1,62,6,71.98,0,0,CMP0013
SCH096,2021-01-01 00:00:00,5,325,30,793.12,1,0,CMP0014
SCH096,2021-02-01 00:00:00,2,112,12,289.32,0,0,CMP0015
SCH096,2021-03-01 00:00:00,8,616,32,1009.86,1,0,CMP0016
SCH096,2021-04-01 00:00:00,4,140,12,487.47,0,0,CMP0017
SCH096,2021-05-01 00:00:00,6,174,24,241.45,1,0,CMP0018
SCH096,2021-06-01 00:00:00,4,312,20,871.11,0,0,CMP0019
SCH096,2021-07-01 00:00:00,6,288,24,210.52,2,0,CMP0020
SCH096,2021-08-01 00:00:00,6,348,30,1282.91,2,0,CMP0021
SCH096,2021-09-01 00:00:00,5,260,10,164.16,2,0,CMP0022
SCH096,2021-10-01 00:00:00,2,64,6,165.02,0,0,CMP0023
SCH096,2021-11-01 00:00:00,5,195,15,385.86,2,0,CMP0024
SCH096,2021-12-01 00:00:00,1,57,5,132.04,0,0,CMP0025
SCH096,2022-01-01 00:00:00,6,360,24,964.67,1,0,CMP0026
SCH096,2022-02-01 00:00:00,6,348,42,584.64,2,0,CMP0027
SCH096,2022-03-01 00:00:00,7,371,42,880.15,2,0,CMP0028
SCH096,2022-04-01 00:00:00,3,129,12,146.6,1,0,CMP0029
SCH096,2022-05-01 00:00:00,4,164,12,516.55,1,0,CMP0030
SCH096,2022-06-01 00:00:00,4,228,16,243.87,0,0,CMP0031
SCH096,2022-07-01 00:00:00,5,120,30,441.08,0,0,CMP0032
SCH096,2022-08-01 00:00:00,2,108,8,108.14,0,0,CMP0033
SCH096,2022-09-01 00:00:00,2,80,8,91.32,0,0,CMP0034
SCH096,2022-11-01 00:00:00,4,188,16,651.02,1,0,CMP0035
SCH096,2022-12-01 00:00:00,2,72,14,537.29,0,0,CMP0036
SCH096,2023-01-01 00:00:00,4,292,20,817.13,1,0,CMP0037
SCH096,2023-02-01 00:00:00,8,224,24,707.77,1,0,CMP0038
SCH096,2023-03-01 00:00:00,5,365,10,448.3,1,0,CMP0039
SCH096,2023-04-01 00:00:00,3,207,6,82.32,0,0,CMP0040
SCH096,2023-05-01 00:00:00,2,96,4,173.69,0,0,CMP0041
SCH096,2023-06-01 00:00:00,6,444,36,752.63,1,0,CMP0042
SCH096,2023-07-01 00:00:00,4,136,28,986.67,0,0,CMP0043
SCH096,2023-08-01 00:00:00,10,470,20,329.65,3,0,CMP0044
SCH096,2023-09-01 00:00:00,3,237,15,639.46,0,0,CMP0045
SCH096,2023-10-01 00:00:00,6,264,30,278.52,1,0,CMP0046
SCH096,2023-11-01 00:00:00,5,175,15,589.86,1,0,CMP0047
SCH096,2023-12-01 00:00:00,7,252,42,913.99,2,0,CMP0048
SCH096,2024-01-01 00:00:00,9,540,63,1301.33,2,0,CMP0049
SCH096,2024-02-01 00:00:00,4,256,8,166.13,1,0,CMP0050
SCH096,2024-03-01 00:00:00,3,105,15,194.55,0,0,CMP0051
SCH096,2024-04-01 00:00:00,8,352,24,856.43,1,0,CMP0052
SCH096,2024-05-01 00:00:00,5,335,35,1427.56,1,0,CMP0053
SCH096,2024-06-01 00:00:00,4,136,12,390.83,0,0,CMP0054
SCH096,2024-07-01 00:00:00,3,123,18,447.63,0,0,CMP0055
SCH096,2024-08-01 00:00:00,4,284,28,1174.12,1,0,CMP0056
SCH096,2024-09-01 00:00:00,4,272,24,291.47,0,0,CMP0057
SCH096,2024-10-01 00:00:00,2,86,14,606.84,0,0,CMP0058
SCH096,2024-11-01 00:00:00,7,175,21,915.08,1,0,CMP0059
SCH096,2024-12-01 00:00:00,10,730,40,971.91,4,1,CMP0060
SCH096,2025-01-01 00:00:00,4,260,24,843.77,1,0,CMP0061
SCH096,2025-02-01 00:00:00,9,342,45,677.36,2,0,CMP0062
SCH096,2025-03-01 00:00:00,7,343,21,554.01,1,0,CMP0063
SCH096,2025-04-01 00:00:00,6,270,24,481.71,2,0,CMP0064
SCH096,2025-05-01 00:00:00,4,212,24,976.7,1,0,CMP0065
SCH096,2025-06-01 00:00:00,3,78,21,198.16,0,0,CMP0066
SCH096,2025-07-01 00:00:00,6,306,18,509.73,1,0,CMP0067
SCH096,2025-08-01 00:00:00,5,160,30,1333.77,1,0,CMP0068
SCH096,2025-09-01 00:00:00,1,77,7,83.66,0,0,CMP0069
SCH096,2025-10-01 00:00:00,1,58,7,179.77,0,0,CMP0070
SCH096,2025-12-01 00:00:00,7,525,42,1277.72,2,0,CMP0071
SCH096,2026-01-01 00:00:00,2,68,8,158.28,0,0,CMP0072
SCH096,2026-03-01 00:00:00,6,414,30,507.83,0,0,CMP0073
SCH096,2026-04-01 00:00:00,3,78,12,470.01,0,0,CMP0074
SCH096,2026-05-01 00:00:00,7,175,14,343.78,1,0,CMP0075
SCH096,2026-06-01 00:00:00,4,108,16,415.83,0,0,CMP0076
SCH096,2026-07-01 00:00:00,4,168,12,515.14,1,0,CMP0077
SCH097,2021-01-01 00:00:00,3,189,21,931.01,0,0,CMP0078
SCH097,2021-02-01 00:00:00,5,190,20,703.33,1,0,CMP0079
SCH097,2021-03-01 00:00:00,3,189,15,184.17,1,0,CMP0080
SCH097,2021-04-01 00:00:00,7,476,49,1523.38,2,1,CMP0081
SCH097,2021-05-01 00:00:00,4,252,20,851.47,0,0,CMP0082
SCH097,2021-06-01 00:00:00,4,92,20,425.38,1,0,CMP0083
SCH097,2021-07-01 00:00:00,4,292,20,879.61,1,0,CMP0084
SCH097,2021-08-01 00:00:00,6,270,12,380.97,1,0,CMP0085
SCH097,2021-09-01 00:00:00,5,170,15,577.41,1,0,CMP0086
SCH097,2021-10-01 00:00:00,5,390,15,223.79,1,0,CMP0087
SCH097,2021-11-01 00:00:00,9,504,27,329.09,1,0,CMP0088
SCH097,2021-12-01 00:00:00,3,144,6,108.78,0,0,CMP0089
SCH097,2022-01-01 00:00:00,8,336,40,1548.05,3,0,CMP0090
SCH097,2022-03-01 00:00:00,4,200,20,272.3,1,0,CMP0091
SCH097,2022-04-01 00:00:00,3,195,15,392.34,0,0,CMP0092
SCH097,2022-05-01 00:00:00,5,285,25,341.33,1,0,CMP0093
SCH097,2022-06-01 00:00:00,5,375,20,449.06,0,0,CMP0094
SCH097,2022-07-01 00:00:00,5,145,35,997.42,1,0,CMP0095
SCH097,2022-08-01 00:00:00,4,284,24,310.31,1,0,CMP0096
SCH097,2022-09-01 00:00:00,2,44,6,116.69,0,0,CMP0097
SCH097,2022-10-01 00:00:00,7,553,14,468.95,2,0,CMP0098
SCH097,2022-11-01 00:00:00,7,336,21,466.35,2,0,CMP0099
SCH097,2022-12-01 00:00:00,6,444,12,143.09,1,0,CMP0100
SCH097,2023-01-01 00:00:00,7,553,28,998.24,1,0,CMP0101
SCH097,2023-02-01 00:00:00,3,132,15,177.9,1,0,CMP0102
SCH097,2023-03-01 00:00:00,3,222,21,622.13,0,0,CMP0103
SCH097,2023-04-01 00:00:00,3,237,6,206.55,0,0,CMP0104
SCH097,2023-05-01 00:00:00,6,186,24,976.53,1,0,CMP0105
SCH097,2023-06-01 00:00:00,7,406,14,141.55,1,0,CMP0106
SCH097,2023-07-01 00:00:00,5,185,35,775.86,1,0,CMP0107
SCH097,2023-08-01 00:00:00,8,464,32,664.11,1,0,CMP0108
SCH097,2023-09-01 00:00:00,2,128,14,292.41,0,0,CMP0109
SCH097,2023-10-01 00:00:00,5,150,15,358.89,2,0,CMP0110
SCH097,2023-11-01 00:00:00,5,335,10,156.1,2,0,CMP0111
SCH097,2023-12-01 00:00:00,7,161,42,381.41,1,0,CMP0112
SCH097,2024-01-01 00:00:00,4,292,12,389.03,1,0,CMP0113
SCH097,2024-02-01 00:00:00,5,265,35,1131.22,1,0,CMP0114
SCH097,2024-03-01 00:00:00,3,87,15,120.93,1,0,CMP0115
SCH097,2024-04-01 00:00:00,1,57,5,167.04,0,0,CMP0116
SCH097,2024-05-01 00:00:00,11,352,66,2217.77,4,1,CMP0117
SCH097,2024-06-01 00:00:00,7,203,35,882.66,1,0,CMP0118
SCH097,2024-07-01 00:00:00,8,352,48,1491.1,2,0,CMP0119
SCH097,2024-08-01 00:00:00,2,52,14,448.91,0,0,CMP0120
SCH097,2024-09-01 00:00:00,5,100,15,477.11,1,0,CMP0121
SCH097,2024-10-01 00:00:00,4,156,24,585.76,1,0,CMP0122
SCH097,2024-11-01 00:00:00,5,140,30,566.4,0,0,CMP0123
SCH097,2024-12-01 00:00:00,3,84,12,375.76,1,0,CMP0124
SCH097,2025-01-01 00:00:00,4,164,8,307.58,1,0,CMP0125
SCH097,2025-02-01 00:00:00,6,456,12,184.8,1,0,CMP0126
SCH097,2025-03-01 00:00:00,8,280,56,2237.67,1,0,CMP0127
SCH097,2025-04-01 00:00:00,3,198,15,353.76,1,0,CMP0128
SCH097,2025-05-01 00:00:00,2,86,4,59.84,0,0,CMP0129
SCH097,2025-06-01 00:00:00,6,240,30,1311.4,1,0,CMP0130
SCH097,2025-07-01 00:00:00,3,171,12,442.39,1,0,CMP0131
SCH097,2025-08-01 00:00:00,5,325,10,283.85,1,0,CMP0132
SCH097,2025-09-01 00:00:00,4,280,20,363.43,0,0,CMP0133
SCH097,2025-10-01 00:00:00,4,220,8,255.04,1,0,CMP0134
SCH097,2025-11-01 00:00:00,1,39,5,75.69,0,0,CMP0135
SCH097,2025-12-01 00:00:00,4,180,16,415.71,0,0,CMP0136
SCH097,2026-01-01 00:00:00,3,117,15,365.5,0,0,CMP0137
SCH097,2026-02-01 00:00:00,4,128,20,637.99,1,0,CMP0138
SCH097,2026-03-01 00:00:00,3,192,6,152.48,0,0,CMP0139
SCH097,2026-04-01 00:00:00,4,228,28,489.54,0,0,CMP0140
SCH097,2026-05-01 00:00:00,2,96,14,224.78,0,0,CMP0141
SCH097,2026-06-01 00:00:00,5,160,30,1274.04,0,0,CMP0142
SCH097,2026-07-01 00:00:00,7,336,21,803.45,1,0,CMP0143
SCH098,2021-01-01 00:00:00,3,84,18,627.61,0,0,CMP0144
SCH098,2021-02-01 00:00:00,7,462,42,1134.29,2,0,CMP0145
SCH098,2021-03-01 00:00:00,6,402,30,1120.1,1,0,CMP0146
SCH098,2021-04-01 00:00:00,4,252,20,189.14,1,0,CMP0147
SCH098,2021-05-01 00:00:00,4,108,8,283.65,0,0,CMP0148
SCH098,2021-06-01 00:00:00,6,372,12,502.99,1,0,CMP0149
SCH098,2021-07-01 00:00:00,3,219,6,61.76,0,0,CMP0150
SCH098,2021-08-01 00:00:00,2,152,14,245.45,0,0,CMP0151
SCH098,2021-09-01 00:00:00,5,250,35,401.51,1,0,CMP0152
SCH098,2021-10-01 00:00:00,9,189,27,753.14,3,0,CMP0153
SCH098,2021-11-01 00:00:00,6,168,30,730.47,2,0,CMP0154
SCH098,2021-12-01 00:00:00,2,52,12,488.09,0,0,CMP0155
SCH098,2022-01-01 00:00:00,4,260,24,549.93,1,0,CMP0156
SCH098,2022-02-01 00:00:00,8,608,56,1610.51,2,0,CMP0157
SCH098,2022-03-01 00:00:00,5,180,10,200.85,1,0,CMP0158
SCH098,2022-04-01 00:00:00,6,462,30,1282.48,0,0,CMP0159
SCH098,2022-05-01 00:00:00,6,342,24,1017.38,2,0,CMP0160
SCH098,2022-06-01 00:00:00,2,48,14,552.78,0,0,CMP0161
SCH098,2022-07-01 00:00:00,5,320,20,874.19,1,0,CMP0162
SCH098,2022-08-01 00:00:00,2,90,6,73.84,0,0,CMP0163
SCH098,2022-09-01 00:00:00,5,350,20,618.36,1,0,CMP0164
SCH098,2022-10-01 00:00:00,6,168,18,201.71,1,0,CMP0165
SCH098,2022-11-01 00:00:00,5,185,30,290.49,0,0,CMP0166
SCH098,2022-12-01 00:00:00,5,145,35,1195.04,2,0,CMP0167
SCH098,2023-01-01 00:00:00,9,423,63,1040.83,3,1,CMP0168
SCH098,2023-02-01 00:00:00,3,222,12,410.78,0,0,CMP0169
SCH098,2023-03-01 00:00:00,2,154,12,106.31,0,0,CMP0170
SCH098,2023-04-01 00:00:00,9,585,45,1372.29,1,0,CMP0171
SCH098,2023-05-01 00:00:00,3,72,15,263.37,1,0,CMP0172
SCH098,2023-06-01 00:00:00,4,228,16,259.86,0,0,CMP0173
SCH098,2023-07-01 00:00:00,8,192,40,718.68,3,0,CMP0174
SCH098,2023-08-01 00:00:00,3,78,12,381.94,0,0,CMP0175
SCH098,2023-09-01 00:00:00,4,104,16,526.52,1,0,CMP0176
SCH098,2023-10-01 00:00:00,4,220,24,845.12,1,0,CMP0177
SCH098,2023-11-01 00:00:00,5,130,10,239.24,1,0,CMP0178
SCH098,2023-12-01 00:00:00,6,252,18,201.2,1,0,CMP0179
SCH098,2024-01-01 00:00:00,6,366,12,303.36,2,0,CMP0180
SCH098,2024-02-01 00:00:00,1,68,2,76.71,0,0,CMP0181
SCH098,2024-03-01 00:00:00,7,175,28,837.4,2,0,CMP0182
SCH098,2024-04-01 00:00:00,6,186,24,321.83,1,0,CMP0183
SCH098,2024-05-01 00:00:00,6,198,36,978.13,2,0,CMP0184
SCH098,2024-06-01 00:00:00,3,66,15,417.45,0,0,CMP0185
SCH098,2024-07-01 00:00:00,2,108,14,175.52,0,0,CMP0186
SCH098,2024-08-01 00:00:00,3,72,21,463.36,0,0,CMP0187
SCH098,2024-09-01 00:00:00,8,248,56,1742.88,2,0,CMP0188
SCH098,2024-10-01 00:00:00,5,320,25,810.68,1,0,CMP0189
SCH098,2024-11-01 00:00:00,2,122,14,348.22,0,0,CMP0190
SCH098,2024-12-01 00:00:00,4,92,24,555.2,1,0,CMP0191
SCH098,2025-01-01 00:00:00,4,84,28,866.77,1,0,CMP0192
SCH098,2025-02-01 00:00:00,6,306,18,795.35,1,0,CMP0193
SCH098,2025-04-01 00:00:00,8,432,16,240.32,2,0,CMP0194
SCH098,2025-05-01 00:00:00,1,63,5,169.39,0,0,CMP0195
SCH098,2025-06-01 00:00:00,2,128,12,295.54,0,0,CMP0196
SCH098,2025-07-01 00:00:00,7,259,21,208.8,2,0,CMP0197
SCH098,2025-08-01 00:00:00,5,120,30,1324,2,0,CMP0198
SCH098,2025-09-01 00:00:00,5,295,15,167.13,0,0,CMP0199
SCH098,2025-10-01 00:00:00,6,288,42,1746.92,2,0,CMP0200
SCH098,2025-11-01 00:00:00,2,64,14,451.21,0,0,CMP0201
SCH098,2025-12-01 00:00:00,6,336,42,413.72,2,0,CMP0202
SCH098,2026-01-01 00:00:00,8,368,56,1684.99,2,1,CMP0203
SCH098,2026-02-01 00:00:00,6,198,42,616.1,0,0,CMP0204
SCH098,2026-03-01 00:00:00,10,350,40,1325.15,4,1,CMP0205
SCH098,2026-04-01 00:00:00,3,78,9,157.77,0,0,CMP0206
SCH098,2026-05-01 00:00:00,6,312,30,279.27,1,0,CMP0207
SCH098,2026-06-01 00:00:00,1,55,4,49.18,0,0,CMP0208
SCH098,2026-07-01 00:00:00,1,50,4,111.83,0,0,CMP0209
SCH099,2021-01-01 00:00:00,5,390,15,204.83,1,0,CMP0210
SCH099,2021-02-01 00:00:00,7,462,49,594.17,2,0,CMP0211
SCH099,2021-03-01 00:00:00,4,272,24,702.24,1,0,CMP0212
SCH099,2021-04-01 00:00:00,5,245,10,426.58,1,0,CMP0213
SCH099,2021-05-01 00:00:00,6,294,30,1306.36,0,0,CMP0214
SCH099,2021-06-01 00:00:00,8,176,40,512.33,2,1,CMP0215
SCH099,2021-07-01 00:00:00,5,380,30,1143.48,1,0,CMP0216
SCH099,2021-08-01 00:00:00,3,177,15,658.49,0,0,CMP0217
SCH099,2021-09-01 00:00:00,6,360,36,769.19,1,0,CMP0218
SCH099,2021-10-01 00:00:00,9,603,27,390.34,2,0,CMP0219
SCH099,2021-11-01 00:00:00,4,264,8,354.26,1,0,CMP0220
SCH099,2021-12-01 00:00:00,3,147,6,155.67,0,0,CMP0221
SCH099,2022-01-01 00:00:00,6,144,18,408.09,2,1,CMP0222
SCH099,2022-02-01 00:00:00,1,39,7,174.1,0,0,CMP0223
SCH099,2022-03-01 00:00:00,2,80,14,495.1,0,0,CMP0224
SCH099,2022-04-01 00:00:00,4,200,12,124.57,1,0,CMP0225
SCH099,2022-05-01 00:00:00,8,520,16,360.01,1,0,CMP0226
SCH099,2022-06-01 00:00:00,2,90,6,238.9,0,0,CMP0227
SCH099,2022-07-01 00:00:00,1,60,4,150.5,0,0,CMP0228
SCH099,2022-08-01 00:00:00,5,285,35,1548.29,2,1,CMP0229
SCH099,2022-09-01 00:00:00,2,158,14,151.16,0,0,CMP0230
SCH099,2022-10-01 00:00:00,4,164,24,905.88,1,0,CMP0231
SCH099,2022-11-01 00:00:00,1,69,2,22.25,0,0,CMP0232
SCH099,2022-12-01 00:00:00,4,296,16,572.62,0,0,CMP0233
SCH099,2023-01-01 00:00:00,7,539,21,577.1,2,0,CMP0234
SCH099,2023-02-01 00:00:00,5,345,25,411.82,1,0,CMP0235
SCH099,2023-03-01 00:00:00,3,171,12,451.65,0,0,CMP0236
SCH099,2023-04-01 00:00:00,5,145,10,351.54,0,0,CMP0237
SCH099,2023-05-01 00:00:00,2,72,6,121.51,0,0,CMP0238
SCH099,2023-06-01 00:00:00,3,117,18,470.1,1,0,CMP0239
SCH099,2023-07-01 00:00:00,8,304,16,470.54,1,0,CMP0240
SCH099,2023-08-01 00:00:00,6,198,12,337.59,1,0,CMP0241
SCH099,2023-09-01 00:00:00,10,430,20,456.4,2,0,CMP0242
SCH099,2023-10-01 00:00:00,4,244,24,423.83,1,0,CMP0243
SCH099,2023-11-01 00:00:00,2,148,14,488.21,0,0,CMP0244
SCH099,2023-12-01 00:00:00,5,320,35,969.71,2,0,CMP0245
SCH099,2024-01-01 00:00:00,2,44,6,60.23,0,0,CMP0246
SCH099,2024-02-01 00:00:00,1,39,5,61.36,0,0,CMP0247
SCH099,2024-03-01 00:00:00,1,37,3,36.1,0,0,CMP0248
SCH099,2024-04-01 00:00:00,4,184,12,213.64,0,0,CMP0249
SCH099,2024-05-01 00:00:00,3,159,6,186.97,1,0,CMP0250
SCH099,2024-06-01 00:00:00,6,402,42,686.78,2,0,CMP0251
SCH099,2024-07-01 00:00:00,4,316,8,161.24,1,0,CMP0252
SCH099,2024-08-01 00:00:00,3,228,6,164.1,0,0,CMP0253
SCH099,2024-09-01 00:00:00,6,324,42,1473.07,2,1,CMP0254
SCH099,2024-10-01 00:00:00,3,120,12,516.82,1,0,CMP0255
SCH099,2024-11-01 00:00:00,5,250,20,620.77,1,0,CMP0256
SCH099,2024-12-01 00:00:00,2,84,8,130.82,0,0,CMP0257
SCH099,2025-01-01 00:00:00,6,432,36,1422.48,1,0,CMP0258
SCH099,2025-02-01 00:00:00,3,198,15,673,0,0,CMP0259
SCH099,2025-03-01 00:00:00,5,100,35,782.78,0,0,CMP0260
SCH099,2025-04-01 00:00:00,1,29,4,46.27,0,0,CMP0261
SCH099,2025-05-01 00:00:00,3,174,12,522.07,0,0,CMP0262
SCH099,2025-06-01 00:00:00,5,115,20,657.6,1,0,CMP0263
SCH099,2025-07-01 00:00:00,4,216,20,284.69,1,0,CMP0264
SCH099,2025-08-01 00:00:00,3,171,6,112.05,0,0,CMP0265
SCH099,2025-09-01 00:00:00,5,190,30,683.87,0,0,CMP0266
SCH099,2025-10-01 00:00:00,5,130,10,333.84,2,0,CMP0267
SCH099,2025-11-01 00:00:00,7,252,14,514.76,1,0,CMP0268
SCH099,2025-12-01 00:00:00,2,48,12,348.16,0,0,CMP0269
SCH099,2026-01-01 00:00:00,9,513,45,431.64,3,1,CMP0270
SCH099,2026-02-01 00:00:00,5,115,25,521.97,1,0,CMP0271
SCH099,2026-03-01 00:00:00,6,132,12,372.68,1,0,CMP0272
SCH099,2026-04-01 00:00:00,9,342,45,688.39,1,0,CMP0273
SCH099,2026-05-01 00:00:00,7,350,21,487.51,2,0,CMP0274
SCH099,2026-06-01 00:00:00,4,100,24,664.74,1,0,CMP0275
SCH099,2026-07-01 00:00:00,7,546,42,1239.74,1,0,CMP0276
SCH100,2021-01-01 00:00:00,6,450,24,921.04,1,0,CMP0277
SCH100,2021-02-01 00:00:00,7,203,28,661.68,3,1,CMP0278
SCH100,2021-03-01 00:00:00,6,450,24,251.66,1,0,CMP0279
SCH100,2021-04-01 00:00:00,4,232,12,105.19,1,0,CMP0280
SCH100,2021-05-01 00:00:00,5,315,15,539.69,1,0,CMP0281
SCH100,2021-06-01 00:00:00,2,148,4,154.65,0,0,CMP0282
SCH100,2021-07-01 00:00:00,7,364,21,917.03,1,0,CMP0283
SCH100,2021-08-01 00:00:00,4,260,12,284.49,1,0,CMP0284
SCH100,2021-09-01 00:00:00,4,244,24,574.44,1,0,CMP0285
SCH100,2021-10-01 00:00:00,2,126,10,398.07,0,0,CMP0286
SCH100,2021-11-01 00:00:00,7,413,49,701.86,1,0,CMP0287
SCH100,2021-12-01 00:00:00,1,71,7,209.5,0,0,CMP0288
SCH100,2022-01-01 00:00:00,8,536,32,1073,1,0,CMP0289
SCH100,2022-02-01 00:00:00,2,140,4,52.96,0,0,CMP0290
SCH100,2022-03-01 00:00:00,6,240,18,735.15,0,0,CMP0291
SCH100,2022-04-01 00:00:00,7,224,42,1267.42,1,0,CMP0292
SCH100,2022-05-01 00:00:00,7,448,14,522.88,1,0,CMP0293
SCH100,2022-06-01 00:00:00,8,336,40,503.94,3,1,CMP0294
SCH100,2022-07-01 00:00:00,9,234,63,1282.92,2,0,CMP0295
SCH100,2022-08-01 00:00:00,6,282,30,1247.42,2,0,CMP0296
SCH100,2022-09-01 00:00:00,3,93,12,293.27,0,0,CMP0297
SCH100,2022-10-01 00:00:00,2,94,8,213.05,0,0,CMP0298
SCH100,2022-11-01 00:00:00,2,94,10,369.36,0,0,CMP0299
SCH100,2022-12-01 00:00:00,2,44,12,293.09,0,0,CMP0300
SCH100,2023-01-01 00:00:00,6,270,12,223.71,1,0,CMP0001
SCH100,2023-02-01 00:00:00,3,156,12,341.58,0,0,CMP0002
SCH100,2023-03-01 00:00:00,4,272,16,132.39,1,0,CMP0003
SCH100,2023-04-01 00:00:00,7,231,35,1220.33,1,0,CMP0004
SCH100,2023-05-01 00:00:00,5,215,35,1435.97,1,0,CMP0005
SCH100,2023-06-01 00:00:00,8,584,48,1908.71,2,0,CMP0006
SCH100,2023-07-01 00:00:00,5,260,30,1069.17,1,0,CMP0007
SCH100,2023-08-01 00:00:00,4,164,8,285.73,0,0,CMP0008
SCH100,2023-09-01 00:00:00,2,60,12,253.64,0,0,CMP0009
SCH100,2023-10-01 00:00:00,1,74,5,170.56,0,0,CMP0010
SCH100,2023-11-01 00:00:00,4,280,24,1049.02,0,0,CMP0011
SCH100,2023-12-01 00:00:00,4,156,8,296.2,1,0,CMP0012
SCH100,2024-01-01 00:00:00,4,96,24,375.4,1,0,CMP0013
SCH100,2024-02-01 00:00:00,11,649,22,261.04,2,1,CMP0014
SCH100,2024-03-01 00:00:00,1,22,2,76.28,0,0,CMP0015
SCH100,2024-04-01 00:00:00,5,190,15,171.29,2,0,CMP0016
SCH100,2024-05-01 00:00:00,9,675,45,1177.54,2,0,CMP0017
SCH100,2024-06-01 00:00:00,5,235,25,489.04,1,0,CMP0018
SCH100,2024-07-01 00:00:00,7,217,14,283.78,2,0,CMP0019
SCH100,2024-08-01 00:00:00,5,110,30,428.31,1,0,CMP0020
SCH100,2024-09-01 00:00:00,7,504,35,791.15,1,0,CMP0021
SCH100,2024-10-01 00:00:00,6,462,42,1787.88,2,0,CMP0022
SCH100,2024-11-01 00:00:00,2,112,4,74.12,0,0,CMP0023
SCH100,2024-12-01 00:00:00,3,198,12,275.86,0,0,CMP0024
SCH100,2025-01-01 00:00:00,9,405,36,641.62,2,0,CMP0025
SCH100,2025-02-01 00:00:00,2,84,10,421.8,0,0,CMP0026
SCH100,2025-03-01 00:00:00,6,366,42,1313.18,2,0,CMP0027
SCH100,2025-04-01 00:00:00,2,126,8,125.99,0,0,CMP0028
SCH100,2025-05-01 00:00:00,3,174,12,354.39,0,0,CMP0029
SCH100,2025-06-01 00:00:00,4,212,28,1039.57,0,0,CMP0030
SCH100,2025-07-01 00:00:00,4,292,8,82.58,1,0,CMP0031
SCH100,2025-09-01 00:00:00,4,104,20,546.1,1,0,CMP0032
SCH100,2025-10-01 00:00:00,5,390,20,364.68,1,0,CMP0033
SCH100,2025-11-01 00:00:00,4,220,28,314.47,1,0,CMP0034
SCH100,2025-12-01 00:00:00,3,120,6,177.83,0,0,CMP0035
SCH100,2026-01-01 00:00:00,7,553,21,717.74,1,0,CMP0036
SCH100,2026-02-01 00:00:00,2,74,8,194.86,0,0,CMP0037
SCH100,2026-03-01 00:00:00,3,180,12,296.37,0,0,CMP0038
SCH100,2026-04-01 00:00:00,5,345,20,506.35,1,0,CMP0039
SCH100,2026-05-01 00:00:00,7,217,21,762.21,2,0,CMP0040
SCH100,2026-06-01 00:00:00,2,104,4,67.65,0,0,CMP0041
SCH100,2026-07-01 00:00:00,5,130,25,628.74,1,0,CMP0042
